-- phpMyAdmin SQL Dump
-- version 4.6.6deb4
-- https://www.phpmyadmin.net/
--
-- Host: localhost:3306
-- Czas generowania: 29 Kwi 2020, 23:03
-- Wersja serwera: 8.0.19
-- Wersja PHP: 7.4.2

SET SQL_MODE = "NO_AUTO_VALUE_ON_ZERO";
SET time_zone = "+00:00";


/*!40101 SET @OLD_CHARACTER_SET_CLIENT=@@CHARACTER_SET_CLIENT */;
/*!40101 SET @OLD_CHARACTER_SET_RESULTS=@@CHARACTER_SET_RESULTS */;
/*!40101 SET @OLD_COLLATION_CONNECTION=@@COLLATION_CONNECTION */;
/*!40101 SET NAMES utf8mb4 */;

--
-- Baza danych: `culture_vein`
--

-- --------------------------------------------------------

--
-- Struktura tabeli dla tabeli `artist`
--

CREATE TABLE `artist` (
  `artist_slug_id` varchar(255) NOT NULL,
  `name` varchar(100) NOT NULL,
  `created_at` timestamp NULL DEFAULT CURRENT_TIMESTAMP
) ENGINE=InnoDB DEFAULT CHARSET=utf8;

--
-- Zrzut danych tabeli `artist`
--

INSERT INTO `artist` (`artist_slug_id`, `name`) VALUES
('18-tede', '18. Tede'),
('2pac', '2Pac'),
('5-seconds-of-summer', '5 Seconds Of Summer'),
('50-cent', '50 Cent'),
('a-great-big-world', 'A Great Big World'),
('a-tribe-called-quest', 'A Tribe Called Quest'),
('abba', 'Abba'),
('adam-ant', 'Adam Ant'),
('adema', 'Adema'),
('aerosmith', 'Aerosmith'),
('afroman', 'Afroman'),
('after-school', 'After School'),
('alesso', 'Alesso'),
('alex-clare', 'Alex Clare'),
('alex-gaudino-feat-shena', 'Alex Gaudino Feat.  Shena'),
('alexander-lewis', 'Alexander Lewis'),
('alexandra-stan', 'Alexandra Stan'),
('alien-ant-farm', 'Alien Ant Farm'),
('alt-j', 'alt-J'),
('american-authors', 'American Authors'),
('andra', 'Andra'),
('andrzej-piaseczny', 'Andrzej Piaseczny'),
('angular-4-in-60-minutes', 'Angular 4 In 60 Minutes'),
('aqua', 'Aqua'),
('arcade-fire', 'Arcade Fire'),
('architecture-in-helsinki', 'Architecture In Helsinki'),
('arctic-monkeys', 'Arctic Monkeys'),
('ariana-grande', 'Ariana Grande'),
('armin-van-buuren', 'Armin Van Buuren'),
('armin-van-buuren-feat-trevor-guthrie', 'Armin Van Buuren Feat. Trevor Guthrie'),
('avicii', 'Avicii'),
('avicii-vs-conrad-sewell', 'Avicii Vs. Conrad Sewell'),
('avicii-vs-nicky-romero', 'Avicii Vs Nicky Romero'),
('avril-lavigne', 'Avril Lavigne'),
('axel-thesleff', 'Axel Thesleff'),
('bambo-the-smuggler', 'Bambo the Smuggler'),
('barns-courtney', 'Barns Courtney'),
('basshunter', 'Basshunter'),
('bassjackers-ft-luciana', 'Bassjackers Ft. Luciana'),
('basto', 'Basto'),
('battles', 'Battles'),
('beast', 'BEAST'),
('beastie-boys', 'Beastie Boys'),
('bebe-rexha', 'Bebe Rexha'),
('bedoes-kubi-producent', 'Bedoes & Kubi Producent'),
('beez', 'Beez'),
('behemoth', 'Behemoth'),
('benny-benassi', 'Benny Benassi'),
('berlin', 'Berlin'),
('beyonce', 'Beyoncé'),
('bialas', 'Białas'),
('biffy-clyro', 'Biffy Clyro'),
('billy-talent', 'Billy Talent'),
('blackpink', 'BLACKPINK'),
('blasterjaxx', 'Blasterjaxx'),
('blink-182', 'Blink-182'),
('blockhead', 'Blockhead'),
('blood-duster', 'Blood Duster'),
('bloodhound-gang', 'Bloodhound Gang'),
('blur', 'Blur'),
('bob-sinclar', 'Bob Sinclar'),
('bokka', 'BOKKA'),
('bomba-estereo', 'Bomba Estéreo'),
('bomfunk-mc-s', 'Bomfunk Mc\'s'),
('bon-jovi', 'Bon Jovi'),
('bonus-rpk', 'Bonus Rpk'),
('bonus-rpk-arczi-szajka', 'Bonus Rpk & Arczi Szajka'),
('bonus-rpk-cs', 'Bonus Rpk / Cs'),
('boom', 'Boom'),
('boomkat', 'Boomkat'),
('boss-fight-ft-justin-roiland', 'Boss Fight (Ft. Justin Roiland)'),
('bosski-feat-sokol', 'Bosski'),
('boy6lue', 'Boy6lue'),
('boys-summertime-love', 'Boys (Summertime Love)'),
('britney-spears', 'Britney Spears'),
('brooke-candy', 'Brooke Candy'),
('bruno-mars', 'Bruno Mars'),
('bts', 'BTS'),
('buckner-garcia', 'Buckner & Garcia'),
('buckner-garcia-feat-jace-hall', 'Buckner & Garcia feat. Jace Hall'),
('bullet-for-my-valentine', 'Bullet For My Valentine'),
('burak-yeter', 'Burak Yeter'),
('busta-rhymes-mariah-carey', 'Busta Rhymes, Mariah Carey'),
('calvin-harris', 'Calvin Harris'),
('calvin-harris-disciples', 'Calvin Harris & Disciples'),
('canibus', 'Canibus'),
('capital-cities', 'Capital Cities'),
('caravan-palace', 'Caravan Palace'),
('cassius', 'Cassius'),
('chairlift', 'Chairlift'),
('charlie-puth', 'Charlie Puth'),
('chet-faker', 'Chet Faker'),
('childish-gambino', 'Childish Gambino'),
('chillwagon', 'chillwagon'),
('chris-brown', 'Chris Brown'),
('chvrches', 'Chvrches'),
('ciemna-strefa', 'Ciemna Strefa'),
('clean-bandit', 'Clean Bandit'),
('cobra-starship', 'Cobra Starship'),
('coldplay', 'Coldplay'),
('covers', 'Covers'),
('craig-campbell', 'Craig Campbell'),
('cursive', 'Cursive'),
('cypress-hill', 'Cypress Hill'),
('d12', 'D12'),
('da-hool-feat-jay-cless', 'Da Hool feat. Jay Cless'),
('daft-punk', 'Daft Punk'),
('danzig', 'Danzig'),
('darlingside', 'Darlingside'),
('darude', 'Darude'),
('das-racist', 'Das Racist'),
('david-guetta-ft-justin-bieber', 'David Guetta Ft Justin Bieber'),
('david-guetta-martin-garrix-brooks', 'David Guetta, Martin Garrix & Brooks'),
('david-hasselhoff', 'David Hasselhoff'),
('david-zowie', 'David Zowie'),
('dawid-podsiadlo', 'Dawid Podsiadlo'),
('death-cab-for-cutie', 'Death Cab For Cutie'),
('deemz-x-bedoes-x-planbe', 'Deemz X Bedoes X Planbe'),
('def-leppard', 'DEF LEPPARD'),
('deobson', 'Deobson'),
('die-aerzte', 'Die Ärzte'),
('die-antwoord', 'Die Antwoord'),
('diplo-feat-lazerdisk-party-sex', 'Diplo feat. Lazerdisk Party Sex'),
('dire-straits', 'Dire Straits'),
('disclosure', 'Disclosure'),
('dixo37-feat-hemp-gru-jlb', 'Dixo37 feat. Hemp Gru JLB'),
('dixon37-napalm-grupa', 'Dixon37 Napalm Grupa'),
('dj-fresh', 'Dj Fresh'),
('dj-jazzy-jeff-the-fresh-prince', 'Dj Jazzy Jeff & The Fresh Prince'),
('dj-pasza-x-kuban', 'Dj Pasza X Kuban'),
('dj-snake-ft-justin-bieber', 'Dj Snake Ft. Justin Bieber'),
('dm4-boski', 'DM4 - Boski'),
('dm4-bosski-pih', 'DM4 - Bosski, PIH'),
('dmn-feat-malik-montana', 'DMN feat. Malik Montana'),
('don-diablo', 'Don Diablo'),
('doniu', 'Doniu'),
('dr-dre', 'Dr. Dre'),
('dr-dre-ft-snoop-dogg-kurupt-nate-dogg', 'Dr. Dre ft. Snoop Dogg, Kurupt, Nate Dogg'),
('drive-by-truckers', 'Drive-By Truckers'),
('druzyna-mistrzow', 'Drużyna Mistrzów'),
('druzynamistrzow3-bosski-sobota', 'Drużynamistrzów3-Bosski & Sobota'),
('duke-dumont', 'Duke Dumont'),
('dye', 'DyE'),
('dziergi', 'Dziergi'),
('earl-sweatshirt', 'Earl Sweatshirt'),
('ed-sheeran', 'Ed Sheeran'),
('eisenfunk', 'Eisenfunk'),
('ellie-goulding-diplo-swae-lee', 'Ellie Goulding, Diplo, Swae Lee'),
('elliphant', 'Elliphant'),
('elton-john', 'Elton John'),
('eminem', 'Eminem'),
('enrique-iglesias', 'Enrique Iglesias'),
('enrique-iglesias-usher', 'Enrique Iglesias, Usher'),
('eric-prydz', 'Eric Prydz'),
('eurythmics', 'Eurythmics'),
('fair-weather-friends', 'Fair Weather Friends'),
('fall-out-boy', 'Fall Out Boy'),
('family-force-5', 'Family Force 5'),
('farruko', 'Farruko'),
('faster', 'Faster'),
('fat-joe-remy-ma-french-montana', 'Fat Joe, Remy Ma, French Montana'),
('fazi', 'Fazi'),
('fergie', 'Fergie'),
('fetty-wap', 'Fetty Wap'),
('fifth-harmony', 'Fifth Harmony'),
('five', 'Five'),
('five-finger-death-punch', 'Five Finger Death Punch'),
('fka-twigs', 'FKA twigs'),
('flairs', 'Flairs'),
('flume', 'Flume'),
('foo-fighters', 'Foo Fighters'),
('fountains-of-wayne', 'Fountains Of Wayne'),
('french-montana', 'French Montana'),
('gain', 'Gain'),
('gang-albanii', 'Gang Albanii'),
('gente-de-zona', 'Gente De Zona'),
('geri-halliwell', 'Geri Halliwell'),
('girli', 'GIRLI'),
('goat', 'GOAT'),
('goldfish', 'Goldfish'),
('golf-boys', 'Golf Boys'),
('good-shoes', 'Good Shoes'),
('grace-vanderwaal', 'Grace VanderWaal'),
('grauzone', 'Grauzone'),
('green-day', 'Green Day'),
('grzegorz-stawicki', 'Grzegorz Stawicki'),
('guava-juice', 'Guava Juice'),
('gucci-mane', 'Gucci Mane'),
('guns-n-roses', 'Guns N\' Roses'),
('gunship', 'Gunship'),
('guzior-ft-reto', 'GUZIOR ft. ReTo'),
('gwen-stefani', 'Gwen Stefani'),
('hans-solo', 'Hans Solo'),
('hasta-el-amanecer', 'Hasta El Amanecer'),
('hd-of-bearfaced', 'HD Of Bearfaced'),
('herbert-groenemeyer', 'Herbert Grönemeyer'),
('hole', 'Hole'),
('hollerado', 'HOLLERADO'),
('home-and-dry', 'Home And Dry'),
('hot-chip', 'Hot Chip'),
('hst-ft-fokus', 'Hst Ft. Fokus'),
('ice-cube', 'Ice Cube'),
('imagine-dragons', 'Imagine Dragons'),
('imbro-manaj', 'Imbro Manaj'),
('iron-maiden', 'Iron Maiden'),
('is-tropical', 'Is Tropical'),
('iyla', 'iyla'),
('j-cole', 'J. Cole'),
('j-dilla', 'J Dilla'),
('jacob-sartorius', 'Jacob Sartorius'),
('jak-dziala-jamniczek', 'Jak Działa Jamniczek'),
('jake-paul', 'Jake Paul'),
('jarecki', 'Jarecki'),
('jay-eskar-justin-petti', 'Jay Eskar & Justin Petti'),
('jazmin-bean', 'Jazmin Bean'),
('jean-baptiste-lorent', 'Jean Baptiste Lorent'),
('jennifer-lopez', 'Jennifer Lopez'),
('jessica-simpson', 'Jessica Simpson'),
('jimmy-eat-world', 'Jimmy Eat World'),
('jolin-tsai', 'Jolin Tsai'),
('jonas-blue', 'Jonas Blue'),
('judas-priest', 'Judas Priest'),
('judith-holofernes-feat-maeckes', 'Judith Holofernes Feat. Maeckes'),
('junior-senior', 'Junior Senior'),
('jurad', 'Jurad'),
('juras', 'Juras'),
('justin-timberlake', 'Justin Timberlake'),
('kacey-musgraves', 'Kacey Musgraves'),
('kakkmaddafakka', 'Kakkmaddafakka'),
('kanye-west', 'Kanye West'),
('katy-perry', 'Katy Perry'),
('kaytranada', 'Kaytranada'),
('kaz-balagane-ft-belmondo', 'Kaz Bałagane Ft. Belmondo'),
('keith-apicary', 'Keith Apicary'),
('keke', 'Kękę'),
('kelis', 'Kelis'),
('kelly-maglia', 'Kelly Maglia'),
('kendrick-lamar', 'Kendrick Lamar'),
('kid-cudi', 'Kid Cudi'),
('kid-cudi-vs-crookers', 'Kid Cudi Vs Crookers'),
('kid-rock', 'Kid Rock'),
('kokab', 'Kokab'),
('komil-x-essex', 'Komil X Essex'),
('komodo', 'Komodo'),
('kordian', 'KORDIAN'),
('korn', 'Korn'),
('kreayshawn', 'Kreayshawn'),
('kris-menace-lifelike', 'Kris Menace & Lifelike'),
('krzysztof-krawczyk-goran-bregovic', 'Krzysztof Krawczyk & Goran Bregovic'),
('krzysztof-napiorkowski', 'Krzysztof Napiorkowski'),
('ksiaze-kapota', 'KSIĄŻĘ KAPOTA'),
('kuba-knap', 'Kuba Knap'),
('kuban', 'Kuban'),
('kuban-x-essex', 'Kuban X Essex'),
('kubanczyk', 'KUBAŃCZYK'),
('kurtis-blow', 'Kurtis Blow'),
('kylie-minogue', 'Kylie Minogue'),
('kyper', 'Kyper'),
('lady-gaga', 'Lady Gaga'),
('laki-lan', 'Łąki Łan'),
('layla', 'Layla'),
('lenny-kravitz', 'Lenny Kravitz'),
('lil-kim', 'Lil\' Kim'),
('lil-pump', 'Lil Pump'),
('lil-wayne', 'Lil Wayne'),
('lil-xan', 'Lil Xan'),
('limp-bizkit', 'Limp Bizkit'),
('linkin-park', 'Linkin Park'),
('lit', 'Lit'),
('litosc-to-zbrodnia', 'Litość To Zbrodnia'),
('lmfao', 'LMFAO'),
('lopez', 'Lopez'),
('loud-luxury-ft-nikki-s-wives', 'Loud Luxury Ft. Nikki\'s Wives'),
('ludacris', 'Ludacris'),
('luki', 'Luki'),
('luna', 'ЛУНА'),
('luscious-jackson', 'Luscious Jackson'),
('m-i-a', 'M.I.A.'),
('ma-ns-zelmerlo-w', 'Måns Zelmerlöw'),
('mac-miller', 'Mac Miller'),
('madonna', 'Madonna'),
('major-lazer', 'Major Lazer'),
('major-x-matheo', 'Major x Matheo'),
('malik-montana', 'Malik Montana'),
('maluma', 'Maluma'),
('mandarinki', 'Mandarinki'),
('manic-street-preachers', 'Manic Street Preachers'),
('mansun', 'Mansun'),
('marcin-czerwinski', 'Marcin Czerwiński'),
('marcus-martinus', 'Marcus & Martinus'),
('margaret', 'Margaret'),
('marilyn-manson', 'Marilyn Manson'),
('marky-mark', 'Marky Mark'),
('maroon-5', 'Maroon 5'),
('marshmello-anne-marie', 'Marshmello & Anne-marie'),
('marteria', 'Marteria'),
('martin-solveig', 'Martin Solveig'),
('martin-solveig-dragonette', 'Martin Solveig & Dragonette'),
('mason-vs-princess-superstar', 'Mason vs Princess Superstar'),
('mata-feat-yah00', 'Mata feat. Yah00'),
('matisyahu', 'Matisyahu'),
('matt-ox', 'MATT OX'),
('mayer-hawthorne', 'Mayer Hawthorne'),
('mech', 'Mech'),
('mee-and-the-band', 'Mee And The Band'),
('men-i-trust', 'Men I Trust'),
('mercury-rev', 'Mercury Rev'),
('metallica', 'Metallica'),
('metronomy', 'Metronomy'),
('mgmt', 'MGMT'),
('michael-buble', 'Michael Bublé'),
('michael-jackson', 'Michael Jackson'),
('michael-penn', 'Michael Penn'),
('michalina-starosta', 'Michalina Starosta'),
('miike-snow', 'Miike Snow'),
('mike-perry', 'Mike Perry'),
('mike-posner', 'Mike Posner'),
('miley-cyrus', 'Miley Cyrus'),
('milky-chance', 'Milky Chance'),
('mitch-rossell', 'Mitch Rossell'),
('mlbb', 'MLBB'),
('mlody', 'Młody'),
('moby', 'Moby'),
('moby-the-void-pacific-choir', 'Moby & The Void Pacific Choir'),
('modjo', 'Modjo'),
('moe', 'Mø'),
('moe-dollaz', 'Moe Dollaz'),
('moetley-cruee', 'Mötley Crüe'),
('molesta-ewenement', 'Molesta Ewenement'),
('mr-oizo', 'Mr. Oizo'),
('mr-polska', 'Mr.Polska'),
('mrozu', 'Mrozu'),
('murray-head', 'Murray Head'),
('music-instructor-feat-lunatics-abe-flying-steps', 'Music Instructor feat. Lunatics, Abe & Flying Steps'),
('my-darkest-days', 'My Darkest Days'),
('my-darkest-days-ft-ludacris-zakk-wylde', 'My Darkest Days ft. Ludacris, Zakk Wylde'),
('my-riot', 'My Riot'),
('myslovitz', 'Myslovitz'),
('n-e-r-d', 'N.E.R.D.'),
('nadeah', 'Nadéah'),
('nancy-sinatra', 'Nancy Sinatra'),
('nas', 'Nas'),
('natalia-nykiel', 'Natalia Nykiel'),
('nayan', 'Nayan'),
('ne-yo', 'Ne-Yo'),
('nero', 'Nero'),
('new-order', 'New Order'),
('new-radicals', 'New Radicals'),
('nick-cave-the-bad-seeds', 'Nick Cave & The Bad Seeds'),
('nicki-minaj', 'Nicki Minaj'),
('niklas-ibach', 'Niklas Ibach'),
('nina-simone', 'Nina Simone'),
('nirvana', 'Nirvana'),
('no-doubt', 'No Doubt'),
('nuits-d-etoiles', 'Nuits D\'etoiles'),
('o-s-t-r', 'O.S.T.R.'),
('o-s-t-r-hades', 'O.S.T.R & Hades'),
('o-s-t-r-world-of-tanks-feat-zywiolak', 'O.S.T.R. & World of Tanks feat. Żywiołak'),
('o-t-genasis', 'O.T. Genasis'),
('oh-wonder', 'Oh Wonder'),
('ok-go', 'Ok Go'),
('olivia-newton-john', 'Olivia Newton-John'),
('omi', 'Omi'),
('one-direction', 'One Direction'),
('ostry-bezimienni-ft-kali-juras-pih-nest-beatz-remix', 'Ostry (Bezimienni) Ft. Kali, Juras, Pih, Nest Beatz Remix'),
('outkast', 'OutKast'),
('paluch', 'Paluch'),
('paolo-nutini', 'Paolo Nutini'),
('parov-stelar-feat-marvin-gaye', 'Parov Stelar Feat. Marvin Gaye'),
('partynextdoor', 'Partynextdoor'),
('paul-mccartney', 'Paul Mccartney'),
('penx', 'Penx'),
('peter-bjorn-and-john', 'Peter Bjorn And John'),
('pezet', 'Pezet'),
('pezet-czarny-hifi', 'Pezet & Czarny Hifi'),
('pezet-x-jimek-nie-musze-wracac', 'Pezet X Jimek \"Nie Muszę Wracać\"'),
('pharrell-williams', 'Pharrell Williams'),
('phora', 'Phora'),
('pitbull', 'Pitbull'),
('plomien-81', 'Płomień 81'),
('pod-gradobiciem-pytan', 'Pod Gradobiciem Pytań'),
('pokahontaz', 'Pokahantaz'),
('pokahontaz-ft-bob-one', 'Pokahontaz Ft. Bob One'),
('pokahontaz-ft-kaliber-44', 'Pokahontaz Ft. Kaliber 44'),
('popek-x-matheo', 'Popek X Matheo'),
('portugal-the-man', 'Portugal. The Man'),
('press-play-on-tape', 'Press Play On Tape'),
('princess-chelsea', 'Princess Chelsea'),
('puscifer', 'Puscifer'),
('qbik', 'Qbik'),
('quebonafide', 'Quebonafide'),
('quebonafide-ft-planbe', 'Quebonafide Ft. Planbe'),
('queen', 'Queen'),
('queens-of-the-stone-age', 'Queens Of The Stone Age'),
('radiohead', 'Radiohead'),
('rae-sremmurd', 'Rae Sremmurd'),
('rae-sremmurd-ft-nicki-minaj-young-thug', 'Rae Sremmurd ft. Nicki Minaj, Young Thug'),
('rahim-pokahontaz', 'Rahim / Pokahontaz'),
('rapoholika', 'Rapoholika'),
('red-hot-chili-peppers', 'Red Hot Chili Peppers'),
('rest-dix37-x-dudek-p56', 'Rest Dix37 X Dudek P56'),
('reto', 'Reto'),
('rich-the-kid', 'Rich The Kid'),
('rick-astley', 'Rick Astley'),
('ricky-martin', 'Ricky Martin'),
('riff-raff', 'Riff Raff'),
('right-said-fred', 'Right Said Fred'),
('rihanna', 'Rihanna'),
('robbie-rivera-feat-vinny-z', 'Robbie Rivera Feat. Vinny Z'),
('robbie-williams', 'Robbie Williams'),
('rogal-ddl', 'ROGAL DDL'),
('ronan-keating', 'Ronan Keating'),
('roundtable-rival', 'Roundtable Rival'),
('route-94', 'Route 94'),
('roxette', 'Roxette'),
('royal-republic', 'Royal Republic'),
('rudimental', 'Rudimental'),
('sabaton', 'SABATON'),
('sabrina-carpenter', 'Sabrina Carpenter'),
('sak-noel', 'Sak Noel'),
('samoe-bolshoe-prostoe-chislo', 'Самое Большое Простое Число'),
('schoolboy-q', 'ScHoolboy Q'),
('scky-rei', 'Scky Rei'),
('secondcity', 'Secondcity'),
('serebro', 'Serebro'),
('shawn-mendees-zedd', 'Shawn Mendees, Zedd'),
('sheryl-crow', 'Sheryl Crow'),
('sia', 'Sia'),
('sigala', 'Sigala'),
('skrillex-rick-ross', 'Skrillex & Rick Ross'),
('skunk-anansie', 'Skunk Anansie'),
('slightly-left-of-centre', 'Slightly Left Of Centre'),
('slon', 'Słoń'),
('smolaty', 'Smolaty'),
('snoop-dogg', 'Snoop Dogg'),
('snoop-dogg-wiz-khalifa', 'Snoop Dogg & Wiz Khalifa '),
('snow-patrol', 'Snow Patrol'),
('sohn', 'Sohn'),
('solar-bialas-ft-wac-toja', 'Solar/białas Ft. Wac Toja'),
('sonic-for-hire', 'Sonic For Hire'),
('sonic-youth', 'Sonic Youth'),
('steel-panther', 'Steel Panther'),
('steve-aoki', 'Steve Aoki'),
('stone-sour', 'Stone Sour'),
('stunheart', 'Stunheart'),
('sublime', 'Sublime'),
('sum-41', 'Sum 41'),
('take-that', 'Take That'),
('tame-impala', 'Tame Impala'),
('tarja-no-bitter-end-official-music-video', 'Tarja No Bitter End Official Music Video'),
('taylor-swift', 'Taylor Swift'),
('tede', 'Tede'),
('tede-sir-mich', 'Tede & Sir Mich'),
('telepopmusik', 'Telepopmusik'),
('ten-typ-mes', 'Ten Typ Mes'),
('tenacious-d', 'Tenacious D '),
('tessa-violet', 'Tessa Violet'),
('the-ataris', 'The Ataris'),
('the-avalanches', 'The Avalanches'),
('the-avener', 'The Avener'),
('the-band-perry', 'The Band Perry'),
('the-black-eyed-peas', 'The Black Eyed Peas'),
('the-cardigans', 'The Cardigans'),
('the-chainsmokers', 'The Chainsmokers'),
('the-chainsmokers-coldplay', 'The Chainsmokers & Coldplay'),
('the-chemical-brothers', 'The Chemical Brothers'),
('the-cranberries', 'The Cranberries'),
('the-fjords', 'The Fjords'),
('the-giraffes', 'The Giraffes'),
('the-immortals', 'The Immortals'),
('the-killers', 'The Killers'),
('the-kills', 'The Kills'),
('the-kooks', 'The Kooks'),
('the-last-artful-dodgr-neill-von-tally', 'The Last Artful, Dodgr & Neill Von Tally'),
('the-magician', 'The Magician'),
('the-moth-the-flame', 'The Moth & The Flame'),
('the-music', 'The Music'),
('the-notorious-b-i-g', 'The Notorious B.I.G'),
('the-offspring', 'The Offspring'),
('the-party-anthem', 'The Party Anthem'),
('the-shins', 'The Shins'),
('the-sixpounder', 'The Sixpounder'),
('the-smashing-pumpkins', 'The Smashing Pumpkins'),
('the-weeknd', 'The Weeknd'),
('tiger-lilly', 'Tiger Lilly'),
('tim-berg', 'Tim Berg'),
('timati-i-l-one', 'Тимати и L\'one'),
('tinashe', 'Tinashe'),
('tmk-aka-piekielny', 'Tmk Aka Piekielny'),
('tokyo-police-club', 'Tokyo Police Club'),
('tom-petty-and-the-heartbreakers', 'Tom Petty And The Heartbreakers'),
('tomasz-niecik', 'Tomasz Niecik'),
('toni-braxton', 'Toni Braxton'),
('tough-love', 'Tough Love'),
('tove-lo', 'Tove Lo'),
('transviolet', 'Transviolet'),
('trill-pem-feat-wac-toja', 'Trill Pem feat. Wac Toja'),
('trzy-korony', 'Trzy Korony'),
('tune-yards', 'Tune-Yards'),
('twenty-one-pilots', 'Twenty One Pilots'),
('twice', 'Twice'),
('twins', 'Twins'),
('two-feet', 'Two Feet'),
('tyler-the-creator', 'Tyler, The Creator'),
('vader', 'VADER'),
('vampire-weekend', 'Vampire Weekend'),
('vanessa-paradis', 'Vanessa Paradis'),
('vekac', 'Vekac'),
('vigiland', 'Vigiland'),
('viktoria-modesta', 'Viktoria Modesta'),
('vitalic', 'Vitalic'),
('wale', 'Wale'),
('warriors-ft-imagine-dragons-worlds-2014', 'Warriors (ft. Imagine Dragons) | Worlds 2014'),
('we-the-kings', 'We The Kings'),
('weezer', 'Weezer'),
('whitesnake', 'Whitesnake'),
('whitney-houston', 'Whitney Houston'),
('wilco-popeye', 'Wilco & Popeye'),
('will-smith', 'Will Smith'),
('xxanaxx', 'Xxanaxx'),
('xxxtentacion-lil-pump-ft-maluma-swae-lee', 'XXXTENTACION & Lil Pump ft. Maluma & Swae Lee'),
('y-millz', 'Y Millz'),
('yg', 'Yg'),
('young-multi', 'Young Multi'),
('young-multi-ft-zabson', 'YOUNG MULTI ft. Żabson'),
('z-abson', 'Żabson'),
('zabson', 'Żabson'),
('zeamsone', 'Zeamsone'),
('zibex', 'zibex'),
('zibo', 'Zibo'),
('zjednoczony-ursynow', 'Zjednoczony Ursynów'),
('zuri-feat-laladee', 'Zuri feat. Laladee');

-- --------------------------------------------------------

--
-- Struktura tabeli dla tabeli `artist_video`
--

CREATE TABLE `artist_video` (
  `video_youtube_id` varchar(11) NOT NULL DEFAULT '',
  `artist_slug_id` varchar(255) NOT NULL DEFAULT ''
) ENGINE=InnoDB DEFAULT CHARSET=utf8;

--
-- Zrzut danych tabeli `artist_video`
--

INSERT INTO `artist_video` (`video_youtube_id`, `artist_slug_id`) VALUES
('q76EfgGXvIY', '18-tede'),
('YqJAnQTwmJs', '2pac'),
('-RJSbO8UZVY', '5-seconds-of-summer'),
('bFLow5StvvU', '50-cent'),
('LZIc8VSonVY', '50-cent'),
('UDApZhXTpH8', '50-cent'),
('ZB7Xjd34pjo', '50-cent'),
('ZTEfInwgxVs', '50-cent'),
('27R_goWiAAU', 'a-great-big-world'),
('eAoqWu6wmfI', 'a-tribe-called-quest'),
('3Uo0JAUWijM', 'abba'),
('cvChjHcABPA', 'abba'),
('o41A91X5pns', 'adam-ant'),
('22tCfmdLT_k', 'adema'),
('7iH2eYFgDmg', 'aerosmith'),
('JkK8g6FMEXE', 'aerosmith'),
('NMNgbISmF4I', 'aerosmith'),
('zSmOvYzSeaQ', 'aerosmith'),
('WeYsTmIzjkw', 'afroman'),
('RjXXSsVNncQ', 'after-school'),
('o10EV4PG40U', 'alesso'),
('zP50Ewh31E4', 'alex-clare'),
('LLyvBHeeono', 'alex-gaudino-feat-shena'),
('G005RC4tlVc', 'alexander-lewis'),
('sS76eS34Y0c', 'alexandra-stan'),
('CDl9ZMfj6aE', 'alien-ant-farm'),
('rVeMiVU77wo', 'alt-j'),
('DYj40-cZ5vI', 'american-authors'),
('rhcc1KQlCS4', 'andra'),
('YLMJW62HE8A', 'andrzej-piaseczny'),
('KhzGSHNhnbI', 'angular-4-in-60-minutes'),
('ZyhrYis509A', 'aqua'),
('hRXc_-c_9Xc', 'arcade-fire'),
('gPefy4xnNpk', 'architecture-in-helsinki'),
('6366dxFf-Os', 'arctic-monkeys'),
('bpOSxM0rNPM', 'arctic-monkeys'),
('gl1aHhXnN1k', 'ariana-grande'),
('lf_wVfwpfp8', 'ariana-grande'),
('Q4KZaI_jtKs', 'ariana-grande'),
('SXiSVQZLje8', 'ariana-grande'),
('Z8V5GfFeUDs', 'armin-van-buuren'),
('BR_DFMUzX4E', 'armin-van-buuren-feat-trevor-guthrie'),
('Qc9c12q3mrc', 'avicii'),
('_ovdm2yX4MA', 'avicii'),
('F82W3tKtr8c', 'avicii-vs-conrad-sewell'),
('bek1y2uiQGA', 'avicii-vs-nicky-romero'),
('5NPBIwQyPWE', 'avril-lavigne'),
('LiaYDPRedWQ', 'avril-lavigne'),
('TIy3n2b7V9k', 'avril-lavigne'),
('-sNWKbnaFkg', 'axel-thesleff'),
('olE0KiPA-cg', 'bambo-the-smuggler'),
('QmbCKz2N4II', 'barns-courtney'),
('qTsaS1Tm-Ic', 'basshunter'),
('ecP-XLv1Rv0', 'bassjackers-ft-luciana'),
('wqi7YGePjZU', 'basto'),
('bkhLzHuUYmo', 'battles'),
('HTbC1UsBtek', 'beast'),
('WdgLMslbDuY', 'beastie-boys'),
('uEJuoEs1UxY', 'bebe-rexha'),
('aVK-kiSae2g', 'bedoes-kubi-producent'),
('E2Qe3_gSG8Y', 'bedoes-kubi-producent'),
('HAWSBEhPiY8', 'bedoes-kubi-producent'),
('MLjjMgmWl4A', 'bedoes-kubi-producent'),
('ihLdxPLPIKI', 'beez'),
('OGGwv3Zjq88', 'behemoth'),
('aZcSCT34H84', 'benny-benassi'),
('Bx51eegLTY8', 'berlin'),
('pZ12_E5R3qc', 'beyonce'),
('XWCwc1_sYMY', 'beyonce'),
('aVgptqVwUcQ', 'bialas'),
('dGZmNRMjIRk', 'bialas'),
('NfzwM4pdyxU', 'biffy-clyro'),
('RAOnUF8t20w', 'billy-talent'),
('9pdj4iJD08s', 'blackpink'),
('bwmSjveL3Lc', 'blackpink'),
('dISNgvVpWlo', 'blackpink'),
('IHNzOHi8sJs', 'blackpink'),
('N38hzg4wAho', 'blasterjaxx'),
('I6kfin-UeAQ', 'blink-182'),
('k1BFHYtZlAU', 'blink-182'),
('K7l5ZeVVoCA', 'blink-182'),
('sT0g16_LQaQ', 'blink-182'),
('u38TqU5rAyk', 'blink-182'),
('vVy9Lgpg1m8', 'blink-182'),
('NhheiPTdZCw', 'blockhead'),
('-UNH0ChsYFw', 'blood-duster'),
('v2NFl86LX3Q', 'bloodhound-gang'),
('xat1GVnl8-k', 'bloodhound-gang'),
('6oqXVx3sBOk', 'blur'),
('A0qA38h9w3o', 'blur'),
('GXRVX1AKAew', 'blur'),
('XpdpW0z9xnQ', 'bob-sinclar'),
('Jkw0cmB7n7Y', 'bokka'),
('bxWxXncl53U', 'bomba-estereo'),
('wLwZx1hyGL8', 'bomfunk-mc-s'),
('ymNFyxvIdaM', 'bomfunk-mc-s'),
('_i5fBY3a5Q0', 'bon-jovi'),
('_Ri2KEiXlNk', 'bon-jovi'),
('EwlsmPJeBgw', 'bonus-rpk'),
('N1y27xUPEOE', 'bonus-rpk'),
('p3ELX-nPeVo', 'bonus-rpk'),
('TjB-JpeF18s', 'bonus-rpk-arczi-szajka'),
('grEterXHNW8', 'bonus-rpk-cs'),
('Xl79bqBieT4', 'boom'),
('V_GuIDnZPHs', 'boomkat'),
('RwEZXEU0wRg', 'bosski-feat-sokol'),
('yrfo_KhbgAA', 'boy6lue'),
('S85vl1xFx1o', 'boys-summertime-love'),
('C-u5WLJ9Yk4', 'britney-spears'),
('CduA0TULnow', 'britney-spears'),
('LOZuxwVk7TU', 'britney-spears'),
('rMqayQ-U74s', 'britney-spears'),
('YP9vjglx8sE', 'brooke-candy'),
('AHDtXqjgEj4', 'bruno-mars'),
('2cTZTqBU1Rc', 'bts'),
('2Yt9v3XsgFI', 'bts'),
('gwMa6gpoE9I', 'bts'),
('hmE9f-TEutc', 'bts'),
('MBdVXkSdhwU', 'bts'),
('pBuZEGYXA6E', 'bts'),
('ZbJzOkVutwo', 'buckner-garcia'),
('1jFIYViVOQo', 'buckner-garcia-feat-jace-hall'),
('g6DdX51fnxM', 'bullet-for-my-valentine'),
('Y1_VsyLAGuk', 'burak-yeter'),
('WDaNJW_jEBo', 'busta-rhymes-mariah-carey'),
('MGaEf0CZfbQ', 'calvin-harris'),
('EgqUJOudrcM', 'calvin-harris-disciples'),
('z63cQKWlDgQ', 'canibus'),
('CJinWua98NA', 'capital-cities'),
('UbQgXeY_zi4', 'caravan-palace'),
('RrU2DThhsZI', 'cassius'),
('CncbXK6vURA', 'chairlift'),
('3AtDnEC4zak', 'charlie-puth'),
('hi4pzKvuEQM', 'chet-faker'),
('VYOjWnS4cMY', 'childish-gambino'),
('m3tLCwv1MNI', 'chillwagon'),
('elsAYGFVMdY', 'chris-brown'),
('jZny4yRbkKU', 'chvrches'),
('e-ASfL31Dv4', 'ciemna-strefa'),
('papuvlVeZg8', 'clean-bandit'),
('HpyZEzrDf4c', 'cobra-starship'),
('YykjpeuMNEk', 'coldplay'),
('ikh2r7b8CAI', 'covers'),
('M_Am8bSYIms', 'craig-campbell'),
('2eng2xORfSs', 'cursive'),
('mMWBh0B9F0M', 'cypress-hill'),
('ttWQK5VXskA', 'd12'),
('mbYL0qGXbT0', 'da-hool-feat-jay-cless'),
('mmi60Bd4jSs', 'daft-punk'),
('0gWoNN-4x1U', 'danzig'),
('kg_EYc3SFuQ', 'darlingside'),
('y6120QOlsfU', 'darude'),
('rP322FWfJWQ', 'das-racist'),
('RqcjBLMaWCg', 'david-guetta-ft-justin-bieber'),
('WfPu9Jrcpuk', 'david-guetta-martin-garrix-brooks'),
('ZTidn2dBYbY', 'david-hasselhoff'),
('lfEVLXu3NXs', 'david-zowie'),
('d7qNZ_QAz0Y', 'dawid-podsiadlo'),
('NSgHGFuPNus', 'death-cab-for-cutie'),
('Od6Y--1jrKY', 'deemz-x-bedoes-x-planbe'),
('BO1Nae_EBvQ', 'def-leppard'),
('Ydx3xjeAyjA', 'deobson'),
('404oPn6tudE', 'die-aerzte'),
('gOb-EjyXRPQ', 'die-aerzte'),
('8bdeizHM9OU', 'die-antwoord'),
('HcXNPI-IPPM', 'die-antwoord'),
('JvMXVHVr72A', 'die-antwoord'),
('pRgUpRx1wE8', 'die-antwoord'),
('XXlZfc1TrD0', 'die-antwoord'),
('jLfmrNw8ygo', 'diplo-feat-lazerdisk-party-sex'),
('wTP2RUD_cL0', 'dire-straits'),
('_zPlr-o-YEQ', 'disclosure'),
('YjUk92LSzSo', 'dixo37-feat-hemp-gru-jlb'),
('_rbyY0qvJ84', 'dixon37-napalm-grupa'),
('RNuUgbUzM8U', 'dj-fresh'),
('jam_t-gj7HM', 'dj-jazzy-jeff-the-fresh-prince'),
('B0dM1JxSJ5g', 'dj-pasza-x-kuban'),
('SMs0GnYze34', 'dj-snake-ft-justin-bieber'),
('ftOsgV5s78o', 'dm4-boski'),
('nO37LQq_qPM', 'dm4-boski'),
('yOV5D5_RZzE', 'dm4-bosski-pih'),
('S3QzumdCB2Q', 'dmn-feat-malik-montana'),
('Oy9V_4im0wg', 'don-diablo'),
('LGZ3zZtb4S4', 'doniu'),
('_CL6n0FJZpk', 'dr-dre'),
('QZXc39hT8t4', 'dr-dre-ft-snoop-dogg-kurupt-nate-dogg'),
('mgQV8BBAkqA', 'drive-by-truckers'),
('42RpIcaGMgM', 'druzyna-mistrzow'),
('AzAtim0o7Sw', 'druzyna-mistrzow'),
('BmqfygwiHqg', 'druzyna-mistrzow'),
('mkgqJn-Hj98', 'druzyna-mistrzow'),
('uuCJDn1L6Ps', 'druzynamistrzow3-bosski-sobota'),
('FHCYHldJi_g', 'duke-dumont'),
('KDxJlW6cxRk', 'duke-dumont'),
('6QFwo57WKwg', 'dye'),
('ZyuOYHWWr3U', 'dziergi'),
('tZ5Mu2gs-M8', 'earl-sweatshirt'),
('_dK2tDK9grQ', 'ed-sheeran'),
('cNAdtkSjSps', 'eisenfunk'),
('ajN57m_OSpY', 'ellie-goulding-diplo-swae-lee'),
('bw5pi9nUGJ8', 'elliphant'),
('DtVBCG6ThDk', 'elton-john'),
('h6KYAVn8ons', 'elton-john'),
('Tg-Q-Acv4qs', 'elton-john'),
('0AqnCSdkjQ0', 'eminem'),
('9dcVOmEQzKA', 'eminem'),
('eJO5HU_7_1w', 'eminem'),
('RSdKmX2BH7o', 'eminem'),
('ryr75N0nki0', 'eminem'),
('r_0JjYUe5jo', 'eminem'),
('sNPnbI1arSE', 'eminem'),
('ubEublECnMU', 'eminem'),
('wfWIs2gFTAM', 'eminem'),
('YVkUvmDQ3HY', 'eminem'),
('UqON44CLaQM', 'enrique-iglesias'),
('vHJAUuicC0Q', 'enrique-iglesias-usher'),
('L_fCqg92qks', 'eric-prydz'),
('qeMFqkcPYcg', 'eurythmics'),
('lrwBaJlvxEY', 'fair-weather-friends'),
('5JqY-6q-RNA', 'fall-out-boy'),
('i8BGAYXNW74', 'fall-out-boy'),
('qSMnrAJpEeo', 'family-force-5'),
('lkN51aqPOzU', 'farruko'),
('bNEOwb9YA54', 'faster'),
('HDTl9grOBdw', 'faster'),
('rjr42vJSrcY', 'faster'),
('x9BILEBcx5c', 'faster'),
('a4NYSwNAo08', 'fat-joe-remy-ma-french-montana'),
('VgHQlbLK7Nw', 'fazi'),
('bsUWK-fixiA', 'fergie'),
('LbARTyio_0Q', 'fetty-wap'),
('5GL9JoH4Sws', 'fifth-harmony'),
('jsbeemdD2rQ', 'fifth-harmony'),
('mpdcKmaHk_s', 'five'),
('OzvasAJIHb4', 'five-finger-death-punch'),
('YkLjqFpBh84', 'fka-twigs'),
('egcXvqiho4w', 'flairs'),
('-KPnyf8vwXI', 'flume'),
('hZSrzL-kb38', 'flume'),
('1VQ_3sBZEm0', 'foo-fighters'),
('ifwc5xgI3QM', 'foo-fighters'),
('dZLfasMPOU4', 'fountains-of-wayne'),
('mDU-5jwPKmQ', 'french-montana'),
('pIHR7rUeGTc', 'french-montana'),
('K64mb5KUhhs', 'gain'),
('fH41vPVIVP0', 'gang-albanii'),
('K2Y265KZR4g', 'gang-albanii'),
('8BMnz4i2dM8', 'gente-de-zona'),
('31mlEEs9_Vk', 'geri-halliwell'),
('z-2Mrws6zGc', 'girli'),
('NF7oonVIFXs', 'goat'),
('7-tNUur2YoU', 'goldfish'),
('iiiOqybRvsM', 'golf-boys'),
('L1KworDaCqs', 'good-shoes'),
('Hs5fP7G8gBc', 'grace-vanderwaal'),
('bIIGKV27FaY', 'grauzone'),
('mg5Bp_Gzs0s', 'green-day'),
('qh7QJ_jLam0', 'green-day'),
('UNq9gmY_Oz4', 'green-day'),
('UDCT6ta_54k', 'grzegorz-stawicki'),
('FsXMfEa_Rts', 'guava-juice'),
('yuBbGyWSc-c', 'gucci-mane'),
('8SbUC-UaAxE', 'guns-n-roses'),
('zRIbf6JqkNc', 'guns-n-roses'),
('_U5IhEAFGwQ', 'guns-n-roses'),
('-nC5TBv3sfU', 'gunship'),
('uYRZV8dV10w', 'gunship'),
('_an3mlqNjjY', 'guzior-ft-reto'),
('O0lf_fE3HwA', 'gwen-stefani'),
('4Y0OjXN095Q', 'hans-solo'),
('kkx-7fsiWgg', 'hasta-el-amanecer'),
('CCIuQKDfkdY', 'hd-of-bearfaced'),
('kWbN3-6o3WQ', 'herbert-groenemeyer'),
('cH_rfGBwamc', 'hole'),
('v0CYB5V9e64', 'hole'),
('Whv1tLqKZig', 'hollerado'),
('wzI8XmXvjkY', 'home-and-dry'),
('Gf3bmQh8_dM', 'hot-chip'),
('n_I72uiqwa0', 'hst-ft-fokus'),
('h4UqMyldS7Q', 'ice-cube'),
('7wtfhZwyrcc', 'imagine-dragons'),
('EpmBNukssNw', 'imbro-manaj'),
('-F7A24f6gNc', 'iron-maiden'),
('QwrbyVaC6EU', 'is-tropical'),
('PPtFBCs9s5Y', 'iyla'),
('-5slZHLSnow', 'j-cole'),
('fC3Cthm0HFU', 'j-dilla'),
('c3t9hM6jcbY', 'jacob-sartorius'),
('pOHQdIDds6s', 'jake-paul'),
('aAVRd5q8Ltg', 'jarecki'),
('aXouD11UeiE', 'jay-eskar-justin-petti'),
('NqULoKkyhnU', 'jay-eskar-justin-petti'),
('pFCkZbpDN0I', 'jazmin-bean'),
('LytIPc-xeLA', 'jean-baptiste-lorent'),
('RM_DON9L5No', 'jennifer-lopez'),
('_66jPJVS4JE', 'jennifer-lopez'),
('DPtfsk4ETjM', 'jessica-simpson'),
('irxZsKBTXCQ', 'jessica-simpson'),
('oKsxPW6i3pM', 'jimmy-eat-world'),
('3N7JIgDdIIE', 'jolin-tsai'),
('gG6q90HXSkw', 'jolin-tsai'),
('tER2eZas5NI', 'jolin-tsai'),
('XyXfb0_9Yp4', 'jolin-tsai'),
('5yXQJBU8A28', 'jonas-blue'),
('JhY9GOhFwN4', 'judas-priest'),
('06wmI1sto34', 'judith-holofernes-feat-maeckes'),
('SPlQpGeTbIE', 'junior-senior'),
('p90H575__bY', 'jurad'),
('wltRoy_rxMQ', 'juras'),
('ru0K8uYEZWw', 'justin-timberlake'),
('GvXpkH-gl3Q', 'kacey-musgraves'),
('dwGO-wwKSjg', 'kakkmaddafakka'),
('IxGvm6btP1A', 'kanye-west'),
('Ua61XY84gGg', 'kanye-west'),
('0KSOMA3QBU0', 'katy-perry'),
('7RMQksXpQSk', 'katy-perry'),
('8gsGhdZDC-0', 'katy-perry'),
('98WtmW-lfeE', 'katy-perry'),
('hdw1uKiTI5c', 'katy-perry'),
('jqYxyd1iSNk', 'katy-perry'),
('KlyXNRrsk4A', 'katy-perry'),
('kTHNpusq654', 'katy-perry'),
('lFIIMEe2Ht0', 'katy-perry'),
('QGJuMBdaqIw', 'katy-perry'),
('t5Sd5c4o9UM', 'katy-perry'),
('Um7pMggPnug', 'katy-perry'),
('X0ZVaFO7cGE', 'katy-perry'),
('0ymI54DuMj8', 'kaytranada'),
('82cgNJBu_Jk', 'kaz-balagane-ft-belmondo'),
('Q_kGJBv6Wr4', 'keith-apicary'),
('4SxYxzndyGY', 'keke'),
('eg1WUU74AUg', 'keke'),
('zwS9DxTn5Hs', 'keke'),
('8qImH-0UCHI', 'kelis'),
('L0byL8SQOrY', 'kelly-maglia'),
('tvTRZJ-4EyI', 'kendrick-lamar'),
('VrDfSZ_6f4U', 'kid-cudi'),
('lVb_t_ao9gw', 'kid-cudi-vs-crookers'),
('luUUnuaxIFQ', 'kid-rock'),
('_whGk6HjUAQ', 'kokab'),
('Evug3WXIdak', 'komil-x-essex'),
('CpaaHXDaRgU', 'komodo'),
('d8OI9FllKfg', 'komodo'),
('N9Nn5m9qMlM', 'kordian'),
('VAWjsVoDpm0', 'korn'),
('6WJFjXtHcy4', 'kreayshawn'),
('5Ft8yL7VLR4', 'kris-menace-lifelike'),
('g0kgw2kkFnM', 'krzysztof-krawczyk-goran-bregovic'),
('xKv9cmynyoY', 'krzysztof-napiorkowski'),
('b4_wbaOyVNY', 'ksiaze-kapota'),
('IvjiQllvCLc', 'ksiaze-kapota'),
('Q7JiG2z7pio', 'kuba-knap'),
('W4ZVTUePMmc', 'kuba-knap'),
('KhMMHKzJmKc', 'kuban'),
('1lfFF0joUqI', 'kuban-x-essex'),
('5pzewu2wodU', 'kubanczyk'),
('_shxzlTRK44', 'kurtis-blow'),
('j3VjJKKVNew', 'kylie-minogue'),
('kREQJCEfGIY', 'kyper'),
('en2D_5TzXCA', 'lady-gaga'),
('EVBsypHzF3U', 'lady-gaga'),
('qrO4YZeyl0I', 'lady-gaga'),
('-fGoW73hLLg', 'laki-lan'),
('4T5km19zUG4', 'layla'),
('MSL6o8sePlg', 'lenny-kravitz'),
('kq2y1JwI51E', 'lil-kim'),
('bnCT0GXgLJg', 'lil-pump'),
('2IH8tNQAzSs', 'lil-wayne'),
('EbfK7dei7ec', 'lil-xan'),
('tMLetx7SjCw', 'limp-bizkit'),
('_i_qxQztHRI', 'limp-bizkit'),
('kXYiU_JCYtU', 'linkin-park'),
('WNeLUngb-Xg', 'linkin-park'),
('kMOeTLLeaDU', 'lit'),
('wGs4YcVyKtQ', 'litosc-to-zbrodnia'),
('wyx6JDQCslE', 'lmfao'),
('XNtTEibFvlQ', 'lmfao'),
('0JSt7RCgHic', 'lopez'),
('HPP0yB-_blA', 'loud-luxury-ft-nikki-s-wives'),
('tw429JGL5zo', 'ludacris'),
('qdmoBy3ud7U', 'luki'),
('Ssb2AMR-kEo', 'luna'),
('0NhqN0KcWAE', 'luscious-jackson'),
('3Yuqxl284cg', 'm-i-a'),
('ewRjZoRtu0Y', 'm-i-a'),
('IeMvUlxXyz8', 'm-i-a'),
('6hfDqt5uOOY', 'ma-ns-zelmerlo-w'),
('J_8xCOSekog', 'mac-miller'),
('NHydngA5C4E', 'madonna'),
('a59gmGkq_pw', 'major-lazer'),
('hR-NXv5Tma0', 'major-lazer'),
('4mDFJTRhRQ8', 'major-x-matheo'),
('r1NSg1_ObSE', 'malik-montana'),
('yq3hsG4BBvc', 'malik-montana'),
('o66xQUqKzsc', 'maluma'),
('PJniSb91tvo', 'maluma'),
('lgxOvmzpCts', 'mandarinki'),
('Jz2gvAApY2A', 'manic-street-preachers'),
('2xlJnipdpSc', 'mansun'),
('QIc-7BFPwSU', 'marcin-czerwinski'),
('4nKllakGRJM', 'marcus-martinus'),
('5nOqvm_62rM', 'margaret'),
('SNrZCaZKH-0', 'margaret'),
('9GFI6Rf-IkI', 'marilyn-manson'),
('sJiRwDgZbjM', 'marky-mark'),
('nIjVuRTm-dc', 'maroon-5'),
('CY8E6N5Nzec', 'marshmello-anne-marie'),
('fkMg_X9lHMc', 'marteria'),
('wQRV5omnBBU', 'martin-solveig'),
('kK42LZqO0wA', 'martin-solveig-dragonette'),
('7Y9UlEof6XI', 'mason-vs-princess-superstar'),
('IFTlFlkrbfI', 'mata-feat-yah00'),
('JgHskTnwnd4', 'matisyahu'),
('0cZ8-RgtrP0', 'matt-ox'),
('gmfcYli6vV4', 'mayer-hawthorne'),
('weypUIJHhwM', 'mech'),
('afBKjqAkNSw', 'mee-and-the-band'),
('TNsSBhl_2LI', 'men-i-trust'),
('oslBwpjxAJ8', 'mercury-rev'),
('3rFoGVkZ29w', 'metallica'),
('qPOTEs_yTJo', 'metallica'),
('9P2w_hq8YTk', 'metronomy'),
('9PnOG67flRA', 'metronomy'),
('Azf0BVBrJ0c', 'metronomy'),
('iQS4oa-dgLY', 'metronomy'),
('MsduHmjQlgI', 'metronomy'),
('qRK3u5X-N1s', 'metronomy'),
('B9dSYgd5Elk', 'mgmt'),
('HXeYRs_zR6w', 'michael-buble'),
('f3V-7DEAgdc', 'michael-jackson'),
('LeiFF0gvqcc', 'michael-jackson'),
('sOnqjkJTMaA', 'michael-jackson'),
('IxkJHX7ukKE', 'michael-penn'),
('ZSgnDb3BsCw', 'michalina-starosta'),
('wl6k_h2drK8', 'miike-snow'),
('5JxgDJvqGmM', 'mike-perry'),
('foE1mO2yM04', 'mike-posner'),
('My2FRPA3Gf8', 'miley-cyrus'),
('r8BsuT0PWdI', 'milky-chance'),
('1hvEmhWdaXg', 'mitch-rossell'),
('wtMyRroOS-o', 'mlody'),
('1tInbiCG1cI', 'moby'),
('5wrwcEZ3Btw', 'moby'),
('AzyogHbZKX8', 'moby'),
('xAh6fk0KD1c', 'moby'),
('z3YMxM1_S48', 'moby'),
('jtL3Jsl2ieE', 'moby-the-void-pacific-choir'),
('VASywEuqFd8', 'moby-the-void-pacific-choir'),
('hTl0F2cKzLk', 'modjo'),
('mMfxI3r_LyA', 'modjo'),
('mHWr4WY9o24', 'moe'),
('tD4CzJUv2Uc', 'moe-dollaz'),
('d2XdmyBtCRQ', 'moetley-cruee'),
('3qQX1XxjoGY', 'molesta-ewenement'),
('QCqAYTMF61I', 'mr-oizo'),
('sJA3gQ6jmxc', 'mr-oizo'),
('4UigxQpX4J0', 'mr-polska'),
('FG1c7NeofXU', 'mrozu'),
('rgc_LRjlbTU', 'murray-head'),
('gSLGJs96Hy0', 'music-instructor-feat-lunatics-abe-flying-steps'),
('MwOchsxVuY0', 'my-darkest-days'),
('VdaKwt5cHEk', 'my-darkest-days-ft-ludacris-zakk-wylde'),
('IUOBnU57f9c', 'my-riot'),
('VCnPe5bBnAU', 'myslovitz'),
('qh9WuPzOjlI', 'n-e-r-d'),
('dnItgFWtbIw', 'nadeah'),
('SbyAZQ45uww', 'nancy-sinatra'),
('3hOZaTGnHU4', 'nas'),
('dKSJN3WWR3E', 'nas'),
('H0h_EhCnDpI', 'natalia-nykiel'),
('hjusmxc8yAQ', 'nayan'),
('Fk1ZO_980DI', 'ne-yo'),
('bE47er6qnqg', 'nero'),
('r1ATFedwjnk', 'nero'),
('3IJ3XXomxiM', 'new-order'),
('DL7-CKirWZE', 'new-radicals'),
('8MajmI5j7Bs', 'nick-cave-the-bad-seeds'),
('LDZX4ooRsWs', 'nicki-minaj'),
('Gevj5LNWx6c', 'niklas-ibach'),
('0hcEiEyylEA', 'nina-simone'),
('n6P0SitRwy8', 'nirvana'),
('6ZktNItwexo', 'no-doubt'),
('8Yqru5UXWGY', 'no-doubt'),
('PiBX-ESFDF0', 'no-doubt'),
('ubvV498pyIM', 'no-doubt'),
('OyI2q6-B2UE', 'nuits-d-etoiles'),
('ZVRxh7mo3iY', 'o-s-t-r'),
('Yxz5G4foV0E', 'o-s-t-r-hades'),
('Kh9UC-GOwHA', 'o-s-t-r-world-of-tanks-feat-zywiolak'),
('6vYnas6q3Sg', 'o-t-genasis'),
('hu9pTGFjA4c', 'oh-wonder'),
('dTAAsCNK7RA', 'ok-go'),
('vWz9VN40nCA', 'olivia-newton-john'),
('jGflUbPQfW8', 'omi'),
('AbPED9bisSc', 'one-direction'),
('Jwgf3wmiA04', 'one-direction'),
('UpsKGvPjAgw', 'one-direction'),
('YZuHSgjT4JM', 'ostry-bezimienni-ft-kali-juras-pih-nest-beatz-remix'),
('lVehcuJXe6I', 'outkast'),
('cVv2ZOXVYkQ', 'paluch'),
('G7PJK0onRKY', 'paluch'),
('Gtm5pGpb4HQ', 'paluch'),
('xc7PZyOaB1s', 'paluch'),
('hmbUNF1Q4R8', 'paolo-nutini'),
('352IcwNtYTQ', 'parov-stelar-feat-marvin-gaye'),
('iTno21crSsY', 'partynextdoor'),
('p2EFLevSBCI', 'paul-mccartney'),
('XMokMCbqYNw', 'penx'),
('iArXv64tCJA', 'peter-bjorn-and-john'),
('8JCHKvXINmQ', 'pezet'),
('Cb-gaZHYoLs', 'pezet'),
('Kk4MqCg7F3s', 'pezet'),
('WmU9xPpDVBE', 'pezet'),
('Ze7H_MEQVb8', 'pezet'),
('jp_XgZIaopk', 'pezet-czarny-hifi'),
('3BLj9PVlLEw', 'pezet-x-jimek-nie-musze-wracac'),
('pPZDBF0kei0', 'pharrell-williams'),
('rYuhWd4QI0k', 'phora'),
('SmM0653YvXU', 'pitbull'),
('TGtWWb9emYI', 'pitbull'),
('ZPcoNqaL0Es', 'plomien-81'),
('hyeYUDqeadQ', 'pokahontaz'),
('Bij1mFZv98M', 'pokahontaz-ft-bob-one'),
('fQHEBL9Izn0', 'pokahontaz-ft-kaliber-44'),
('bN5sl1r_cyY', 'popek-x-matheo'),
('pBkHHoOIIn8', 'portugal-the-man'),
('k41em4dr30g', 'press-play-on-tape'),
('4TV_128Fz2g', 'princess-chelsea'),
('0n7uVDQWrYs', 'puscifer'),
('6bCQ8VtraAA', 'qbik'),
('MILQ4kOzw3k', 'qbik'),
('oIWV3WKpC2U', 'quebonafide'),
('Wdq_2uBlLTE', 'quebonafide-ft-planbe'),
('f4Mc-NYPHaQ', 'queen'),
('xt0V0_1MS0Q', 'queen'),
('zKdxd718WXg', 'queen'),
('0l0nzPpvbFs', 'queens-of-the-stone-age'),
('QetvK6ldl2s', 'queens-of-the-stone-age'),
('sPLEbAVjiLA', 'radiohead'),
('dmJefsOErr0', 'rae-sremmurd'),
('tkClJp0jSgA', 'rae-sremmurd'),
('fwrY0D2ACNk', 'rae-sremmurd-ft-nicki-minaj-young-thug'),
('nLEGbZI3Grc', 'rahim-pokahontaz'),
('0n5kgP-O83k', 'rapoholika'),
('I2XfVml6o24', 'red-hot-chili-peppers'),
('oDNcL1VP3rY', 'red-hot-chili-peppers'),
('Q0oIoR9mLwc', 'red-hot-chili-peppers'),
('YlUKcNNmywk', 'red-hot-chili-peppers'),
('cgUjuGI4XJM', 'rest-dix37-x-dudek-p56'),
('JkD0wILd5hE', 'reto'),
('ToY6sjSV8h8', 'rich-the-kid'),
('dQw4w9WgXcQ', 'rick-astley'),
('8BkYKwHLXiU', 'ricky-martin'),
('JxLS-cpgbe0', 'riff-raff'),
('P5mtclwloEQ', 'right-said-fred'),
('ehcVomMexkY', 'rihanna'),
('4zdt32VHO5I', 'robbie-rivera-feat-vinny-z'),
('BnO3nijfYmU', 'robbie-williams'),
('sVaRHJn_dgM', 'robbie-williams'),
('ULTtWUZhD9c', 'robbie-williams'),
('WE7PJVZyBhU', 'robbie-williams'),
('AEPvRSCBpNM', 'rogal-ddl'),
('7bO5h71TlMU', 'ronan-keating'),
('jvipPYFebWc', 'roundtable-rival'),
('BS46C2z5lVE', 'route-94'),
('El7GVPUl-r0', 'roxette'),
('I-eqGULNEkI', 'royal-republic'),
('KDPW_g2AhAU', 'rudimental'),
('lzeNBRbWXpI', 'sabaton'),
('uAVUl0cAKpo', 'sabrina-carpenter'),
('mwq-T2CrJRU', 'sak-noel'),
('XIictPv-5MI', 'samoe-bolshoe-prostoe-chislo'),
('uQ_DHRI-Xp0', 'schoolboy-q'),
('AH7XHhhlT3o', 'scky-rei'),
('8wRW57nBLMI', 'secondcity'),
('xPliEy0-2xI', 'serebro'),
('SAWzXkV3hHo', 'shawn-mendees-zedd'),
('fIQVVGJeIzA', 'sheryl-crow'),
('nYh-n7EOtMA', 'sia'),
('qj5zT4t7S6c', 'sigala'),
('ZkqyIoYAXV8', 'skrillex-rick-ross'),
('7tm_zX8Nj2E', 'skunk-anansie'),
('JeGP5uGMn-g', 'slightly-left-of-centre'),
('TJ9O4NEKzUY', 'slon'),
('RXC1iqXDkp0', 'smolaty'),
('h_kNovMUJ6o', 'snoop-dogg'),
('IJ-I7S86ASQ', 'snoop-dogg'),
('YJ8Z9v4jr_M', 'snoop-dogg'),
('Wa5B22KAkEk', 'snoop-dogg-wiz-khalifa'),
('AOBs8dU4Pb8', 'snow-patrol'),
('kf9M5AET4ac', 'sohn'),
('Wy2w8GtRBKg', 'solar-bialas-ft-wac-toja'),
('2CXD8PK6Djc', 'sonic-youth'),
('roRcksH2_HQ', 'steel-panther'),
('WP7duqy60h8', 'steve-aoki'),
('K73-hmaHPHY', 'stone-sour'),
('ATehtIKzqOI', 'stunheart'),
('CeMeDihwyrg', 'sublime'),
('emGri7i8Y2Y', 'sum-41'),
('aCHg5r6rFoI', 'take-that'),
('pFptt7Cargc', 'tame-impala'),
('wycjnCCgUes', 'tame-impala'),
('_opF2Dn6Fk4', 'tame-impala'),
('dqZs-DFtx9g', 'tarja-no-bitter-end-official-music-video'),
('3K0RzZGpyds', 'taylor-swift'),
('3tmd-ClpJxA', 'taylor-swift'),
('AgFeZr5ptV8', 'taylor-swift'),
('e-ORhEE9VVg', 'taylor-swift'),
('nfWlot6h_JM', 'taylor-swift'),
('ayGh05yrZDA', 'tede'),
('aJBu5tc_HcA', 'tede-sir-mich'),
('D0LyJqzaT2Q', 'tede-sir-mich'),
('eZ1nDCWct7g', 'tede-sir-mich'),
('GjkqNwYEzN0', 'tede-sir-mich'),
('Pjg3AOIbKO4', 'tede-sir-mich'),
('X6WnJdhpVAk', 'tede-sir-mich'),
('ZAufONAig6w', 'tede-sir-mich'),
('_5XfAYZAA7w', 'telepopmusik'),
('w42c2XWr-P0', 'ten-typ-mes'),
('_lK4cX5xGiQ', 'tenacious-d'),
('Dg4setI1nMk', 'tessa-violet'),
('oQyFFTh_YGc', 'tessa-violet'),
('SiAuAJBZuGs', 'tessa-violet'),
('tsPxaAVg584', 'tessa-violet'),
('Qt6Lkgs0kiU', 'the-ataris'),
('wpqm-05R2Jk', 'the-avalanches'),
('hqwU7nv3hTM', 'the-avener'),
('4emYaDbaJ8w', 'the-band-perry'),
('wESgcExetso', 'the-black-eyed-peas'),
('WpYeekQkAdc', 'the-black-eyed-peas'),
('u9WgtlgGAgs', 'the-cardigans'),
('PT2_F-1esPk', 'the-chainsmokers'),
('RhU9MZ98jxo', 'the-chainsmokers'),
('FM7MFYoylVs', 'the-chainsmokers-coldplay'),
('7wzR_BVFsUU', 'the-chemical-brothers'),
('6Ejga4kJUts', 'the-cranberries'),
('ZxNfD1fIdzM', 'the-fjords'),
('nh9MfQSaNCg', 'the-giraffes'),
('EjQ7jJx9PJk', 'the-immortals'),
('Qok9Ialei4c', 'the-killers'),
('498zUzNGQxY', 'the-kills'),
('haEqhj76z3I', 'the-kills'),
('jfLcPYA3Nlk', 'the-kills'),
('oXBDZFtMcbg', 'the-kills'),
('qdeWQIM1FgY', 'the-kills'),
('3tUh-x-fp8Q', 'the-kooks'),
('YDQLb43Wnhk', 'the-last-artful-dodgr-neill-von-tally'),
('TFXlWfzW9Uo', 'the-magician'),
('b0eFx5a-FMg', 'the-moth-the-flame'),
('VKOCH8OcwaI', 'the-music'),
('_JZom_gVfuw', 'the-notorious-b-i-g'),
('Ji9NPW3mi8o', 'the-offspring'),
('aXjhsn59NoI', 'the-party-anthem'),
('bIRmyfKOAfM', 'the-shins'),
('NZmmZobqWG4', 'the-sixpounder'),
('4aeETEoNfOg', 'the-smashing-pumpkins'),
('xmUZ6nCFNoU', 'the-smashing-pumpkins'),
('CW5oGRx9CLM', 'the-weeknd'),
('dMMUH_ZpbB0', 'the-weeknd'),
('jGhZxKDN7P8', 'tiger-lilly'),
('Jrd25gjyDhE', 'tim-berg'),
('WWkdUU8Ayfk', 'timati-i-l-one'),
('hv44srAsAo4', 'tinashe'),
('rIdfhROd7L8', 'tokyo-police-club'),
('xqmFxgEGKH0', 'tom-petty-and-the-heartbreakers'),
('qalEMMQooNk', 'tomasz-niecik'),
('T97Ft3J48IU', 'tomasz-niecik'),
('9JpVynh9HWU', 'toni-braxton'),
('QNsPI6V4Iec', 'tough-love'),
('oh2LWWORoiM', 'tove-lo'),
('XsFneCExrCQ', 'tove-lo'),
('59xXcrJyx3s', 'transviolet'),
('RwY-sKsuCpY', 'trill-pem-feat-wac-toja'),
('KXUuxMYBm8k', 'trzy-korony'),
('YQ1LI-NTa2s', 'tune-yards'),
('pXRviuL6vMY', 'twenty-one-pilots'),
('UprcpdwuwCg', 'twenty-one-pilots'),
('V2hlQkVJZhE', 'twice'),
('qp8Y8JkYxjA', 'twins'),
('pFoja4b0ZFo', 'two-feet'),
('o4OD3IHs5jU', 'tyler-the-creator'),
('SCcVrLcGD7k', 'tyler-the-creator'),
('2Rx_AA5GfNE', 'vader'),
('bccKotFwzoY', 'vampire-weekend'),
('vraoiVCDdaM', 'vampire-weekend'),
('Ulay2FvUEd8', 'vanessa-paradis'),
('6G9CZSs9soo', 'vekac'),
('9Riq6IMqXz8', 'vigiland'),
('jA8inmHhx8c', 'viktoria-modesta'),
('Pk7_5YzkouU', 'vitalic'),
('Wa1uS6Ed7YU', 'wale'),
('fmI_Ndrxy14', 'warriors-ft-imagine-dragons-worlds-2014'),
('xsBu-FXkhEA', 'we-the-kings'),
('HL_WvOly7mY', 'weezer'),
('LHQqqM5sr7g', 'weezer'),
('omCA2RN9x4I', 'whitesnake'),
('3JWTaaS7LdU', 'whitney-houston'),
('gbHTaPk8Qmk', 'wilco-popeye'),
('IwBS6QGsH_4', 'will-smith'),
('bfPWRV1tOrY', 'xxanaxx'),
('BxFvI-zpaRs', 'xxxtentacion-lil-pump-ft-maluma-swae-lee'),
('YsIw608uQpg', 'y-millz'),
('HkVS79y4p4Y', 'yg'),
('Px6pBgYmd7w', 'young-multi'),
('p9m0o6E-zQk', 'young-multi-ft-zabson'),
('78yMTyUz_Wk', 'z-abson'),
('kFUQVbfIuvw', 'zabson'),
('Ki0mCtfVtdU', 'zabson'),
('oZbo4l0BvwQ', 'zabson'),
('TzE1o0v6s_k', 'zeamsone'),
('S4qk_mN2rHY', 'zibex'),
('7p7vmwAMYgM', 'zibo'),
('cl28Dk0I62E', 'zibo'),
('PCF-B6deZ7Q', 'zjednoczony-ursynow'),
('Z2i7bR-lNaY', 'zjednoczony-ursynow'),
('0JWeNMnXI7c', 'zuri-feat-laladee');

-- --------------------------------------------------------

--
-- Struktura tabeli dla tabeli `subscribe_user_tag`
--

CREATE TABLE `subscribe_user_tag` (
  `user_id` int NOT NULL,
  `tag_slug_id` varchar(255) CHARACTER SET latin1 COLLATE latin1_general_ci NOT NULL
) ENGINE=InnoDB DEFAULT CHARSET=utf8;

--
-- Zrzut danych tabeli `subscribe_user_tag`
--

INSERT INTO `subscribe_user_tag` (`user_id`, `tag_slug_id`) VALUES
(1, 'video-game');

-- --------------------------------------------------------

--
-- Struktura tabeli dla tabeli `tag`
--

CREATE TABLE `tag` (
  `tag_id` int NOT NULL,
  `tag_slug_id` varchar(255) CHARACTER SET latin1 COLLATE latin1_general_ci NOT NULL,
  `name` varchar(100) DEFAULT NULL,
  `parent_slug_id` varchar(255) CHARACTER SET latin1 COLLATE latin1_general_ci DEFAULT NULL,
  `created_at` timestamp NULL DEFAULT CURRENT_TIMESTAMP
) ENGINE=InnoDB DEFAULT CHARSET=utf8;

--
-- Zrzut danych tabeli `tag`
--

INSERT INTO `tag` (`tag_id`, `tag_slug_id`, `name`, `parent_slug_id`) VALUES
(444, 'actor', 'actor', NULL),
(505, 'adam-mickiewicz', 'Adam Mickiewicz', NULL),
(1, 'adderall', 'Adderall', 'drug'),
(2, 'adobe-photoshop', 'Adobe Photoshop', 'software'),
(3, 'adolf-hitler', 'Adolf Hitler', NULL),
(4, 'airplane', 'airplane', NULL),
(5, 'airport', 'airport', NULL),
(6, 'alcatraz', 'Alcatraz', 'prison'),
(469, 'alcohol', 'alcohol', NULL),
(7, 'alien', 'alien', NULL),
(8, 'american-football', 'American football', 'sport'),
(9, 'amiga', 'Amiga', 'computer'),
(10, 'amsterdam', 'Amsterdam', 'city'),
(11, 'ancient-egypt', 'Ancient Egypt', NULL),
(12, 'andrew-golota', 'Andrew Golota', 'boxing'),
(13, 'angry-birds', 'Angry Birds', 'video-game'),
(461, 'animal', 'animal', NULL),
(14, 'animal-farm', 'animal farm', 'animal'),
(15, 'animation', 'animation', NULL),
(496, 'anime', 'anime', NULL),
(16, 'anthropomorphism', 'anthropomorphism', NULL),
(17, 'army', 'army', NULL),
(18, 'arnold-schwarzenegger', 'Arnold Schwarzenegger', 'actor'),
(19, 'arson', 'arson', NULL),
(20, 'asterix', 'Asterix', 'comics'),
(21, 'astronautics', 'astronautics', NULL),
(22, 'atari', 'Atari', 'computer'),
(23, 'audi', 'Audi', 'car'),
(24, 'audi-80', 'Audi 80', 'audi'),
(25, 'back-to-the-future', 'Back to the Future', 'film'),
(26, 'ballet', 'ballet', NULL),
(460, 'band', 'band', NULL),
(27, 'bank', 'bank', NULL),
(28, 'banknote-counter', 'banknote counter', NULL),
(29, 'barbecue-grill', 'barbecue grill', NULL),
(30, 'barbie', 'Barbie', 'toy'),
(31, 'basketball', 'basketball', 'sport'),
(32, 'batman', 'Batman', 'comics'),
(433, 'bazar-rozyckiego', 'Bazar Różyckiego', 'warsaw'),
(34, 'beach', 'beach', NULL),
(495, 'beer', 'beer', NULL),
(35, 'beer-pong', 'Beer pong', 'sport'),
(36, 'being-high', 'being high', 'drug'),
(37, 'big-red-button', 'Big Red Button', NULL),
(38, 'bike', 'bike', 'sport'),
(39, 'birthday', 'birthday', 'event'),
(40, 'blindness', 'blindness', 'disability'),
(41, 'blink-182', 'Blink-182', 'band'),
(42, 'bmw', 'BMW', 'car'),
(43, 'bmx', 'BMX', NULL),
(44, 'bodycount', 'bodycount', NULL),
(432, 'bodypainting', 'bodypainting', NULL),
(506, 'boleslaw-prus', 'Bolesław Prus', NULL),
(45, 'bomberman', 'Bomberman', 'video-game'),
(46, 'borderlands', 'Borderlands', 'video-game'),
(539, 'bow', 'bow', NULL),
(47, 'bowling', 'bowling', 'sport'),
(48, 'boxing', 'boxing', 'sport'),
(49, 'braces', 'braces', NULL),
(50, 'brad-pitt', 'Brad Pitt', 'actor'),
(52, 'breaking-bad', 'Breaking Bad', 'tv-show'),
(53, 'bridge', 'bridge', NULL),
(54, 'britney-spears', 'Britney Spears', 'singer'),
(55, 'broken-car', 'broken car', 'car'),
(56, 'budapest', 'Budapest', 'city'),
(57, 'bungee-jumping', 'bungee jumping', NULL),
(58, 'camel', 'camel', 'animal'),
(59, 'cameron-diaz', 'Cameron Diaz', 'actor'),
(60, 'camper-trailer', 'camper trailer', NULL),
(538, 'campfire', 'campfire', NULL),
(61, 'car', 'car', NULL),
(62, 'car-crash', 'car crash', 'car'),
(63, 'car-racing', 'car racing', 'car'),
(64, 'car-surfing', 'car surfing', 'car'),
(65, 'car-wash', 'car wash', 'car'),
(66, 'carrousel', 'carrousel', NULL),
(430, 'casino', 'casino', NULL),
(67, 'casting', 'casting', NULL),
(68, 'catwoman', 'Catwoman', 'batman'),
(69, 'charlie-sheen', 'Charlie Sheen', 'actor'),
(70, 'cheerleading', 'cheerleading', NULL),
(71, 'chess', 'chess', 'sport'),
(72, 'chevrolet-corvette', 'Chevrolet Corvette', 'car'),
(73, 'christ-the-redeemer-statue', 'Christ the Redeemer (statue)', 'statue'),
(74, 'christmas', 'Christmas', 'event'),
(75, 'church', 'church', 'religion'),
(76, 'cigaret', 'cigaret', NULL),
(77, 'cinema', 'cinema', NULL),
(446, 'city', 'city', NULL),
(78, 'clay', 'clay', NULL),
(79, 'climbing', 'climbing', NULL),
(477, 'clothes', 'clothes', NULL),
(80, 'clown', 'clown', NULL),
(81, 'cocaine', 'cocaine', 'drug'),
(82, 'coffin', 'coffin', 'funeral'),
(456, 'comics', 'comics', NULL),
(445, 'computer', 'computer', NULL),
(437, 'computer-animation', 'computer animation', NULL),
(83, 'confession-box', 'confession box', 'religion'),
(84, 'construction-site', 'construction site', NULL),
(85, 'construction-worker', 'construction worker', NULL),
(472, 'country', 'country', NULL),
(86, 'court', 'court', NULL),
(87, 'cover', 'cover', NULL),
(88, 'cow', 'cow', 'animal'),
(89, 'cowboy', 'cowboy', NULL),
(526, 'crack', 'crack', NULL),
(90, 'cross', 'cross', 'religion'),
(91, 'cue-billiard-sports', 'Cue (billiard) sports', 'sport'),
(93, 'czech-republic', 'Czech Republic', 'country'),
(535, 'dance-audition', 'dance audition', NULL),
(94, 'danny-devito', 'Danny DeVito', 'actor'),
(95, 'dariusz-michalczewski', 'Dariusz Michalczewski', 'boxing'),
(471, 'day-of-the-week', 'day of the week', NULL),
(96, 'deer', 'deer', 'animal'),
(490, 'defense-of-the-ancients-dota', 'Defense Of The Ancients (DotA)', NULL),
(97, 'dentist', 'dentist', NULL),
(98, 'desert', 'desert', NULL),
(99, 'devil', 'Devil', NULL),
(100, 'dig-dug', 'Dig Dug', 'video-game'),
(101, 'dig-your-own-grave', 'dig your own grave', NULL),
(102, 'dinosaur', 'dinosaur', 'animal'),
(459, 'disability', 'disability', NULL),
(103, 'dodgeball', 'dodgeball', 'sport'),
(104, 'dog', 'dog', 'animal'),
(105, 'dolph-lundgren', 'Dolph Lundgren', 'actor'),
(106, 'don-king', 'Don King', 'boxing'),
(107, 'donald-trump', 'Donald Trump', 'president'),
(108, 'donkey-kong', 'Donkey Kong', 'video-game'),
(109, 'donut', 'donut', 'food'),
(110, 'drug', 'drug', NULL),
(112, 'drunk', 'drunk', NULL),
(113, 'dubai', 'Dubai', 'city'),
(114, 'duck-hunt', 'Duck Hunt', 'video-game'),
(115, 'duke-nukem', 'Duke Nukem', 'video-game'),
(116, 'eagle', 'eagle', 'animal'),
(117, 'eddie-murphy', 'Eddie Murphy', 'actor'),
(118, 'eiffel-tower', 'Eiffel Tower', 'paris'),
(119, 'electric-treadmill', 'electric treadmill', NULL),
(120, 'elephant', 'elephant', 'animal'),
(122, 'elvis-presley', 'Elvis Presley', 'singer'),
(123, 'erich-fromm', 'Erich Fromm', NULL),
(458, 'event', 'event', NULL),
(124, 'ewa-minge', 'Ewa Minge', NULL),
(126, 'excitebike', 'ExciteBike', 'video-game'),
(476, 'exercise-bike', 'exercise bike', NULL),
(127, 'falling-star', 'falling star', NULL),
(128, 'fast-food', 'fast food', 'food'),
(129, 'fed-up-with-job', 'fed up with job', 'job'),
(533, 'felix-the-cat', 'Felix the Cat', NULL),
(130, 'female-bodybuilder', 'female bodybuilder', NULL),
(131, 'ferrari', 'Ferrari', 'car'),
(132, 'fiat', 'Fiat', 'car'),
(133, 'fiat-126', 'Fiat 126', 'car'),
(480, 'fictional-character', 'fictional character', NULL),
(134, 'fidget-spinner', 'fidget spinner', 'toy'),
(442, 'fifa-soccer', 'FIFA Soccer', 'video-game'),
(451, 'film', 'film', NULL),
(135, 'film-set', 'film set', NULL),
(136, 'first-person-perspective-fpp', 'first-person perspective (FPP)', NULL),
(137, 'fishing', 'fishing', NULL),
(139, 'fitness', 'fitness', 'sport'),
(530, 'fjallraven-kanken', 'Fjallraven - Kanken', NULL),
(428, 'floyd-mayweather', 'Floyd Mayweather', 'boxing'),
(140, 'flute', 'flute', NULL),
(464, 'food', 'food', NULL),
(141, 'food-fight', 'food fight', 'food'),
(142, 'football', 'football', 'sport'),
(143, 'ford-mustang', 'Ford Mustang', 'car'),
(144, 'forest', 'forest', NULL),
(145, 'friday', 'friday', 'day-of-the-week'),
(146, 'friday-the-13th', 'Friday the 13th', 'film'),
(148, 'funeral', 'funeral', 'event'),
(149, 'games-of-thrones', 'Games Of Thrones', 'tv-show'),
(150, 'gangsta', 'gangsta', NULL),
(151, 'garage', 'garage', NULL),
(152, 'gas-mask', 'gas mask', NULL),
(528, 'go-go-boot', 'go-go boot', NULL),
(153, 'go-kart', 'go-kart', NULL),
(509, 'gold', 'gold', NULL),
(154, 'golf', 'golf', 'sport'),
(155, 'gothic-metal', 'Gothic Metal', NULL),
(156, 'grand-theft-auto', 'Grand Theft Auto', 'video-game'),
(157, 'graveyard', 'graveyard', NULL),
(484, 'greek-mythology', 'Greek mythology', NULL),
(450, 'gremlins', 'Gremlins', 'film'),
(158, 'gucci', 'Gucci', 'clothes'),
(159, 'guru', 'guru', NULL),
(160, 'gym', 'gym', 'sport'),
(481, 'gypsy', 'gypsy', NULL),
(429, 'haggen-dans', 'Haggen Dans', 'ice-cream'),
(473, 'hair', 'hair', NULL),
(161, 'hairdresser', 'hairdresser', 'hair'),
(162, 'haiti', 'Haiti', 'country'),
(163, 'hammock', 'hammock', NULL),
(164, 'hammurabi', 'Hammurabi', NULL),
(165, 'handcuff', 'handcuff', NULL),
(166, 'hangover', 'hangover', NULL),
(167, 'hans-christian-andersen', 'Hans Christian Andersen', 'writer'),
(168, 'harem', 'harem', NULL),
(169, 'helicopter', 'helicopter', NULL),
(170, 'hello-kitty', 'Hello Kitty', 'fictional-character'),
(171, 'hijack', 'hijack', NULL),
(172, 'hiking', 'hiking', NULL),
(173, 'home-army-ak', 'Home Army (AK)', NULL),
(174, 'horse', 'horse', 'animal'),
(175, 'hospital', 'hospital', NULL),
(176, 'http-404', 'HTTP 404', NULL),
(177, 'hugh-hefner', 'Hugh Hefner', NULL),
(178, 'human-as-animal', 'human as animal', NULL),
(179, 'ibiza', 'Ibiza', 'city'),
(180, 'ice-cream', 'ice cream', NULL),
(181, 'ice-cream-truck', 'ice cream truck', 'ice-cream'),
(182, 'ice-skate', 'ice skate', 'sport'),
(183, 'instagram', 'Instagram', 'software'),
(517, 'j-hope', 'J-Hope', NULL),
(184, 'j-r-r-tolkien', 'J. R. R. Tolkien', 'writer'),
(185, 'james-bond', 'James Bond', 'fictional-character'),
(186, 'janis-joplin', 'Janis Joplin', 'singer'),
(187, 'japan', 'Japan', 'country'),
(188, 'jeep-wrangler', 'Jeep Wrangler', 'car'),
(189, 'jesus', 'Jesus', 'religion'),
(514, 'jimin', 'Jimin', NULL),
(519, 'jin', 'Jin', NULL),
(485, 'job', 'job', NULL),
(427, 'john-deep', 'John Deep', 'actor'),
(190, 'john-travolta', 'John Travolta', 'actor'),
(191, 'johnny-bravo', 'Johnny Bravo', 'tv-show'),
(507, 'juliusz-slowacki', 'Juliusz Słowacki', NULL),
(192, 'jump-rope', 'jump rope', NULL),
(515, 'jungkook', 'JungKook', NULL),
(193, 'junkyard', 'junkyard', NULL),
(439, 'k-pax', 'K-PAX', 'film'),
(194, 'kamasutra', 'Kamasutra', NULL),
(195, 'karaoke', 'karaoke', NULL),
(196, 'karate', 'karate', 'sport'),
(197, 'katowice', 'Katowice', 'city'),
(198, 'kayak', 'kayak', NULL),
(199, 'keanu-reeves', 'Keanu Reeves', 'actor'),
(200, 'kebab', 'kebab', 'food'),
(201, 'kendo', 'kendo', 'sport'),
(202, 'kevin-costner', 'Kevin Costner', 'actor'),
(203, 'kick-scooter', 'kick scooter', NULL),
(204, 'kids-play---war', 'kids play - war', NULL),
(205, 'kiss', 'KISS', 'band'),
(206, 'kissing', 'kissing', NULL),
(207, 'krav-maga', 'Krav Maga', 'sport'),
(208, 'lamborghini', 'Lamborghini', 'car'),
(209, 'larry-flint', 'Larry Flint', NULL),
(210, 'laundry', 'laundry', NULL),
(492, 'league-of-legends', 'League of Legends', 'video-game'),
(211, 'led-shoes', 'LED shoes', 'shoes'),
(212, 'legia-warsaw', 'Legia Warsaw', NULL),
(214, 'leonardo-dicaprio', 'Leonardo DiCaprio', 'actor'),
(440, 'lexus', 'Lexus', 'car'),
(215, 'limousine', 'limousine', 'car'),
(216, 'lolipop', 'lolipop', 'food'),
(217, 'looney-tunes', 'Looney Tunes', NULL),
(218, 'lost-in-translation-film', 'Lost in Translation (film)', 'film'),
(219, 'louis-vuitton', 'Louis Vuitton', 'clothes'),
(220, 'lowrider', 'lowrider', 'car'),
(221, 'lyric-video', 'lyric video', NULL),
(222, 'macaulay-culkin', 'Macaulay Culkin', 'actor'),
(223, 'malibu', 'Malibu', 'city'),
(224, 'man-in-women-clothes', 'man in women clothes', NULL),
(524, 'man-on-high-heels', 'man on high heels', NULL),
(225, 'maradona', 'Maradona', 'football'),
(226, 'marihuana', 'marihuana', 'drug'),
(227, 'marilyn-manson', 'Marilyn Manson', 'singer'),
(431, 'mariusz-pudzianowski', 'Mariusz Pudzianowski', NULL),
(229, 'mars', 'Mars', NULL),
(230, 'masturbation', 'masturbation', NULL),
(231, 'matrix', 'Matrix', 'film'),
(441, 'mdma', 'MDMA', 'drug'),
(232, 'men-in-black', 'Men In Black', 'film'),
(502, 'mephedrone', 'Mephedrone', NULL),
(233, 'mercedes', 'Mercedes', 'car'),
(234, 'michael-j-fox', 'Michael J. Fox', 'actor'),
(235, 'michael-jackson', 'Michael Jackson', 'singer'),
(236, 'microsoft-windows', 'Microsoft Windows', 'software'),
(237, 'midas', 'Midas', 'greek-mythology'),
(238, 'midget', 'midget', NULL),
(239, 'mike-tyson', 'Mike Tyson', 'boxing'),
(240, 'military', 'military', NULL),
(483, 'milk', 'milk', NULL),
(241, 'milkman', 'milkman', 'milk'),
(242, 'mime', 'mime', NULL),
(243, 'mini', 'MINI', 'car'),
(534, 'minning', 'minning', NULL),
(244, 'missing-person', 'missing person', NULL),
(245, 'mixed-martial-arts-mma', 'mixed martial arts (MMA)', 'sport'),
(246, 'mobile-phone-overuse', 'mobile phone overuse', NULL),
(247, 'monako', 'Monako', 'country'),
(248, 'money', 'money', NULL),
(249, 'morning-wake-up', 'morning wake up', NULL),
(250, 'mortal-kombat', 'Mortal Kombat', 'video-game'),
(251, 'motocross', 'motocross', 'sport'),
(252, 'motorcycle', 'motorcycle', NULL),
(253, 'mr-t', 'Mr. T', NULL),
(254, 'muay-thai', 'Muay Thai', 'sport'),
(255, 'murder', 'murder', NULL),
(504, 'nacos', 'Nacos', NULL),
(257, 'nasa', 'NASA', 'sport'),
(488, 'neo-geo', 'Neo Geo', NULL),
(258, 'nerf', 'NERF', 'toy'),
(259, 'new-year', 'New Year', 'event'),
(537, 'new-york-yankees-hat', 'New York Yankees hat', NULL),
(443, 'niki-lauda', 'Niki Lauda', NULL),
(525, 'nintendo', 'Nintendo', NULL),
(449, 'nintendo-entertainment-system-nes', 'Nintendo Entertainment System (NES)', 'video-game-console'),
(260, 'nintendo-wii', 'Nintendo Wii', 'video-game-console'),
(513, 'nissan-micra', 'Nissan Micra', NULL),
(261, 'nun', 'nun', NULL),
(262, 'nurse', 'nurse', NULL),
(487, 'oddworld', 'Oddworld', NULL),
(263, 'on-the-roof-of-a-car', 'on the roof of a car', NULL),
(264, 'pablo-escobar', 'Pablo Escobar', NULL),
(265, 'pacman', 'PacMan', 'video-game'),
(497, 'painkiller', 'Painkiller', 'video-game'),
(266, 'pamela-anderson', 'Pamela Anderson', 'actor'),
(267, 'paper-plane', 'paper plane', NULL),
(268, 'paperboy', 'paperboy', NULL),
(434, 'paprykarz-szczecinski', 'Paprykarz szczeciński', 'food'),
(269, 'parachute', 'parachute', NULL),
(270, 'paragliding', 'paragliding', NULL),
(465, 'paris', 'Paris', 'city'),
(271, 'patrick-swayze', 'Patrick Swayze', 'actor'),
(527, 'pepsi', 'Pepsi', NULL),
(272, 'perla-beer', 'Perła (beer)', 'alcohol'),
(273, 'personal-water-craft-water-scooter', 'personal water craft (water scooter)', NULL),
(482, 'phone', 'phone', NULL),
(274, 'pierogi', 'pierogi', 'food'),
(275, 'pikachu', 'Pikachu', 'fictional-character'),
(276, 'pimp', 'pimp', NULL),
(277, 'pink-clothes', 'pink clothes', 'clothes'),
(510, 'pink-hair', 'pink hair', NULL),
(531, 'pink-shoes', 'pink shoes', NULL),
(278, 'playboy-mansion', 'Playboy Mansion', NULL),
(279, 'playground', 'playground', NULL),
(280, 'playhouse', 'playhouse', NULL),
(281, 'playing-cards', 'playing cards', NULL),
(282, 'polar-bear', 'polar bear', 'animal'),
(283, 'pole-dance', 'pole dance', NULL),
(284, 'police', 'police', NULL),
(285, 'pong', 'Pong', 'video-game'),
(286, 'popeye', 'Popeye', 'comics'),
(288, 'porsche', 'Porsche', 'car'),
(289, 'postal', 'Postal', 'video-game'),
(290, 'president', 'president', NULL),
(291, 'priest', 'priest', NULL),
(292, 'prison', 'prison', NULL),
(293, 'prozac', 'Prozac', 'drug'),
(294, 'psychodelic', 'psychodelic', NULL),
(295, 'punk', 'punk', NULL),
(296, 'pursuit', 'pursuit', NULL),
(297, 'q-bert', 'Q*bert', 'video-game'),
(298, 'radom', 'Radom', 'city'),
(300, 'rap', 'rap', NULL),
(301, 'red-bull', 'Red Bull', NULL),
(447, 'red-dead-redemption', 'Red Dead Redemption', 'video-game'),
(302, 'red-hair', 'red hair', 'hair'),
(501, 'red-high-heels', 'red high heels', NULL),
(463, 'religion', 'religion', NULL),
(304, 'reservoir-dogs', 'Reservoir Dogs', 'film'),
(305, 'retirement-home', 'retirement home', NULL),
(516, 'rm', 'RM', NULL),
(307, 'robin-williams', 'Robin Williams', 'actor'),
(308, 'robocop', 'RoboCop', 'film'),
(309, 'robot', 'robot', NULL),
(512, 'rockabilly', 'rockabilly', NULL),
(475, 'rocky', 'Rocky', 'film'),
(310, 'rocky-balboa', 'Rocky Balboa', 'rocky'),
(311, 'roller-coaster', 'roller coaster', NULL),
(312, 'roller-skates', 'roller skates', NULL),
(313, 'rolls-royce', 'Rolls-Royce', 'car'),
(314, 'ron-jeremy', 'Ron Jeremy', 'actor'),
(315, 'rowing', 'rowing', 'sport'),
(316, 'rubber-duck', 'rubber duck', 'toy'),
(317, 'running', 'running', 'sport'),
(318, 'samsung-galaxy-note-5', 'Samsung Galaxy Note 5', 'phone'),
(498, 'sang-yang', 'Sang Yang', 'car'),
(319, 'santa-claus', 'Santa Claus', 'christmas'),
(320, 'sauna', 'sauna', NULL),
(453, 'scarface', 'scarface', 'film'),
(321, 'school', 'school', NULL),
(322, 'school-bus', 'school bus', 'school'),
(323, 'sea', 'sea', NULL),
(468, 'season', 'season', NULL),
(532, 'sega-dreamcast', 'Sega Dreamcast', NULL),
(324, 'seven-deadly-sins', 'seven deadly sins', NULL),
(325, 'sex-cam', 'sex cam', NULL),
(326, 'sexercize', 'sexercize', NULL),
(327, 'shelby-ac-cobra', 'Shelby AC Cobra', 'car'),
(328, 'shoes', 'shoes', NULL),
(329, 'shooting', 'shooting', NULL),
(330, 'shop', 'shop', NULL),
(331, 'shopping-mall', 'shopping mall', 'shop'),
(332, 'shower', 'shower', NULL),
(466, 'singer', 'singer', NULL),
(333, 'sisyphus', 'Sisyphus', 'greek-mythology'),
(334, 'skateboarding', 'skateboarding', 'sport'),
(335, 'ski-jumping', 'ski jumping', 'sport'),
(336, 'skull', 'skull', NULL),
(337, 'skull-face', 'skull face', NULL),
(494, 'sling', 'sling', NULL),
(536, 'smoke-bomb', 'smoke bomb', NULL),
(338, 'snake', 'snake', 'animal'),
(503, 'snickers', 'Snickers', NULL),
(339, 'snoop-dogg', 'snoop dogg', 'singer'),
(340, 'snowmobile', 'snowmobile', NULL),
(455, 'software', 'software', NULL),
(341, 'solarium', 'solarium', NULL),
(342, 'sonic-the-hedgehog', 'Sonic The Hedgehog', 'video-game'),
(343, 'sony-playstation', 'Sony Playstation', 'video-game-console'),
(344, 'sos', 'SOS', NULL),
(345, 'space', 'space', NULL),
(346, 'spice-girls', 'Spice Girls', 'band'),
(347, 'spider-man', 'Spider-Man', 'comics'),
(522, 'split', 'split', NULL),
(348, 'spodek', 'Spodek', 'katowice'),
(349, 'sport', 'sport', NULL),
(508, 'sports-hall', 'sports hall', NULL),
(350, 'stadium', 'stadium', NULL),
(351, 'star-trek', 'Star Trek', 'tv-show'),
(352, 'star-wars', 'Star Wars', 'film'),
(462, 'statue', 'statue', NULL),
(353, 'stay-away-from-my-daughter', 'stay away from my daughter', NULL),
(470, 'steve-o', 'Steve-O', NULL),
(354, 'steven-spielberg', 'Steven Spielberg', NULL),
(355, 'stewardes', 'stewardes', NULL),
(356, 'striptease', 'striptease', NULL),
(357, 'subaru', 'Subaru', 'car'),
(518, 'suga', 'Suga', NULL),
(358, 'suicide', 'suicide', NULL),
(359, 'summer', 'summer', 'season'),
(360, 'sumo', 'sumo', NULL),
(361, 'super-mario-bros', 'Super Mario Bros.', 'video-game'),
(362, 'superhero', 'superhero', NULL),
(363, 'supermarket', 'supermarket', NULL),
(364, 'surfing', 'surfing', 'sport'),
(365, 'sushi', 'sushi', 'food'),
(366, 'swimming-pool', 'swimming pool', NULL),
(367, 'sylvester-stallone', 'Sylvester Stallone', 'actor'),
(368, 'szampanskoje-igristoje', 'Szampanskoje Igristoje', 'alcohol'),
(369, 'table-tennis-ping-pong', 'table tennis (ping pong)', 'sport'),
(521, 'taehyung', 'Taehyung', NULL),
(370, 'taj-mahal', 'Taj Mahal', NULL),
(511, 'tattoo', 'tattoo', NULL),
(448, 'taxi', 'taxi', NULL),
(371, 'tekken', 'Tekken', 'video-game'),
(372, 'tennis', 'tennis', 'sport'),
(373, 'tequila', 'tequila', 'alcohol'),
(375, 'tetris', 'Tetris', 'video-game'),
(376, 'the-flintstones', 'The Flintstones', 'tv-show'),
(426, 'the-godfather', 'The Godfather', 'film'),
(378, 'the-simpsons', 'The Simpsons', 'tv-show'),
(379, 'the-sopranos', 'The Sopranos', 'tv-show'),
(489, 'the-witcher', 'The Witcher', 'video-game'),
(380, 'theme-park', 'theme park', NULL),
(381, 'thermal-video', 'thermal video', NULL),
(382, 'thomas-the-tank-engine', 'Thomas The Tank Engine', NULL),
(383, 'tic-tac-toe', 'Tic-tac-toe', 'toy'),
(384, 'tiger', 'tiger', 'animal'),
(385, 'tinder', 'Tinder', 'software'),
(386, 'tits', 'tits', NULL),
(493, 'tomb-raider', 'Tomb Raider', 'video-game'),
(523, 'tomboy-hair', 'tomboy hair', NULL),
(436, 'tony-montana', 'Tony Montana', 'scarface'),
(457, 'toy', 'toy', NULL),
(387, 'tricycle', 'tricycle', NULL),
(388, 'tron', 'Tron', 'film'),
(389, 'tuesday', 'tuesday', 'day-of-the-week'),
(390, 'tupac-shakur', 'Tupac Shakur', 'singer'),
(452, 'tv-show', 'tv-show', NULL),
(391, 'twerking', 'twerking', NULL),
(392, 'twitter', 'twitter', 'software'),
(393, 'two-guys-one-girl', 'two guys one girl', NULL),
(394, 'typewriter', 'typewriter', NULL),
(395, 'ufo', 'UFO', NULL),
(396, 'usa-vs-russia', 'USA vs Russia', NULL),
(520, 'v', 'V', NULL),
(398, 'victoria-s-secret', 'Victoria’s Secret', 'clothes'),
(399, 'video-arcade', 'video arcade', NULL),
(400, 'video-game', 'video game', NULL),
(401, 'video-game-console', 'video game console', NULL),
(402, 'violet-hair', 'violet hair', 'hair'),
(500, 'violin', 'violin', NULL),
(403, 'virtual-reality-vr', 'Virtual reality (VR)', NULL),
(404, 'vladimir-putin', 'Vladimir Putin', 'president'),
(405, 'vlog', 'vlog', NULL),
(406, 'volleyball', 'volleyball', 'sport'),
(407, 'volvo', 'Volvo', 'car'),
(408, 'warsaw', 'Warsaw', 'city'),
(409, 'warsaw-university-of-life-sciences-sggw', 'Warsaw University of Life Sciences (SGGW)', 'school'),
(435, 'warsaw-uprising', 'Warsaw Uprising', 'warsaw'),
(410, 'wedding', 'wedding', 'event'),
(411, 'werewolf', 'werewolf', NULL),
(412, 'wheelchair', 'wheelchair', 'disability'),
(413, 'white-house', 'White House', NULL),
(414, 'whoopi-goldberg', 'Whoopi Goldberg', 'actor'),
(415, 'wikipedia', 'Wikipedia', 'software'),
(416, 'wild-west', 'Wild West', NULL),
(417, 'wolf', 'wolf', 'animal'),
(418, 'woman-beat-man', 'woman beat man', NULL),
(491, 'world-of-tanks', 'World Of Tanks', NULL),
(419, 'wrecking-ball', 'wrecking ball', NULL),
(420, 'wrestling', 'wrestling', 'sport'),
(474, 'writer', 'writer', NULL),
(421, 'wunder-baum', 'Wunder-Baum', NULL),
(422, 'xanax', 'Xanax', 'drug'),
(529, 'yellow-hair', 'yellow hair', NULL),
(423, 'yves-saint-laurent', 'Yves Saint Laurent', 'clothes'),
(424, 'zelda-williams', 'Zelda Williams', 'actor'),
(425, 'zombie', 'zombie', NULL);

-- --------------------------------------------------------

--
-- Struktura tabeli dla tabeli `user`
--

CREATE TABLE `user` (
  `user_id` int NOT NULL,
  `username` varchar(255) NOT NULL,
  `password` varchar(255) NOT NULL,
  `email` varchar(255) DEFAULT NULL,
  `www` varchar(50) DEFAULT NULL,
  `facebook_id` varchar(30) DEFAULT NULL,
  `created_at` timestamp NOT NULL DEFAULT CURRENT_TIMESTAMP
) ENGINE=InnoDB DEFAULT CHARSET=utf8;

--
-- Zrzut danych tabeli `user`
--

INSERT INTO `user` (`user_id`, `username`, `password`, `email`, `www`, `facebook_id`) VALUES
(1, 'slk500', '$2y$10$dJwH.TIZxvWldVrIMik.feSfnwTHMxHZ6pAwKN8ooLlJMW9INol4q', 'slawomir.grochowski@gmail.com', NULL, NULL),
(3, 'cli', '$2y$10$tOP1q3wYIzrmiD3kzt2kU.3nqiVr9f5lYAfE4/usENvUT34WVeFl.', 'adam.kliczek@gmail.com', NULL, NULL),
(4, 'chloeelove', '$2y$10$Vz5bF6JAuG.7DziMHlwDN.mq3SJQ2Cy62K3rawEfZqGxEdNGa.6fa', 'Elizaabeth.chloee@gmail.com', NULL, NULL),
(5, 'mario', '$2y$10$3VgKNhqPRR/IPeqmZVzvIe07SOfhsISxA1BN4TFADo8rowCegYRq2', 'mario@o2.pl', NULL, NULL);

-- --------------------------------------------------------

--
-- Struktura tabeli dla tabeli `video`
--

CREATE TABLE `video` (
  `video_youtube_id` varchar(11) NOT NULL,
  `user_id` int DEFAULT NULL,
  `name` varchar(100) DEFAULT NULL,
  `release_date` date DEFAULT NULL,
  `duration` smallint DEFAULT NULL,
  `created_at` timestamp NOT NULL DEFAULT CURRENT_TIMESTAMP
) ENGINE=InnoDB DEFAULT CHARSET=utf8;

--
-- Zrzut danych tabeli `video`
--

INSERT INTO `video` (`video_youtube_id`, `user_id`, `name`, `release_date`, `duration`) VALUES
('-5slZHLSnow', 1, 'Everybody Dies', NULL, 165),
('-F7A24f6gNc', 1, 'Speed Of Light', NULL, 304),
('-fGoW73hLLg', 1, 'Pola Ar', '2016-11-18', 340),
('-KPnyf8vwXI', 1, 'Never Be Like You', NULL, 233),
('-nC5TBv3sfU', 1, 'Tech Noir', '2015-11-03', 319),
('-RJSbO8UZVY', NULL, 'Youngblood', NULL, 230),
('-sNWKbnaFkg', 1, 'Bad Karma', '2017-01-13', 432),
('-UNH0ChsYFw', 1, 'The Corpse Song (Zombie Strippers)', NULL, 165),
('06wmI1sto34', 1, 'Analogpunk 2.0', '2017-07-05', 193),
('0AqnCSdkjQ0', 1, 'Guts Over Fear ft. Sia', NULL, 333),
('0cZ8-RgtrP0', NULL, 'Overwhelming', NULL, 120),
('0gWoNN-4x1U', 1, 'Thirteen (Dancer Alethea Austin)', NULL, 251),
('0hcEiEyylEA', 1, 'Sinnerman (Felix Da Housecat\'s Heavenly House Mix)', NULL, 216),
('0JSt7RCgHic', 1, 'Trenuj (Prod. M.C.)', '2013-04-22', 207),
('0JWeNMnXI7c', 1, 'Illusions (Giana Sisters Tribute)', NULL, 317),
('0KSOMA3QBU0', 1, 'Dark Horse ft. Juicy J', NULL, 226),
('0l0nzPpvbFs', 1, 'The Lost Art Of Keeping A Secret', '2009-12-23', 221),
('0n5kgP-O83k', 1, 'Pasja Prod. Swr', '2015-01-01', 233),
('0n7uVDQWrYs', 1, 'Queen B', NULL, 261),
('0NhqN0KcWAE', 1, 'Naked Eye', '2009-02-27', 272),
('0ymI54DuMj8', 1, 'At All', NULL, 190),
('1hvEmhWdaXg', 1, 'God, Girls, and Football', NULL, 245),
('1jFIYViVOQo', 1, 'Pac-Man Fever (Eat ‘Em Up)', NULL, 212),
('1lfFF0joUqI', 1, 'Mała Mi', '2015-02-02', 211),
('1tInbiCG1cI', 1, 'James Bond Theme (Moby’s Re-version)', '2009-03-05', 211),
('1VQ_3sBZEm0', 1, 'Learn To Fly', '2009-10-03', 276),
('22tCfmdLT_k', 1, 'Immortal', NULL, 211),
('27R_goWiAAU', 1, 'This Is The New Year', '2013-04-24', 200),
('2cTZTqBU1Rc', NULL, 'FIRE', NULL, 218),
('2CXD8PK6Djc', 1, 'Sunday', '2009-10-07', 242),
('2eng2xORfSs', 1, 'Dorothy At Forty', '2006-12-15', 186),
('2IH8tNQAzSs', 1, 'Lollipop ft. Static', NULL, 301),
('2Rx_AA5GfNE', 1, 'Sword Of The Witcher', NULL, 219),
('2xlJnipdpSc', 1, 'Being A Girl', NULL, 123),
('2Yt9v3XsgFI', NULL, 'Just One Day', NULL, 241),
('31mlEEs9_Vk', 1, 'Look At Me', '2011-07-30', 257),
('352IcwNtYTQ', 1, 'Keep On Dancing', '2013-08-27', 192),
('3AtDnEC4zak', 1, 'We Don\'t Talk Anymore (Feat. Selena Gomez) [Official Video]', '2016-08-02', 231),
('3BLj9PVlLEw', 1, 'Pezet X Jimek', '2012-11-29', 234),
('3hOZaTGnHU4', 1, 'It Ain\'t Hard To Tell', '2014-03-24', 186),
('3IJ3XXomxiM', 1, 'Bizarre Love Triangle', NULL, 259),
('3JWTaaS7LdU', 1, 'I Will Always Love You', NULL, 275),
('3K0RzZGpyds', 1, 'Look What You Made Me Do', '2017-08-25', 215),
('3N7JIgDdIIE', 1, 'Dr. Jolin', NULL, 223),
('3qQX1XxjoGY', 1, 'Inspiracje', NULL, 255),
('3rFoGVkZ29w', 1, 'St. Anger ', NULL, 349),
('3tmd-ClpJxA', 1, 'Look What You Made Me Do', '2017-08-28', 256),
('3tUh-x-fp8Q', 1, 'Bad Habit', '2014-10-17', 219),
('3Uo0JAUWijM', 1, 'Happy New Year', '2009-10-08', 268),
('3Yuqxl284cg', 1, 'Bad Girls', '2012-02-05', 251),
('404oPn6tudE', 1, 'Männer sind Schweine', NULL, 241),
('42RpIcaGMgM', 1, 'Idę Na Całość', '2017-05-16', 297),
('498zUzNGQxY', 1, 'Doing It To Death', NULL, 230),
('4aeETEoNfOg', 1, '1979', '2011-08-03', 262),
('4emYaDbaJ8w', 1, 'DONE', NULL, 221),
('4mDFJTRhRQ8', 1, '\"PAPRYKARZ\"', NULL, 152),
('4nKllakGRJM', 1, 'Make You Believe In Love', NULL, 212),
('4SxYxzndyGY', 1, 'Cesarz Prod. Boryrobibity', '2018-02-05', 189),
('4T5km19zUG4', 1, 'New Year', '2012-12-09', 215),
('4TV_128Fz2g', 1, 'The Cigarette Duet', '2011-06-07', 263),
('4UigxQpX4J0', 1, 'Sikam Szampan (prod.by Abel de Jong)', NULL, 149),
('4Y0OjXN095Q', 1, 'Dopóki Jestem', '2011-11-16', 240),
('4zdt32VHO5I', 1, 'The Thing', '2014-10-02', 209),
('59xXcrJyx3s', 1, 'Bloodstream', NULL, 219),
('5Ft8yL7VLR4', 1, 'Discopolis (Official Video)', '2012-01-12', 202),
('5GL9JoH4Sws', 1, 'Work From Home Ft. Ty Dolla $Ign', '2016-02-26', 220),
('5JqY-6q-RNA', 1, 'The Phoenix (Kinetic Typography Lyrics)', '2017-02-27', 249),
('5JxgDJvqGmM', 1, 'The Ocean Ft. Shy Martin', '2016-07-20', 185),
('5nOqvm_62rM', 1, 'Cool Me Down', NULL, 180),
('5NPBIwQyPWE', 1, 'Complicated', NULL, 253),
('5pzewu2wodU', 1, 'ZŁE SNY FT. KARTKY', NULL, 276),
('5wrwcEZ3Btw', 1, 'In This World', NULL, 207),
('5yXQJBU8A28', 1, 'Fast Car Ft. Dakota', '2016-01-15', 216),
('6366dxFf-Os', 1, 'Why\'d You Only Call Me When You\'re High?', '2013-08-10', 289),
('6bCQ8VtraAA', 1, 'Karuzela', NULL, 167),
('6Ejga4kJUts', 1, 'Zombie', '2009-06-16', 316),
('6G9CZSs9soo', 1, 'Tony Montana', NULL, 97),
('6hfDqt5uOOY', 1, 'Hanging On To Nothing', NULL, 216),
('6oqXVx3sBOk', 1, 'Coffee And Tv', NULL, 371),
('6QFwo57WKwg', 1, 'Fantasy', '2011-10-19', 216),
('6vYnas6q3Sg', 1, 'CoCo', '2014-10-13', 240),
('6WJFjXtHcy4', 1, 'Gucci Gucci', '2011-05-17', 191),
('6ZktNItwexo', 1, 'Spiderwebs', NULL, 244),
('7-tNUur2YoU', 1, 'We Come Together (ft. Sakhile Moleshe)', NULL, 261),
('78yMTyUz_Wk', 1, 'Incepcja', '2017-12-19', 231),
('7bO5h71TlMU', 1, 'Lovin\' Each Day', '2009-12-01', 216),
('7iH2eYFgDmg', 1, 'Girls Of Summer', NULL, 244),
('7p7vmwAMYgM', 1, 'Daj Mi Siebie', '2014-08-10', 217),
('7RMQksXpQSk', 1, 'This Is How We do', NULL, 210),
('7tm_zX8Nj2E', 1, 'Secretly', '2009-08-08', 347),
('7wtfhZwyrcc', 1, 'Believer', '2017-03-07', 217),
('7wzR_BVFsUU', NULL, 'Free Yourself', NULL, 392),
('7Y9UlEof6XI', 1, 'Perfect (Exceeder) ', NULL, 165),
('82cgNJBu_Jk', 1, 'Do Następnego', '2016-08-09', 216),
('8bdeizHM9OU', 1, 'Rich Bitch', '2011-03-08', 177),
('8BkYKwHLXiU', 1, 'La Copa De La Vida', '2009-10-03', 247),
('8BMnz4i2dM8', 1, 'Mas Macarena Ft. Los Del Rio', '2016-08-19', 234),
('8gsGhdZDC-0', 1, 'Chained To The Rhythm Ft. Skip Marley', '2017-02-10', 236),
('8JCHKvXINmQ', 1, 'Intro (prod. Auer, cuty DJ Panda)', NULL, 244),
('8MajmI5j7Bs', 1, 'More News From Nowhere', NULL, 487),
('8qImH-0UCHI', 1, 'Millionaire', '2009-03-06', 218),
('8SbUC-UaAxE', 1, 'November Rain', NULL, 548),
('8wRW57nBLMI', 1, 'I Wanna Feel', '2014-04-25', 211),
('8Yqru5UXWGY', NULL, 'Ex-Girlfriend', NULL, 227),
('98WtmW-lfeE', 1, 'Teenage Dream', NULL, 230),
('9dcVOmEQzKA', 1, 'Just Lose It', NULL, 246),
('9GFI6Rf-IkI', 1, 'The Fight Song', '2009-10-08', 175),
('9JpVynh9HWU', 1, 'Hands Tied', NULL, 251),
('9P2w_hq8YTk', 1, 'Everything Goes My Way', '2011-09-29', 183),
('9pdj4iJD08s', NULL, 'PLAYING WITH FIRE', NULL, 209),
('9PnOG67flRA', 1, 'The Bay (Music Video)', '2011-06-10', 231),
('9Riq6IMqXz8', 1, 'Pong Dance', '2016-03-11', 172),
('A0qA38h9w3o', 1, 'Ong Ong', NULL, 242),
('a4NYSwNAo08', 1, 'Cookin Ft. Rysovalid', '2016-08-29', 295),
('a59gmGkq_pw', 1, 'Cold Water (Feat. Justin Bieber & Mø) (Official Lyric Video)', '2016-07-22', 189),
('aAVRd5q8Ltg', 1, 'Wspin', '2015-10-25', 197),
('AbPED9bisSc', 1, 'Live While We\'re Young', '2012-09-20', 198),
('aCHg5r6rFoI', 1, 'The Flood', NULL, 301),
('AEPvRSCBpNM', 1, 'EBE EBE / SZYMON TUR & WOWO', NULL, 157),
('afBKjqAkNSw', NULL, 'Eat Pierogi', NULL, 215),
('AgFeZr5ptV8', 1, '22', '2013-03-13', 244),
('AH7XHhhlT3o', NULL, 'Adolf Hitler', NULL, 293),
('AHDtXqjgEj4', NULL, 'Gorilla', NULL, 363),
('aJBu5tc_HcA', 1, 'T-Killa', '2017-06-21', 285),
('ajN57m_OSpY', 1, 'Close To Me', NULL, 183),
('AOBs8dU4Pb8', 1, 'Run', '2009-06-26', 267),
('ATehtIKzqOI', 1, 'Lose Your Life', NULL, 155),
('aVgptqVwUcQ', 1, 'Jeden Żyć (Prod. Lanek)', '2016-08-15', 235),
('aVK-kiSae2g', 1, 'NFZ', '2017-01-15', 235),
('aXjhsn59NoI', 1, 'Happy New Year | Raghu Dixit | Pannaga Bharana', '2016-12-30', 246),
('aXouD11UeiE', 1, 'Eternal (Ft. ZEDION)', NULL, 274),
('ayGh05yrZDA', 1, 'Wunder-Baum (Prod. Sir Mich)', '2015-02-24', 238),
('AzAtim0o7Sw', 1, 'Muay Thai', '2014-09-01', 183),
('aZcSCT34H84', 1, 'Satisfaction', '2012-04-07', 145),
('Azf0BVBrJ0c', 1, 'Reservoir', '2014-05-07', 220),
('AzyogHbZKX8', 1, 'Wait For Me', NULL, 254),
('B0dM1JxSJ5g', 1, 'Ta Dama', '2015-10-12', 166),
('b0eFx5a-FMg', 1, 'Young & Unafraid', '2015-05-04', 210),
('b4_wbaOyVNY', 1, 'Zakochany Książę feat Tede (prod. Sir Mich)', NULL, 127),
('B9dSYgd5Elk', 1, 'Time To Pretend', NULL, 259),
('bccKotFwzoY', 1, 'Giving Up The Gun', NULL, 304),
('bE47er6qnqg', 1, 'Me And You', NULL, 267),
('bek1y2uiQGA', 1, 'I Could Be The One (Nicktim)', '2012-12-24', 286),
('bFLow5StvvU', 1, 'Window Shopper', NULL, 228),
('bfPWRV1tOrY', 1, 'Pseudoephedrine', '2016-09-07', 275),
('bIIGKV27FaY', 1, 'Eisbaer', NULL, 299),
('Bij1mFZv98M', 1, 'Czarne Lustra Prod. White House | Reset', '2017-11-30', 249),
('bIRmyfKOAfM', 1, 'Turn On Me [Official Video]', '2007-08-13', 225),
('bkhLzHuUYmo', 1, 'The Yabba', '2015-09-09', 416),
('BmqfygwiHqg', 1, 'Ostra Pompa', '2017-01-02', 213),
('bN5sl1r_cyY', 1, 'Król Cyganów', '2016-08-23', 213),
('bnCT0GXgLJg', 1, 'Drug Addicts', NULL, 177),
('bNEOwb9YA54', 1, 'Moc Energia I Papryka (Skoki Song)', '2018-01-06', 200),
('BnO3nijfYmU', 1, 'Rock DJ', NULL, 267),
('BO1Nae_EBvQ', 1, 'Lets Get Rocked', NULL, 296),
('bpOSxM0rNPM', 1, 'Do I Wanna Know?', '2013-06-19', 266),
('BR_DFMUzX4E', 1, 'This Is What It Feels Like', '2013-03-18', 250),
('BS46C2z5lVE', 1, 'My Love Ft. Jess Glynne', '2014-01-27', 191),
('bsUWK-fixiA', 1, 'M.I.L.F. $', '2016-07-01', 221),
('bw5pi9nUGJ8', 1, 'Only Getting Younger Ft. Skrillex', NULL, 258),
('bwmSjveL3Lc', NULL, 'BOOMBAYAH', NULL, 244),
('Bx51eegLTY8', 1, 'Take My Breath Away', NULL, 252),
('BxFvI-zpaRs', 1, 'Arms Around You', NULL, 199),
('bxWxXncl53U', 1, 'Soy Yo', '2016-09-07', 176),
('C-u5WLJ9Yk4', 1, 'Baby One More Time', NULL, 237),
('c3t9hM6jcbY', 1, 'Hit Or Miss', '2016-07-25', 259),
('Cb-gaZHYoLs', 1, 'Magenta (prod. Auer)', NULL, 207),
('CCIuQKDfkdY', 1, 'Chess Piece', NULL, 247),
('CDl9ZMfj6aE', 1, 'Smooth Criminal', NULL, 219),
('CduA0TULnow', 1, 'Oops!...I Did It Again', NULL, 252),
('CeMeDihwyrg', 1, 'Date Rape', '1992-00-00', 223),
('cgUjuGI4XJM', 1, 'Mogłem (Prod. Louis Villain)', '2017-12-20', 258),
('cH_rfGBwamc', 1, 'Violet', NULL, 223),
('CJinWua98NA', 1, 'Kangaroo Court', '2013-09-05', 283),
('cl28Dk0I62E', 1, 'Tequila', '2015-09-15', 220),
('cNAdtkSjSps', 1, 'Pong', '2009-11-19', 351),
('CncbXK6vURA', 1, 'Romeo', '2015-12-07', 204),
('CpaaHXDaRgU', 1, 'Blue Suede Shoes', '2017-04-18', 222),
('cvChjHcABPA', 1, 'Sos', '2009-10-08', 199),
('cVv2ZOXVYkQ', 1, 'Kontrola Jakości ft. Szpaku Prod. soSpecial', '2017-10-30', 248),
('CW5oGRx9CLM', 1, 'False Alarm', NULL, 346),
('CY8E6N5Nzec', 1, 'Friends *Official Friendzone Anthem*', '2018-02-09', 206),
('D0LyJqzaT2Q', 1, 'Rezzi (Lata Dans)', '2017-05-08', 254),
('d2XdmyBtCRQ', 1, 'Girls Girls Girls', NULL, 275),
('d7qNZ_QAz0Y', 1, 'Nie Ma Fal', NULL, 239),
('d8OI9FllKfg', NULL, '(I Just) Died In Your Arms', NULL, 257),
('Dg4setI1nMk', 1, 'Not Over You', NULL, 192),
('dGZmNRMjIRk', 1, 'Nie Śpię Bo Trzymam Gardę (Prod. Got Barss)', '2016-11-23', 266),
('dISNgvVpWlo', NULL, 'WHISTLE', NULL, 231),
('dKSJN3WWR3E', 1, 'Hate Me Now ft. Puff Daddy', NULL, 318),
('DL7-CKirWZE', 1, 'You Get What You Give', '2009-10-08', 280),
('dmJefsOErr0', 1, 'Swang', '2017-02-16', 229),
('dMMUH_ZpbB0', 1, 'Starboy Ft. Daft Punk', '2016-11-11', 232),
('dnItgFWtbIw', 1, 'Odile', NULL, 167),
('DPtfsk4ETjM', 1, 'These Boots Are Made For Walkin\'', '2009-10-03', 250),
('dQw4w9WgXcQ', 1, 'Never Gonna Give You Up', '2009-10-25', 213),
('dqZs-DFtx9g', 1, 'No Bitter End', '2016-04-20', 243),
('dTAAsCNK7RA', 1, 'Here It Goes Again', '2009-02-27', 185),
('DtVBCG6ThDk', 1, 'Rocket Man', '2017-05-22', 283),
('dwGO-wwKSjg', 1, 'Restless', '2011-07-21', 180),
('DYj40-cZ5vI', 1, 'Believer', NULL, 186),
('dZLfasMPOU4', 1, 'Stacy\'s Mom', '2009-03-12', 204),
('e-ASfL31Dv4', 1, 'Zwariowane Życie', '2013-07-14', 262),
('e-ORhEE9VVg', 1, 'Blank Space', NULL, 273),
('E2Qe3_gSG8Y', 1, 'Filipiny', '2018-01-04', 175),
('eAoqWu6wmfI', 1, 'We The People....', '2016-11-11', 178),
('EbfK7dei7ec', 1, 'Betrayed (Dir. By @_colebennett_)', '2017-08-28', 183),
('ecP-XLv1Rv0', 1, 'Fireflies', '2016-08-25', 192),
('eg1WUU74AUg', 1, 'Zmysły', '2015-03-18', 256),
('egcXvqiho4w', 1, 'Truckers Delight', NULL, 200),
('EgqUJOudrcM', 1, 'How Deep Is Your Love', '2015-08-06', 261),
('ehcVomMexkY', NULL, 'Pour It Up', NULL, 197),
('eJO5HU_7_1w', 1, 'The Real Slim Shady (Edited)', NULL, 268),
('EjQ7jJx9PJk', 1, 'Mortal Kombat', NULL, 206),
('El7GVPUl-r0', 1, 'Almost Unreal', NULL, 243),
('elsAYGFVMdY', 1, 'Grass Ain\'t Greener', '2016-08-26', 294),
('emGri7i8Y2Y', 1, 'In Too Deep', '2009-06-16', 222),
('en2D_5TzXCA', 1, 'Million Reasons', '2016-12-14', 253),
('EpmBNukssNw', 1, 'Tony Montana', NULL, 172),
('EVBsypHzF3U', 1, 'Telephone ft. Beyoncé', NULL, 571),
('Evug3WXIdak', 1, 'ŚLepcy (Feat. Sylwia Dynek) [Kooza Mash-up]', '2016-04-20', 190),
('EwlsmPJeBgw', 1, 'Weekend Z Życia Dilera Ft. Syn Ulicy (Muz. Nws )', '2011-11-11', 234),
('ewRjZoRtu0Y', 1, 'Paper Planes', '2009-06-17', 205),
('eZ1nDCWct7g', 1, 'BIEŁYJE NOSY feat. Książę Kapota / KARMAGEDON', NULL, 252),
('f3V-7DEAgdc', 1, 'Liberian Girl', NULL, 230),
('f4Mc-NYPHaQ', 1, 'I Want To Break Free', '2008-09-01', 272),
('F82W3tKtr8c', 1, 'Taste The Feeling', NULL, 193),
('fC3Cthm0HFU', 1, 'Last Donut Of The Night', '2011-08-16', 146),
('FG1c7NeofXU', 1, '(feat. Tomson) Jak Nie My To Kto', '2014-03-07', 222),
('fH41vPVIVP0', 1, 'Kapitan Kox', '2016-04-15', 224),
('FHCYHldJi_g', 1, 'I Got U Ft. Jax Jones', '2014-02-19', 239),
('fIQVVGJeIzA', 1, 'Roller Skate', '2017-09-07', 200),
('Fk1ZO_980DI', 1, 'She Knows ft. Juicy J', NULL, 200),
('fkMg_X9lHMc', 1, 'Kids (2 Finger an den Kopf)', NULL, 231),
('FM7MFYoylVs', 1, 'Something Just Like This', '2017-02-22', 248),
('fmI_Ndrxy14', 1, 'League of Legends', NULL, 171),
('foE1mO2yM04', 1, 'I Took A Pill In Ibiza (Seeb Remix) (Explicit)', '2016-02-27', 237),
('fQHEBL9Izn0', 1, '404 Prod. White House Skr. Dj Jaroz | Reset', '2018-02-08', 200),
('FsXMfEa_Rts', NULL, 'I Love Fidget Spinners!', NULL, 165),
('ftOsgV5s78o', 1, 'Zawsze Dobra Passa', '2018-01-02', 207),
('fwrY0D2ACNk', 1, 'Throw Sum Mo', NULL, 268),
('G005RC4tlVc', 1, 'Clockwise (Feat. Nick Row)', '2018-02-02', 219),
('g0kgw2kkFnM', 1, 'Moj Przyjacielu', NULL, 192),
('g6DdX51fnxM', 1, 'Don\'t Need You', '2016-11-06', 294),
('G7PJK0onRKY', 1, 'Ładni, Smutni Ludzie', NULL, 216),
('gbHTaPk8Qmk', 1, 'Dawned On Me', '2012-01-12', 243),
('Gevj5LNWx6c', 1, 'The Blues Feat. Dan Reeder', '2017-01-14', 185),
('Gf3bmQh8_dM', 1, 'Don\'t Deny Your Heart', NULL, 218),
('gG6q90HXSkw', NULL, 'Agent J', NULL, 215),
('GjkqNwYEzN0', 1, 'Guczi Sruczi Look', '2018-02-01', 223),
('gl1aHhXnN1k', 1, 'Thank U, Next', NULL, 331),
('gmfcYli6vV4', 1, 'The Walk', NULL, 249),
('gOb-EjyXRPQ', 1, 'Manchmal Haben Frauen', NULL, 287),
('gPefy4xnNpk', 1, 'Do The Whirlwind ', NULL, 252),
('grEterXHNW8', 1, 'Postawa Myślenia + Goście', '2012-01-26', 219),
('gSLGJs96Hy0', 1, 'Get Freaky', NULL, 225),
('Gtm5pGpb4HQ', 1, 'Balans', NULL, 269),
('GvXpkH-gl3Q', 1, 'What Are You Doing New Year\'s Eve?', '2016-12-06', 277),
('gwMa6gpoE9I', NULL, 'ON Kinetic Manifesto Film: Come Prima', NULL, 299),
('GXRVX1AKAew', 1, 'Coffee and TV', NULL, 371),
('H0h_EhCnDpI', 1, 'Badz Duzy', NULL, 251),
('h4UqMyldS7Q', 1, 'It Was A Good Day', '2009-02-24', 313),
('h6KYAVn8ons', 1, 'I Guess That\'s Why They Call It The Blues', '2010-09-01', 284),
('haEqhj76z3I', 1, 'Impossible Tracks', NULL, 222),
('HAWSBEhPiY8', 1, '05:05', '2017-12-21', 231),
('HcXNPI-IPPM', 1, 'Baby\'s On Fire', '2012-06-05', 416),
('HDTl9grOBdw', 1, 'Audi w LPG (el pe dżi)', '2016-11-04', 226),
('hdw1uKiTI5c', 1, 'Rise', '2016-08-05', 198),
('hi4pzKvuEQM', 1, 'Gold', '2014-08-12', 260),
('hjusmxc8yAQ', 1, 'Butter', '2016-08-07', 221),
('HkVS79y4p4Y', 1, 'Why You Always Hatin? Ft. Drake, Kamaiyah', '2016-08-15', 254),
('HL_WvOly7mY', 1, 'Beverly Hills', '2009-06-17', 242),
('hmbUNF1Q4R8', 1, 'New Shoes', '2007-06-15', 224),
('hmE9f-TEutc', NULL, 'Blood, Sweat & Tears', NULL, 364),
('HPP0yB-_blA', 1, 'Show Me', '2017-06-07', 189),
('HpyZEzrDf4c', NULL, 'You Make Me Feel... ft. Sabi', NULL, 215),
('hqwU7nv3hTM', 1, 'Fade Out Lines', NULL, 264),
('hR-NXv5Tma0', 1, 'Bubble Butt (feat. Bruno Mars, 2 Chainz, Tyga & Mystic)', NULL, 297),
('hRXc_-c_9Xc', 1, 'We Exist', '2014-05-16', 383),
('Hs5fP7G8gBc', 1, 'Clay', NULL, 218),
('HTbC1UsBtek', 1, '숨 (Breath)', NULL, 260),
('hTl0F2cKzLk', 1, 'Chillin\'', '2013-09-29', 231),
('hu9pTGFjA4c', 1, 'Ultralife', '2017-04-12', 215),
('hv44srAsAo4', 1, 'Superlove', '2016-08-12', 214),
('HXeYRs_zR6w', 1, 'Nobody But Me', '2016-08-19', 184),
('hyeYUDqeadQ', 1, 'Habitat (Christofer Luca Rmx)', '2016-08-16', 269),
('hZSrzL-kb38', 1, 'Sleepless', '2013-04-02', 209),
('h_kNovMUJ6o', 1, 'Super Crip', '2017-03-18', 255),
('I-eqGULNEkI', 1, 'Underwear', NULL, 168),
('I2XfVml6o24', 1, 'Sick Love', '2016-12-05', 227),
('I6kfin-UeAQ', 1, 'Josie', '2009-06-16', 216),
('i8BGAYXNW74', 1, 'Irresistible', NULL, 254),
('iArXv64tCJA', 1, 'Young Folks', NULL, 278),
('IeMvUlxXyz8', 1, 'Born Free', NULL, 546),
('IFTlFlkrbfI', 1, 'NBCT Freestyle', NULL, 261),
('ifwc5xgI3QM', 1, 'Run', '2017-06-01', 382),
('ihLdxPLPIKI', 1, 'Donuts In A Lambo', '2016-08-17', 268),
('IHNzOHi8sJs', NULL, 'DDU-DU DDU-DU', NULL, 216),
('iiiOqybRvsM', 1, '2.0h', NULL, 178),
('IJ-I7S86ASQ', 1, 'New Years Eve  Ft. Marty James', '2010-12-29', 208),
('ikh2r7b8CAI', 1, '15 Centymetrów', '2014-08-29', 287),
('iQS4oa-dgLY', 1, 'I\'m Aquarius', '2013-12-18', 252),
('irxZsKBTXCQ', 1, 'A Public Affair', '2009-10-03', 247),
('iTno21crSsY', 1, 'Not Nice', NULL, 189),
('IUOBnU57f9c', 1, 'Sam Przeciwko Wszystkim', '2013-01-04', 266),
('IvjiQllvCLc', 1, 'DZISIAJ TAK feat TEN TYP MES, TEDE', NULL, 271),
('IwBS6QGsH_4', 1, 'Miami', NULL, 238),
('IxGvm6btP1A', 1, 'Fade (Explicit)', NULL, 225),
('IxkJHX7ukKE', 1, 'No Myth', NULL, 258),
('j3VjJKKVNew', 1, 'Sexercize', NULL, 178),
('jA8inmHhx8c', NULL, 'Prototype', NULL, 367),
('jam_t-gj7HM', 1, 'I Think I Can Beat Mike Tyson Ft. Mike Tyson, Don King', '2013-10-29', 304),
('JeGP5uGMn-g', 1, 'Naked', '2017-09-14', 350),
('jfLcPYA3Nlk', 1, 'Baby Says', '2011-10-28', 279),
('jGflUbPQfW8', 1, 'Cheerleader (Felix Jaehn Remix)', '2015-04-08', 190),
('JgHskTnwnd4', 1, 'Broken Car', '2014-09-05', 320),
('jGhZxKDN7P8', 1, 'New Year', '2015-11-01', 199),
('JhY9GOhFwN4', 1, 'Turbo Lover (Live From The \'Fuel For Life\' Tour)', '2010-05-18', 278),
('Ji9NPW3mi8o', 1, 'Coming For You ', NULL, 245),
('JkD0wILd5hE', 1, 'Bigstar (Prod. Secretrank)', '2016-06-06', 226),
('JkK8g6FMEXE', 1, 'I Don\'t Want to Miss a Thing', NULL, 295),
('Jkw0cmB7n7Y', 1, 'In Love With The Dead Man', NULL, 211),
('jLfmrNw8ygo', 1, 'Set It Off', NULL, 225),
('jp_XgZIaopk', 1, 'Co Jest Ze Mną Nie Tak', '2016-03-23', 212),
('jqYxyd1iSNk', 1, 'Birthday', NULL, 216),
('Jrd25gjyDhE', 1, 'Seek Bromance', '2010-09-30', 224),
('jsbeemdD2rQ', 1, 'All In My Head (Flex) Ft. Fetty Wap', '2016-06-23', 212),
('jtL3Jsl2ieE', 1, 'Don\'t Leave Me', '2016-08-23', 218),
('jvipPYFebWc', 1, 'Lindsey Stirling', '2014-10-20', 219),
('JvMXVHVr72A', 1, 'Pitbull Terrier', '2014-05-20', 260),
('Jwgf3wmiA04', 1, 'Drag Me Down', '2015-08-21', 192),
('JxLS-cpgbe0', 1, 'Dolce & Gabbana', '2013-09-17', 204),
('Jz2gvAApY2A', 1, '(It\'s Not War) Just The End Of Love', NULL, 215),
('jZny4yRbkKU', 1, 'What Do You Mean? (Justin Bieber Cover In The Live Lounge)', '2015-12-16', 228),
('J_8xCOSekog', 1, 'My Favorite Part (Feat. Ariana Grande)', '2016-12-13', 275),
('k1BFHYtZlAU', 1, 'Stay Together For The Kids', '2009-06-17', 238),
('K2Y265KZR4g', 1, 'Ale Tu Jebie Skunem', '2016-04-22', 223),
('k41em4dr30g', 1, 'The Man With The Gun', NULL, 162),
('K64mb5KUhhs', NULL, 'Bloom', NULL, 375),
('K73-hmaHPHY', 1, 'Song #3', NULL, 293),
('K7l5ZeVVoCA', 1, 'What\'s My Age Again?', '2009-06-16', 147),
('KDPW_g2AhAU', 1, 'Free Ft. Emeli Sandé', '2013-10-24', 272),
('KDxJlW6cxRk', 1, 'Ocean Drive', '2015-09-15', 208),
('kf9M5AET4ac', 1, 'Conrad', '2016-11-07', 224),
('kFUQVbfIuvw', NULL, 'Floyd Mayweather', NULL, 205),
('kg_EYc3SFuQ', 1, 'The Ancestor', '2012-10-09', 215),
('Kh9UC-GOwHA', 1, 'Polska siła', NULL, 224),
('KhMMHKzJmKc', 1, 'Nie Ma Jak (Prod. Trepson) (Popkiller Młode Wilki 2013) [Official Video]', '2014-09-15', 267),
('KhzGSHNhnbI', 1, 'undefined', '2017-07-07', 3672),
('Ki0mCtfVtdU', 1, 'Bubblegum Free Prod.@tsksomd', '2016-08-30', 177),
('kK42LZqO0wA', 1, 'Hello', NULL, 253),
('Kk4MqCg7F3s', 1, 'Supergirl (Auer Remix)', '2012-10-02', 287),
('kkx-7fsiWgg', 1, 'Nicky Jam', '2016-01-15', 246),
('KlyXNRrsk4A', 1, 'Last Friday Night (T.G.I.F)', NULL, 491),
('kMOeTLLeaDU', 1, 'Miserable', '2009-10-25', 229),
('kq2y1JwI51E', 1, 'Work The Pole', NULL, 131),
('kREQJCEfGIY', 1, 'Tic Tac Toe', '2017-05-19', 241),
('kTHNpusq654', 1, 'Hot N Cold', NULL, 284),
('kWbN3-6o3WQ', 1, 'Mensch ', NULL, 241),
('KXUuxMYBm8k', 1, 'Sobota, Bonson, Bilon, Ania Karwan, Kieru, Wini (Prod. Matheo)', '2016-09-01', 333),
('kXYiU_JCYtU', 1, 'Numb', '2007-03-05', 187),
('L0byL8SQOrY', 1, 'Just Enough Rough', NULL, 240),
('L1KworDaCqs', 1, 'Under Control', NULL, 172),
('LbARTyio_0Q', 1, 'Wake Up', '2016-05-27', 240),
('LDZX4ooRsWs', 1, 'Anaconda', NULL, 290),
('LeiFF0gvqcc', 1, 'Remember The Time', '2009-10-03', 557),
('lfEVLXu3NXs', 1, 'House Every Weekend', '2015-05-01', 182),
('lFIIMEe2Ht0', 1, 'Rise (NBC Olympics Video)', '2016-07-15', 201),
('lf_wVfwpfp8', NULL, 'Focus', NULL, 225),
('lgxOvmzpCts', 1, 'КАЙФУЮ', '2012-02-04', 210),
('LGZ3zZtb4S4', 1, 'Pij I Graj Feat. V-unit, Dima, Sykario (Remix) New', '2013-04-07', 226),
('LHQqqM5sr7g', 1, 'Undone', NULL, 255),
('LiaYDPRedWQ', 1, 'Hello Kitty', NULL, 199),
('lkN51aqPOzU', 1, 'Obsesionado', '2016-02-22', 257),
('LLyvBHeeono', 1, 'Watch Out', '2012-03-21', 176),
('LOZuxwVk7TU', 1, 'Toxic', NULL, 212),
('lrwBaJlvxEY', 1, 'Fortune Player', NULL, 256),
('luUUnuaxIFQ', 1, 'Happy New Year', '2012-12-17', 263),
('lVb_t_ao9gw', 1, 'Day \'N\' Nite', '2008-12-04', 211),
('lVehcuJXe6I', 1, 'B.O.B.', NULL, 264),
('lzeNBRbWXpI', 1, 'Uprising', NULL, 310),
('LZIc8VSonVY', 1, 'Heat', NULL, 263),
('L_fCqg92qks', 1, 'Call On Me', NULL, 172),
('m3tLCwv1MNI', NULL, '@', NULL, 262),
('MBdVXkSdhwU', NULL, 'DNA', NULL, 256),
('mbYL0qGXbT0', 1, 'She Plays Me Like A Melody (Global Deejays Remix)', NULL, 223),
('mDU-5jwPKmQ', 1, 'No Shopping Ft. Drake', '2016-07-29', 322),
('mg5Bp_Gzs0s', 1, 'Bang Bang', '2016-08-12', 212),
('MGaEf0CZfbQ', 1, 'My Way', NULL, 220),
('mgQV8BBAkqA', 1, 'Working This Job (This Fucking Job) - Version Fucking 2', '2010-05-28', 246),
('mHWr4WY9o24', 1, 'Walk This Way', '2014-06-16', 227),
('MILQ4kOzw3k', 1, 'Lambo', '2016-08-03', 176),
('mkgqJn-Hj98', 1, 'Na Rozgrzewkę', '2017-04-03', 179),
('MLjjMgmWl4A', 1, 'Biały I Młody', '2016-12-16', 258),
('mMfxI3r_LyA', 1, 'Lady (Hear Me Tonight)', '2013-10-01', 222),
('mmi60Bd4jSs', 1, 'Da Funk', NULL, 335),
('mMWBh0B9F0M', 1, 'Lowrider', NULL, 247),
('mpdcKmaHk_s', 1, 'When The Lights Go Out', NULL, 243),
('MsduHmjQlgI', 1, 'Heartbreaker', '2008-08-11', 235),
('MSL6o8sePlg', 1, 'Where Are We Runnin? ', NULL, 277),
('MwOchsxVuY0', 1, 'Casual Sex', '2012-02-16', 253),
('mwq-T2CrJRU', 1, 'Loca People', NULL, 289),
('My2FRPA3Gf8', 1, 'Wrecking Ball', '2013-09-09', 222),
('M_Am8bSYIms', 1, 'Fish', NULL, 180),
('N1y27xUPEOE', 1, 'ŻYcie Na Patencie + Goście', '2013-03-21', 260),
('N38hzg4wAho', 1, 'Big Bird', NULL, 172),
('n6P0SitRwy8', 1, 'Heart-Shaped Box', '2009-06-16', 285),
('N9Nn5m9qMlM', NULL, 'Dziewczyna Z Gór', NULL, 195),
('NF7oonVIFXs', NULL, 'First Car', NULL, 240),
('nfWlot6h_JM', 1, 'Shake It Off', NULL, 242),
('NfzwM4pdyxU', 1, 'Mountains', NULL, 201),
('nh9MfQSaNCg', 1, 'Washing Machine', NULL, 399),
('NhheiPTdZCw', 1, 'The Music Scene', '2010-05-21', 322),
('NHydngA5C4E', 1, 'The Power Of Good-bye', '2009-10-27', 252),
('nIjVuRTm-dc', 1, 'She Will Be Loved', '2009-06-17', 268),
('nLEGbZI3Grc', 1, 'Pompuj Pompuj (Official Video) Prod. Donde | Rekontakt', '2013-06-01', 276),
('NMNgbISmF4I', NULL, 'Crazy', NULL, 376),
('nO37LQq_qPM', 1, 'Arnold', '2017-11-21', 167),
('NSgHGFuPNus', 1, 'The New Year', '2009-01-13', 241),
('nYh-n7EOtMA', 1, 'Cheap Thrills Ft. Sean Paul', '2016-02-11', 262),
('NZmmZobqWG4', 1, 'Dead Man Walking', '2014-01-15', 302),
('n_I72uiqwa0', 1, 'Alkoholizm', '2012-04-03', 298),
('O0lf_fE3HwA', NULL, 'The Sweet Escape ft. Akon', NULL, 247),
('o10EV4PG40U', 1, 'Take My Breath Away', '2016-11-02', 191),
('o41A91X5pns', 1, 'Goody Two Shoes', '2010-12-20', 202),
('o4OD3IHs5jU', 1, 'Domo 23', NULL, 277),
('o66xQUqKzsc', 1, 'Borro Cassette', '2015-07-06', 222),
('Od6Y--1jrKY', 1, 'Eldorado [Official Video]', '2017-10-19', 265),
('oDNcL1VP3rY', 1, 'Tell Me Baby', '2011-07-19', 301),
('OGGwv3Zjq88', 1, 'The Satanist', '2015-09-15', 281),
('oh2LWWORoiM', 1, 'Habits (Stay High)', '2014-03-17', 209),
('oIWV3WKpC2U', 1, 'Hype (Prod. Chris Carson)', '2014-07-15', 273),
('oKsxPW6i3pM', 1, 'The Middle', '2010-07-08', 174),
('olE0KiPA-cg', NULL, 'Plata o Plomo II feat.Mobbyn prod.Zachim', NULL, 212),
('omCA2RN9x4I', 1, 'Burn Hd', '2011-05-30', 512),
('oQyFFTh_YGc', 1, 'I Like (the idea of) You', NULL, 173),
('oslBwpjxAJ8', 1, 'Something For Joey', '2003-00-00', 244),
('oXBDZFtMcbg', 1, 'List of Demands (Reparations)', NULL, 238),
('Oy9V_4im0wg', 1, 'Cutting Shapes', NULL, 190),
('OyI2q6-B2UE', 1, 'All Life', NULL, 171),
('oZbo4l0BvwQ', 1, 'DMT', '2018-02-23', 257),
('OzvasAJIHb4', 1, 'I Apologize', '2016-07-22', 243),
('p2EFLevSBCI', 1, 'Ou Est Le Soleil', '2014-06-21', 252),
('p3ELX-nPeVo', 1, 'Sportowa Warszawa (+Goście)', '2013-06-01', 539),
('P5mtclwloEQ', 1, 'I\'m Too Sexy', '2009-06-14', 180),
('p90H575__bY', 1, 'Mam Małego!', '2017-05-01', 182),
('p9m0o6E-zQk', 1, 'K4FLE!', NULL, 197),
('papuvlVeZg8', 1, 'Rockabye Ft. Sean Paul & Anne-Marie', '2016-10-21', 254),
('pBkHHoOIIn8', 1, 'Feel It Still', NULL, 171),
('pBuZEGYXA6E', NULL, 'IDOL', NULL, 232),
('PCF-B6deZ7Q', 1, 'Miasto Moje', '2012-03-27', 186),
('pFCkZbpDN0I', NULL, 'Saccharine', NULL, 185),
('pFoja4b0ZFo', 1, 'Go Fuck Yourself', '2017-10-31', 130),
('pFptt7Cargc', 1, 'Let It Happen', '2015-08-17', 257),
('PiBX-ESFDF0', 1, 'Sunday Morning', '2009-10-09', 261),
('pIHR7rUeGTc', 1, 'Lockjaw Ft. Kodak Black', '2016-06-09', 233),
('Pjg3AOIbKO4', 1, 'Murrrda (Warszawa Hotël)', '2017-12-31', 285),
('PJniSb91tvo', 1, 'El Perdedor', '2016-04-22', 268),
('Pk7_5YzkouU', 1, 'Fade Away', '2013-04-26', 283),
('pOHQdIDds6s', 1, 'It\'s Everyday Bro (Remix) [Feat. Gucci Mane]', '2017-11-23', 221),
('PPtFBCs9s5Y', 1, 'Juice', NULL, 208),
('pPZDBF0kei0', NULL, 'It Girl', NULL, 307),
('pRgUpRx1wE8', 1, 'Baita Jou Sabela feat. Slagysta', NULL, 237),
('PT2_F-1esPk', 1, 'Closer Ft. Halsey', '2016-07-29', 262),
('Px6pBgYmd7w', 1, 'Pogba (Prod. Got Barss)', '2018-02-22', 166),
('pXRviuL6vMY', 1, 'Stressed Out', '2015-04-28', 226),
('pZ12_E5R3qc', 1, 'Partition', NULL, 230),
('Q0oIoR9mLwc', 1, 'Dark Necessities', '2016-06-17', 304),
('Q4KZaI_jtKs', 1, 'Into You', '2016-08-03', 243),
('q76EfgGXvIY', 1, 'Pażałsta (Prod. Sir Mich)', '2015-01-14', 200),
('Q7JiG2z7pio', 1, 'Mhm - Lecę, Chwila, Spadam', '2014-05-08', 314),
('qalEMMQooNk', 1, 'Piąta Osiemnastka', '2016-05-05', 206),
('Qc9c12q3mrc', 1, 'Addicted To You', '2014-02-14', 204),
('QCqAYTMF61I', 1, 'All Wet', NULL, 261),
('qdeWQIM1FgY', 1, 'Tape Song', '2008-11-03', 221),
('qdmoBy3ud7U', 1, 'Merol', '2017-08-11', 230),
('qeMFqkcPYcg', 1, 'Sweet Dreams (Are Made Of This)', NULL, 215),
('QetvK6ldl2s', 1, 'Smooth Sailing', '2014-04-08', 328),
('QGJuMBdaqIw', 1, 'Firework', NULL, 234),
('qh7QJ_jLam0', 1, 'Too Dumb To Die', '2017-09-08', 206),
('qh9WuPzOjlI', 1, 'Rock Star', NULL, 225),
('QIc-7BFPwSU', 1, 'Jak Lew', '2016-07-13', 238),
('qj5zT4t7S6c', 1, 'Sweet Lovin\' Feat. Bryn Christopher', NULL, 215),
('QmbCKz2N4II', 1, '99', NULL, 233),
('QNsPI6V4Iec', 1, 'So Freakin\' Tight', '2015-02-04', 177),
('Qok9Ialei4c', 1, 'Miss Atomic Bomb', '2012-12-11', 294),
('qp8Y8JkYxjA', NULL, 'Maryśka', NULL, 218),
('qPOTEs_yTJo', NULL, 'Turn the Page', NULL, 350),
('qRK3u5X-N1s', 1, 'A Thing For Me', '2011-02-04', 213),
('qrO4YZeyl0I', 1, 'Bad Romance', '2009-11-24', 308),
('qSMnrAJpEeo', 1, 'Kountry Gentleman', '2009-08-04', 228),
('Qt6Lkgs0kiU', 1, 'The Boys Of Summer', '2014-10-06', 243),
('qTsaS1Tm-Ic', 1, 'DotA', NULL, 236),
('QwrbyVaC6EU', 1, 'The Greeks', NULL, 206),
('QZXc39hT8t4', 1, 'The Next Episode', NULL, 200),
('Q_kGJBv6Wr4', 1, 'Neo Geo Song', NULL, 238),
('r1ATFedwjnk', 1, 'Guilt', NULL, 187),
('r1NSg1_ObSE', 1, 'Lassie Wróć (Prod.Friz + Olek)', '2018-02-15', 255),
('r8BsuT0PWdI', 1, 'Flashed Junk Mind', '2014-09-19', 239),
('RAOnUF8t20w', 1, 'Rusted From The Rain', NULL, 254),
('rgc_LRjlbTU', 1, 'One Night In Bangkok', NULL, 237),
('rhcc1KQlCS4', 1, 'Why', '2016-08-11', 179),
('RhU9MZ98jxo', 1, 'Paris', '2017-01-13', 229),
('rIdfhROd7L8', 1, 'Hot Tonight', NULL, 214),
('rjr42vJSrcY', 1, 'Beta W Benzie', '2017-03-16', 213),
('RjXXSsVNncQ', NULL, 'First Love', NULL, 221),
('rMqayQ-U74s', 1, 'Womanizer (Director\'s Cut)', NULL, 226),
('RM_DON9L5No', 1, 'Louboutins', '2010-01-04', 218),
('RNuUgbUzM8U', 1, 'Gold Dust', '2010-06-22', 213),
('roRcksH2_HQ', 1, 'Party Like Tomorrow Is The End Of The World (Explicit)', '2013-10-28', 318),
('rP322FWfJWQ', 1, 'Who\'s That? Brooown! produced by Saba', NULL, 249),
('RqcjBLMaWCg', 1, '2u (The Victoria’s Secret Angels Lip Sync)', '2017-06-09', 195),
('RrU2DThhsZI', 1, 'Feeling For You', '2016-05-03', 216),
('RSdKmX2BH7o', 1, 'We Made You', NULL, 283),
('ru0K8uYEZWw', 1, 'Can\'t Stop The Feeling!', '2016-05-16', 286),
('rVeMiVU77wo', 1, 'J (∆) Breezeblocks', NULL, 227),
('RwEZXEU0wRg', 1, 'Jak Zaczynasz Dzień feat. Sokól', '2012-02-25', 184),
('RwY-sKsuCpY', 1, 'NICKI prod. Samiryi', NULL, 179),
('RXC1iqXDkp0', NULL, 'Haggen Dans feat. Mr Polska', NULL, 165),
('ryr75N0nki0', 1, 'Walk On Water Ft. Beyoncé', '2017-12-24', 322),
('rYuhWd4QI0k', 1, 'Donuts (Prod. Esta)', '2013-10-07', 209),
('r_0JjYUe5jo', NULL, 'Godzilla ft. Juice WRLD (Dir. by @_ColeBennett_)', NULL, 267),
('S3QzumdCB2Q', NULL, 'BlaBlaCar (prod. Olek)', NULL, 180),
('S4qk_mN2rHY', NULL, 'Adam Mickiewicz (prod. HIFIRE)', NULL, 182),
('S85vl1xFx1o', 1, 'Sabrina ', '1987-05-29', 222),
('SAWzXkV3hHo', 1, 'Lost In Japan (Original + Remix)', NULL, 234),
('SbyAZQ45uww', 1, 'These Boots Are Made for Walkin\'', NULL, 150),
('SCcVrLcGD7k', 1, 'Fucking Young', '2015-04-09', 390),
('SiAuAJBZuGs', 1, 'Crush', NULL, 258),
('sJA3gQ6jmxc', 1, 'Ham', '2016-05-13', 171),
('sJiRwDgZbjM', 1, 'No Mercy', '2010-10-04', 222),
('SmM0653YvXU', 1, 'Rain Over Me ft.Marc Anthony', NULL, 234),
('SMs0GnYze34', 1, 'Let Me Love You', NULL, 207),
('sNPnbI1arSE', 1, 'My Name Is', NULL, 248),
('SNrZCaZKH-0', 1, 'Thank You Very Much', NULL, 209),
('sOnqjkJTMaA', 1, 'Thriller', NULL, 823),
('sPLEbAVjiLA', 1, 'Paranoid Android', '2009-03-04', 399),
('SPlQpGeTbIE', 1, 'Move Your Feet', NULL, 199),
('sS76eS34Y0c', 1, 'Mr. Saxobeat', NULL, 194),
('Ssb2AMR-kEo', NULL, 'Free Love', NULL, 203),
('sT0g16_LQaQ', 1, 'Dammit', '2009-06-16', 171),
('sVaRHJn_dgM', 1, 'She\'s The One', NULL, 316),
('SXiSVQZLje8', 1, 'Side To Side Ft. Nicki Minaj', '2016-08-30', 238),
('t5Sd5c4o9UM', 1, 'E.T.  Ft. Kanye West', '2011-03-31', 309),
('T97Ft3J48IU', 1, 'Johnny Bravo', NULL, 198),
('tD4CzJUv2Uc', NULL, 'Max Pain', NULL, 184),
('tER2eZas5NI', 1, 'Dr. Jolin', NULL, 226),
('TFXlWfzW9Uo', 1, 'Sunlight feat. Years & Years', NULL, 222),
('Tg-Q-Acv4qs', 1, 'Nikita', '2016-11-25', 293),
('TGtWWb9emYI', 1, 'We Are One (Ole Ola) [The Official 2014 FIFA World Cup Song] (Olodum Mix)', NULL, 246),
('TIy3n2b7V9k', 1, 'Sk8er Boi', NULL, 221),
('TJ9O4NEKzUY', NULL, 'Borderlands | Prod. The Returners', NULL, 204),
('TjB-JpeF18s', 1, 'Czeski Film // Skrecze: Dj Shoodee // Prod. Nws & Wowo.', '2017-10-19', 245),
('tkClJp0jSgA', 1, 'Set The Roof Ft. Lil\' Jon', '2016-08-08', 209),
('tMLetx7SjCw', 1, 'N 2 Gether Now ft. Method Man', NULL, 251),
('TNsSBhl_2LI', NULL, 'Lauren', NULL, 230),
('ToY6sjSV8h8', 1, 'Plug Walk', NULL, 204),
('tsPxaAVg584', 1, 'Bored', NULL, 229),
('ttWQK5VXskA', 1, 'My Band Ft. Cameo', '2009-06-17', 338),
('tvTRZJ-4EyI', 1, 'Humble.', '2017-03-30', 184),
('tw429JGL5zo', 1, 'Move Bitch Ft. Mystikal, I-20', '2009-10-08', 231),
('tZ5Mu2gs-M8', 1, 'Grief', '2015-03-17', 271),
('TzE1o0v6s_k', 1, 'San Andreas', NULL, 203),
('u38TqU5rAyk', 1, 'Man Overboard', NULL, 176),
('u9WgtlgGAgs', 1, 'My Favourite Game “Stone Version”', NULL, 263),
('Ua61XY84gGg', 1, 'The New Workout Plan (Short Version)', NULL, 315),
('uAVUl0cAKpo', 1, 'Thumbs', NULL, 227),
('ubEublECnMU', 1, 'Role DTO', NULL, 239),
('UbQgXeY_zi4', 1, 'Lone Digger', NULL, 171),
('ubvV498pyIM', 1, 'It\'s My Life', NULL, 231),
('UDApZhXTpH8', 1, 'P.I.M.P. (Snoop Dogg Remix) ft. Snoop Dogg, G-Unit', NULL, 301),
('UDCT6ta_54k', 1, 'Żyj Swoim Rytmem', '2016-08-24', 253),
('uEJuoEs1UxY', 1, 'I Got You', '2017-01-06', 197),
('Ulay2FvUEd8', 1, 'Joe Le Taxi', NULL, 240),
('ULTtWUZhD9c', 1, 'Supreme', NULL, 275),
('Um7pMggPnug', 1, 'Chained To The Rhythm Ft. Skip Marley', '2017-02-21', 241),
('UNq9gmY_Oz4', 1, 'Brain Stew/Jaded', NULL, 273),
('UprcpdwuwCg', 1, 'Heathens', '2016-06-21', 218),
('UpsKGvPjAgw', 1, 'Steal My Girl', '2014-10-24', 319),
('UqON44CLaQM', 1, 'Do You Know? (The Ping Pong Song)', '2009-12-20', 302),
('uQ_DHRI-Xp0', 1, 'THat Part ft. Kanye West', NULL, 316),
('uuCJDn1L6Ps', 1, 'Samodyscyplina prod. Fabster', '2015-04-05', 232),
('uYRZV8dV10w', 1, 'Revel In Your Time', NULL, 271),
('v0CYB5V9e64', 1, 'Malibu', '2009-06-16', 233),
('V2hlQkVJZhE', 1, 'Likey', '2017-10-30', 222),
('v2NFl86LX3Q', 1, 'Mope', NULL, 273),
('VASywEuqFd8', 1, 'Are You Lost In The World Like Me', NULL, 196),
('VAWjsVoDpm0', 1, 'Got The Life', '2009-10-25', 247),
('VCnPe5bBnAU', 1, 'Mieć Czy Być', '2007-02-08', 185),
('VdaKwt5cHEk', 1, 'Porn Star Dancing (Official Extended/Uncensored Version)', NULL, 235),
('VgHQlbLK7Nw', 1, 'V (Prod.ImmortalBeats)', NULL, 167),
('vHJAUuicC0Q', 1, 'Dirty Dancer ft. Lil Wayne', NULL, 257),
('VKOCH8OcwaI', 1, 'The Spike', NULL, 231),
('vraoiVCDdaM', 1, 'Holiday', '2010-05-27', 139),
('VrDfSZ_6f4U', 1, 'Day \'N\' Nite', '2009-10-09', 188),
('vVy9Lgpg1m8', 1, 'First Date', '2009-06-16', 212),
('vWz9VN40nCA', 1, 'Physica', NULL, 224),
('VYOjWnS4cMY', 1, 'This Is America', NULL, 245),
('V_GuIDnZPHs', 1, 'The Wreckoning', NULL, 201),
('w42c2XWr-P0', 1, 'Otwarcie', '2011-03-29', 296),
('W4ZVTUePMmc', 1, 'Zbyt Dziabnięty', '2014-05-22', 311),
('Wa1uS6Ed7YU', 1, 'Pole Dancer (Ft Megan Thee Stallion)', NULL, 211),
('Wa5B22KAkEk', 1, 'Young, Wild and Free ft. Bruno Mars', NULL, 258),
('WDaNJW_jEBo', 1, 'I Know What You Want Ft. Flipmode Squad', '2014-01-22', 317),
('WdgLMslbDuY', 1, 'Make Some Noise', '2011-04-21', 321),
('Wdq_2uBlLTE', 1, 'Kawa I Xanax (Prod. Notime)', '2017-05-30', 209),
('WE7PJVZyBhU', 1, 'Sin Sin Sin', NULL, 285),
('wESgcExetso', 1, 'Bebot', '2010-07-09', 285),
('weypUIJHhwM', NULL, 'Painkiller', NULL, 204),
('WeYsTmIzjkw', 1, 'Because I Got High', NULL, 200),
('WfPu9Jrcpuk', 1, 'Like I Do', '2018-02-22', 203),
('wfWIs2gFTAM', 1, 'River Ft. Ed Sheeran', '2018-02-14', 415),
('wGs4YcVyKtQ', 1, 'Co Gdyby Nie Sport (Prod. Dos)', '2014-08-15', 221),
('Whv1tLqKZig', 1, 'Americanarama', NULL, 207),
('wl6k_h2drK8', 1, 'My Trigger', '2016-08-22', 195),
('wltRoy_rxMQ', 1, 'Testament Żołnierzy Z AK', '2015-10-02', 294),
('wLwZx1hyGL8', 1, 'Uprocking Beats', NULL, 234),
('WmU9xPpDVBE', NULL, 'Kartel (prod. Auer, cuty DJ Panda)', NULL, 190),
('WNeLUngb-Xg', NULL, 'In The End (Mellen Gi & Tommee Profitt Remix)', NULL, 219),
('WP7duqy60h8', 1, 'Waste It On Me feat. BTS', NULL, 196),
('wpqm-05R2Jk', 1, 'Since I Left You', NULL, 296),
('WpYeekQkAdc', 1, 'Where Is The Love?', NULL, 253),
('wqi7YGePjZU', 1, 'Hold You', '2015-07-03', 202),
('wQRV5omnBBU', 1, 'Do It Right Ft. Tkay Maidza', '2016-06-02', 186),
('wtMyRroOS-o', 1, 'Sporty Walki Gostyń (Prod. Kakoy)', '2015-03-08', 172),
('wTP2RUD_cL0', 1, 'Money For Nothing', NULL, 300),
('WWkdUU8Ayfk', 1, 'Еще до старта далеко (Feat. Павел Мурашов) [премьера клипа, 2015]', '2015-07-29', 202),
('Wy2w8GtRBKg', 1, 'Nie Dla Ciebie (Prod. 101 Decybeli)', '2016-10-23', 248),
('wycjnCCgUes', 1, 'Feels Like We Only Go Backwards', '2012-11-08', 201),
('wyx6JDQCslE', 1, 'Sexy And I Know It', '2011-09-16', 204),
('wzI8XmXvjkY', 1, 'Ghosts Are Dancing', '2012-10-31', 200),
('X0ZVaFO7cGE', 1, 'Swish Swish (Lyric Video Starring Gretchen) Ft. Nicki Minaj', '2017-07-03', 227),
('X6WnJdhpVAk', 1, 'TAŃCUJ / DISCO NOIR', NULL, 241),
('x9BILEBcx5c', 1, 'Supergirl', '2017-06-22', 232),
('xAh6fk0KD1c', 1, 'We Are All Made Of Stars', '2009-03-05', 222),
('xat1GVnl8-k', 1, 'The Bad Touch', '2009-11-23', 245),
('xc7PZyOaB1s', 1, 'Cardio', '2017-10-12', 258),
('XIictPv-5MI', 1, 'Нельзя сказать короче', '2014-09-10', 326),
('xKv9cmynyoY', 1, 'Powiedzcie To Dalej', '2016-08-10', 207),
('Xl79bqBieT4', 1, 'How Do You Do', NULL, 226),
('XMokMCbqYNw', 1, 'Keanu Reeves', NULL, 343),
('xmUZ6nCFNoU', 1, 'Today', '2011-08-03', 241),
('XNtTEibFvlQ', 1, 'Shots Ft. Lil Jon', '2009-12-05', 254),
('XpdpW0z9xnQ', 1, 'World Hold On', NULL, 218),
('xPliEy0-2xI', 1, 'Mi Mi Mi', '2013-07-02', 204),
('xqmFxgEGKH0', 1, 'Into The Great Wide Open', NULL, 401),
('xsBu-FXkhEA', 1, 'Say You Like Me', NULL, 236),
('XsFneCExrCQ', 1, 'Cool Girl', '2016-08-19', 240),
('xt0V0_1MS0Q', 1, 'Bicycle Race', NULL, 196),
('XWCwc1_sYMY', 1, 'Party Ft. J. Cole', '2011-10-26', 221),
('XXlZfc1TrD0', 1, 'Banana Brain', '2016-08-31', 433),
('XyXfb0_9Yp4', NULL, 'Beast', NULL, 190),
('Y1_VsyLAGuk', 1, 'Tuesday Ft. Danelle Sandoval', '2016-07-16', 191),
('y6120QOlsfU', 1, 'Sandstorm', '2009-07-05', 233),
('YDQLb43Wnhk', 1, 'Jazz Crimes', NULL, 165),
('Ydx3xjeAyjA', 1, 'Mamy To W Kodach Dna (Prod. Ptk)', '2012-05-23', 309),
('YJ8Z9v4jr_M', 1, 'Dis Finna Be A Breeze!', '2017-11-03', 177),
('YjUk92LSzSo', 1, ' 2 Dzielnice 1 Życie', '2012-09-05', 384),
('YkLjqFpBh84', NULL, 'Cellophane', NULL, 262),
('YLMJW62HE8A', 1, 'My (O Mnie, O Tobie, O Nas)', '2017-06-08', 233),
('YlUKcNNmywk', 1, 'Californication', NULL, 322),
('ymNFyxvIdaM', 1, 'Freestyler', NULL, 293),
('yOV5D5_RZzE', 1, 'Sportowa Dama', '2017-02-20', 196),
('YP9vjglx8sE', 1, 'Dumb', NULL, 221),
('YQ1LI-NTa2s', 1, 'Bizness', '2011-03-24', 266),
('yq3hsG4BBvc', 1, 'Jungle Boyz (prod.OLEK)', NULL, 154),
('YqJAnQTwmJs', 1, 'I Get Around', '2011-07-05', 263),
('yrfo_KhbgAA', 1, 'Real One', NULL, 287),
('YsIw608uQpg', NULL, 'Fidget Spinner', NULL, 159),
('yuBbGyWSc-c', 1, 'St. Brick Intro', '2016-12-02', 278),
('YVkUvmDQ3HY', 1, 'Without Me', NULL, 300),
('Yxz5G4foV0E', 1, 'Obsesja', '2013-03-25', 217),
('YykjpeuMNEk', 1, 'Hymn For The Weekend (Official Video)', '2016-01-29', 261),
('YZuHSgjT4JM', 1, 'Nigdy Się Nie Poddaj (Prod. Nest Beatz)', '2017-09-12', 399),
('z-2Mrws6zGc', 1, 'Hot Mess', NULL, 232),
('Z2i7bR-lNaY', 1, 'Czarna Elka', '2011-12-27', 182),
('z3YMxM1_S48', 1, 'Natural Blues', NULL, 263),
('z63cQKWlDgQ', 1, 'Second Round K.O.', '2009-06-16', 228),
('Z8V5GfFeUDs', 1, 'Ping Pong', '2014-05-02', 255),
('ZAufONAig6w', 1, '#Ctzk / Skrrrt / 2017', '2017-06-12', 261),
('ZB7Xjd34pjo', 1, 'I’m The Man (Remix) (Explicit) Ft. Chris Brown', '2016-05-06', 274),
('ZbJzOkVutwo', 1, 'Do The Donkey Kong', NULL, 265),
('Ze7H_MEQVb8', 1, 'Co Mam Powiedzieć', NULL, 220),
('zKdxd718WXg', 1, 'The Invisible Man', NULL, 267),
('ZkqyIoYAXV8', 1, 'Purple Lamborghini', '2016-08-05', 262),
('zP50Ewh31E4', 1, 'Too Close', NULL, 261),
('ZPcoNqaL0Es', NULL, 'Maradona', NULL, 173),
('zRIbf6JqkNc', 1, 'Don\'t Cry', '2009-10-09', 315),
('ZSgnDb3BsCw', 1, 'Dobry Dzien', '2016-08-15', 166),
('zSmOvYzSeaQ', 1, 'Amazing', NULL, 410),
('ZTEfInwgxVs', 1, 'Straight To The Bank', '2009-12-14', 209),
('ZTidn2dBYbY', 1, 'True Survivor (from Kung Fury)', NULL, 244),
('ZVRxh7mo3iY', 1, 'Alcatraz', '2018-02-22', 208),
('zwS9DxTn5Hs', 1, 'Wyjebane (Tak Mocno)', '2015-01-16', 219),
('ZxNfD1fIdzM', 1, 'All In', NULL, 248),
('ZyhrYis509A', 1, 'Barbie Girl', NULL, 202),
('ZyuOYHWWr3U', 1, 'Wstawaj (Prod. Koń)', '2016-05-11', 170),
('_5XfAYZAA7w', 1, 'Breathe', '2009-02-26', 201),
('_66jPJVS4JE', 1, 'Waiting For Tonight', '2009-11-24', 250),
('_an3mlqNjjY', 1, 'Tatuaże z Henny (prod. LOAA)', NULL, 274),
('_CL6n0FJZpk', 1, 'Still D.R.E. ft. Snoop Dogg', NULL, 292),
('_dK2tDK9grQ', 1, 'Shape Of You', '2017-01-06', 236),
('_i5fBY3a5Q0', 1, 'New Year\'s Day', '2016-12-30', 266),
('_i_qxQztHRI', 1, 'Gold Cobra', '2011-06-28', 285),
('_JZom_gVfuw', 1, '\"Juicy\" (Official Video)', '2011-09-06', 251),
('_lK4cX5xGiQ', 1, 'Tribute', NULL, 293),
('_opF2Dn6Fk4', 1, 'The Moment', '2015-11-07', 308),
('_ovdm2yX4MA', 1, 'Levels', '2011-11-29', 199),
('_rbyY0qvJ84', 1, 'Jedno Miasto Jeden Klub', '2011-12-18', 283),
('_Ri2KEiXlNk', 1, 'This House Is Not For Sale', '2016-08-12', 219),
('_shxzlTRK44', 1, 'Basketball', NULL, 228),
('_U5IhEAFGwQ', 1, 'You Could Be Mine', '2014-01-19', 376),
('_whGk6HjUAQ', 1, 'Got U (Ready Or Not)', '2017-07-03', 196),
('_zPlr-o-YEQ', 1, 'You & Me  Feat. Eliza Doolittle  (Flume Remix)', '2014-02-24', 286);

-- --------------------------------------------------------

--
-- Struktura tabeli dla tabeli `video_tag`
--

CREATE TABLE `video_tag` (
  `video_tag_id` int NOT NULL,
  `video_youtube_id` varchar(11) NOT NULL DEFAULT '',
  `tag_slug_id` varchar(255) CHARACTER SET latin1 COLLATE latin1_general_ci DEFAULT NULL,
  `user_id` int DEFAULT NULL,
  `is_complete` tinyint(1) NOT NULL DEFAULT '0',
  `created_at` timestamp NOT NULL DEFAULT CURRENT_TIMESTAMP
) ENGINE=InnoDB DEFAULT CHARSET=utf8;

--
-- Zrzut danych tabeli `video_tag`
--

INSERT INTO `video_tag` (`video_tag_id`, `video_youtube_id`, `tag_slug_id`, `user_id`, `is_complete`) VALUES
(2, '-fGoW73hLLg', 'alien', 1, 0),
(3, '-fGoW73hLLg', 'american-football', 1, 0),
(4, '-fGoW73hLLg', 'animation', 1, 0),
(5, '-fGoW73hLLg', 'lyric-video', 1, 0),
(6, '-KPnyf8vwXI', 'hangover', 1, 0),
(7, '-nC5TBv3sfU', 'alien', 1, 0),
(8, '-nC5TBv3sfU', 'clay', 1, 0),
(9, '-nC5TBv3sfU', 'friday-the-13th', 1, 0),
(10, '-nC5TBv3sfU', 'robocop', 1, 0),
(11, '-nC5TBv3sfU', 'sylvester-stallone', 1, 0),
(12, '-sNWKbnaFkg', 'sushi', 1, 0),
(13, '-sNWKbnaFkg', 'swimming-pool', 1, 0),
(14, '06wmI1sto34', 'video-game', 1, 0),
(15, '0AqnCSdkjQ0', 'boxing', 1, 0),
(16, '0AqnCSdkjQ0', 'sport', 1, 0),
(17, '0hcEiEyylEA', 'running', 1, 0),
(18, '0hcEiEyylEA', 'seven-deadly-sins', 1, 0),
(19, '0hcEiEyylEA', 'stadium', 1, 0),
(20, '0JSt7RCgHic', 'boxing', 1, 0),
(21, '0KSOMA3QBU0', 'ancient-egypt', 1, 0),
(22, '0l0nzPpvbFs', 'motorcycle', 1, 0),
(23, '0n5kgP-O83k', 'mixed-martial-arts-mma', 1, 0),
(24, '0n7uVDQWrYs', 'chess', 1, 0),
(25, '0NhqN0KcWAE', 'airport', 1, 0),
(26, '0ymI54DuMj8', 'female-bodybuilder', 1, 0),
(27, '1hvEmhWdaXg', 'american-football', 1, 0),
(28, '1lfFF0joUqI', 'breaking-bad', 1, 0),
(29, '1lfFF0joUqI', 'catwoman', 1, 0),
(30, '1tInbiCG1cI', 'james-bond', 1, 0),
(31, '1VQ_3sBZEm0', 'airplane', 1, 0),
(32, '27R_goWiAAU', 'new-year', 1, 0),
(33, '2CXD8PK6Djc', 'ballet', 1, 0),
(34, '2eng2xORfSs', 'fed-up-with-job', 1, 0),
(35, '31mlEEs9_Vk', 'nun', 1, 0),
(36, '352IcwNtYTQ', 'boxing', 1, 0),
(37, '3AtDnEC4zak', 'dinosaur', 1, 0),
(38, '3BLj9PVlLEw', 'rap', 1, 0),
(39, '3hOZaTGnHU4', 'sylvester-stallone', 1, 0),
(40, '3K0RzZGpyds', 'chess', 1, 1),
(41, '3K0RzZGpyds', 'lyric-video', 1, 0),
(42, '3qQX1XxjoGY', 'warsaw-university-of-life-sciences-sggw', 1, 0),
(43, '3rFoGVkZ29w', 'prison', 1, 0),
(44, '3tUh-x-fp8Q', 'sex-cam', 1, 0),
(45, '3Uo0JAUWijM', 'new-year', 1, 0),
(46, '3Yuqxl284cg', 'bmw', 1, 0),
(47, '3Yuqxl284cg', 'car-surfing', 1, 0),
(48, '42RpIcaGMgM', 'gym', 1, 0),
(49, '498zUzNGQxY', 'graveyard', 1, 0),
(50, '4aeETEoNfOg', 'swimming-pool', 1, 0),
(51, '4emYaDbaJ8w', 'chess', 1, 0),
(52, '4SxYxzndyGY', 'playground', 1, 0),
(53, '4T5km19zUG4', 'new-year', 1, 0),
(54, '4TV_128Fz2g', 'cigaret', 1, 0),
(55, '4Y0OjXN095Q', 'boxing', 1, 0),
(56, '4zdt32VHO5I', 'lyric-video', 1, 0),
(57, '5Ft8yL7VLR4', 'swimming-pool', 1, 0),
(58, '5GL9JoH4Sws', 'construction-site', 1, 0),
(59, '5GL9JoH4Sws', 'construction-worker', 1, 0),
(60, '5JqY-6q-RNA', 'lyric-video', 1, 0),
(61, '5NPBIwQyPWE', 'boxing', 1, 0),
(62, '5NPBIwQyPWE', 'shopping-mall', 1, 0),
(63, '5NPBIwQyPWE', 'skateboarding', 1, 0),
(64, '5wrwcEZ3Btw', 'alien', 1, 0),
(65, '5yXQJBU8A28', 'cowboy', 1, 0),
(66, '5yXQJBU8A28', 'desert', 1, 0),
(67, '5yXQJBU8A28', 'motorcycle', 1, 0),
(68, '6366dxFf-Os', 'drunk', 1, 0),
(69, '6Ejga4kJUts', 'cross', 1, 0),
(70, '6Ejga4kJUts', 'military', 1, 0),
(71, '6oqXVx3sBOk', 'anthropomorphism', 1, 0),
(72, '6QFwo57WKwg', 'swimming-pool', 1, 0),
(73, '6vYnas6q3Sg', 'drug', 1, 0),
(74, '6ZktNItwexo', 'wedding', 1, 0),
(75, '7-tNUur2YoU', 'angry-birds', 1, 0),
(76, '7-tNUur2YoU', 'bomberman', 1, 0),
(77, '7-tNUur2YoU', 'duck-hunt', 1, 0),
(78, '7-tNUur2YoU', 'excitebike', 1, 1),
(79, '7-tNUur2YoU', 'q-bert', 1, 1),
(80, '7-tNUur2YoU', 'sonic-the-hedgehog', 1, 1),
(81, '7-tNUur2YoU', 'video-game', 1, 0),
(82, '78yMTyUz_Wk', 'video-arcade', 1, 0),
(83, '7bO5h71TlMU', 'motorcycle', 1, 0),
(84, '7iH2eYFgDmg', 'beach', 1, 0),
(85, '7p7vmwAMYgM', 'ferrari', 1, 0),
(86, '7RMQksXpQSk', 'basketball', 1, 0),
(87, '7RMQksXpQSk', 'table-tennis-ping-pong', 1, 0),
(88, '7tm_zX8Nj2E', 'two-guys-one-girl', 1, 0),
(89, '7wtfhZwyrcc', 'boxing', 1, 0),
(90, '7wtfhZwyrcc', 'dolph-lundgren', 1, 0),
(91, '7Y9UlEof6XI', 'fitness', 1, 0),
(92, '82cgNJBu_Jk', 'football', 1, 0),
(93, '82cgNJBu_Jk', 'sushi', 1, 0),
(94, '8bdeizHM9OU', 'arson', 1, 0),
(95, '8BMnz4i2dM8', 'retirement-home', 1, 0),
(96, '8qImH-0UCHI', 'hairdresser', 1, 0),
(97, '8qImH-0UCHI', 'morning-wake-up', 1, 0),
(98, '8qImH-0UCHI', 'roller-skates', 1, 0),
(99, '8SbUC-UaAxE', 'church', 1, 0),
(100, '8SbUC-UaAxE', 'wedding', 1, 0),
(101, '8wRW57nBLMI', 'wheelchair', 1, 0),
(102, '98WtmW-lfeE', 'boxing', 1, 0),
(103, '9dcVOmEQzKA', 'michael-jackson', 1, 0),
(104, '9dcVOmEQzKA', 'santa-claus', 1, 0),
(105, '9GFI6Rf-IkI', 'american-football', 1, 0),
(106, '9P2w_hq8YTk', 'deer', 1, 0),
(107, '9PnOG67flRA', 'ice-cream', 1, 0),
(108, '9PnOG67flRA', 'swimming-pool', 1, 0),
(109, '9Riq6IMqXz8', 'beer-pong', 1, 0),
(110, 'a4NYSwNAo08', 'camel', 1, 0),
(111, 'a4NYSwNAo08', 'desert', 1, 0),
(112, 'a4NYSwNAo08', 'dubai', 1, 0),
(113, 'a4NYSwNAo08', 'paragliding', 1, 0),
(114, 'a4NYSwNAo08', 'tiger', 1, 0),
(115, 'a59gmGkq_pw', 'lyric-video', 1, 0),
(116, 'aAVRd5q8Ltg', 'climbing', 1, 0),
(117, 'aAVRd5q8Ltg', 'popeye', 1, 1),
(118, 'aAVRd5q8Ltg', 'spider-man', 1, 1),
(119, 'AbPED9bisSc', 'swimming-pool', 1, 0),
(120, 'aCHg5r6rFoI', 'rowing', 1, 0),
(121, 'AgFeZr5ptV8', 'swimming-pool', 1, 0),
(122, 'aJBu5tc_HcA', 'men-in-black', 1, 0),
(123, 'aJBu5tc_HcA', 'pablo-escobar', 1, 0),
(124, 'AOBs8dU4Pb8', 'motorcycle', 1, 0),
(125, 'aVgptqVwUcQ', 'audi-80', 1, 0),
(126, 'aVgptqVwUcQ', 'garage', 1, 0),
(127, 'aVK-kiSae2g', 'adderall', 1, 0),
(128, 'aVK-kiSae2g', 'xanax', 1, 0),
(129, 'aXjhsn59NoI', 'new-year', 1, 0),
(130, 'ayGh05yrZDA', 'ewa-minge', 1, 0),
(131, 'ayGh05yrZDA', 'tinder', 1, 0),
(132, 'AzAtim0o7Sw', 'muay-thai', 1, 0),
(133, 'aZcSCT34H84', 'construction-worker', 1, 0),
(134, 'Azf0BVBrJ0c', 'animation', 1, 0),
(135, 'AzyogHbZKX8', 'video-game', 1, 0),
(136, 'B0dM1JxSJ5g', 'asterix', 1, 0),
(137, 'B0dM1JxSJ5g', 'batman', 1, 0),
(138, 'B0dM1JxSJ5g', 'catwoman', 1, 0),
(139, 'B0dM1JxSJ5g', 'reservoir-dogs', 1, 0),
(140, 'b0eFx5a-FMg', 'skateboarding', 1, 0),
(141, 'bccKotFwzoY', 'tennis', 1, 0),
(142, 'bek1y2uiQGA', 'fed-up-with-job', 1, 0),
(143, 'bFLow5StvvU', 'monako', 1, 0),
(144, 'bfPWRV1tOrY', 'mercedes', 1, 0),
(145, 'bIIGKV27FaY', 'polar-bear', 1, 0),
(146, 'Bij1mFZv98M', 'wikipedia', 1, 0),
(147, 'bIRmyfKOAfM', 'swimming-pool', 1, 0),
(148, 'bkhLzHuUYmo', 'basketball', 1, 0),
(149, 'BmqfygwiHqg', 'gym', 1, 0),
(151, 'bNEOwb9YA54', 'ski-jumping', 1, 0),
(152, 'BnO3nijfYmU', 'roller-skates', 1, 0),
(153, 'BnO3nijfYmU', 'striptease', 1, 0),
(154, 'bpOSxM0rNPM', 'animation', 1, 0),
(155, 'BR_DFMUzX4E', 'ron-jeremy', 1, 0),
(156, 'BS46C2z5lVE', 'thermal-video', 1, 0),
(157, 'bsUWK-fixiA', 'milkman', 1, 0),
(158, 'bw5pi9nUGJ8', 'alcatraz', 1, 0),
(159, 'bw5pi9nUGJ8', 'dentist', 1, 0),
(160, 'bw5pi9nUGJ8', 'elephant', 1, 0),
(161, 'BxFvI-zpaRs', 'lyric-video', 1, 0),
(162, 'bxWxXncl53U', 'basketball', 1, 1),
(163, 'bxWxXncl53U', 'bike', 1, 1),
(164, 'bxWxXncl53U', 'flute', 1, 1),
(165, 'bxWxXncl53U', 'hairdresser', 1, 1),
(166, 'C-u5WLJ9Yk4', 'basketball', 1, 0),
(167, 'C-u5WLJ9Yk4', 'school', 1, 0),
(168, 'c3t9hM6jcbY', 'fast-food', 1, 0),
(169, 'c3t9hM6jcbY', 'lyric-video', 1, 0),
(170, 'CCIuQKDfkdY', 'chess', 1, 0),
(171, 'CDl9ZMfj6aE', 'michael-jackson', 1, 0),
(172, 'CduA0TULnow', 'astronautics', 1, 0),
(173, 'CduA0TULnow', 'space', 1, 1),
(174, 'CeMeDihwyrg', 'ron-jeremy', 1, 0),
(175, 'cgUjuGI4XJM', 'football', 1, 0),
(176, 'CJinWua98NA', 'human-as-animal', 1, 0),
(177, 'CJinWua98NA', 'mini', 1, 1),
(178, 'cl28Dk0I62E', 'bmx', 1, 0),
(179, 'cl28Dk0I62E', 'bridge', 1, 0),
(180, 'cl28Dk0I62E', 'tequila', 1, 0),
(181, 'cl28Dk0I62E', 'warsaw', 1, 0),
(182, 'cNAdtkSjSps', 'pong', 1, 0),
(183, 'CncbXK6vURA', 'japan', 1, 0),
(185, 'CpaaHXDaRgU', 'shoes', 1, 0),
(186, 'cvChjHcABPA', 'sos', 1, 0),
(187, 'cVv2ZOXVYkQ', 'chess', 1, 0),
(188, 'cVv2ZOXVYkQ', 'midas', 1, 0),
(189, 'cVv2ZOXVYkQ', 'tekken', 1, 0),
(190, 'cVv2ZOXVYkQ', 'video-game-console', 1, 0),
(191, 'CW5oGRx9CLM', 'first-person-perspective-fpp', 1, 0),
(192, 'CY8E6N5Nzec', 'lyric-video', 1, 0),
(193, 'D0LyJqzaT2Q', 'angry-birds', 1, 1),
(194, 'D0LyJqzaT2Q', 'duke-nukem', 1, 1),
(195, 'D0LyJqzaT2Q', 'michael-j-fox', 1, 1),
(196, 'D0LyJqzaT2Q', 'nerf', 1, 0),
(197, 'd7qNZ_QAz0Y', 'lyric-video', 1, 0),
(198, 'dGZmNRMjIRk', 'boxing', 1, 0),
(199, 'dGZmNRMjIRk', 'karate', 1, 0),
(200, 'dKSJN3WWR3E', 'jesus', 1, 0),
(201, 'DL7-CKirWZE', 'shopping-mall', 1, 0),
(202, 'dmJefsOErr0', 'golf', 1, 0),
(203, 'dMMUH_ZpbB0', 'lyric-video', 1, 0),
(204, 'dnItgFWtbIw', 'bike', 1, 0),
(205, 'DPtfsk4ETjM', 'shoes', 1, 0),
(206, 'dqZs-DFtx9g', 'gothic-metal', 1, 0),
(207, 'dTAAsCNK7RA', 'electric-treadmill', 1, 0),
(208, 'DtVBCG6ThDk', 'astronautics', 1, 0),
(209, 'dwGO-wwKSjg', 'fitness', 1, 0),
(210, 'dZLfasMPOU4', 'swimming-pool', 1, 0),
(211, 'e-ASfL31Dv4', 'amsterdam', 1, 0),
(212, 'e-ORhEE9VVg', 'shelby-ac-cobra', 1, 0),
(213, 'E2Qe3_gSG8Y', 'mixed-martial-arts-mma', 1, 0),
(214, 'eAoqWu6wmfI', 'lyric-video', 1, 0),
(215, 'EbfK7dei7ec', 'xanax', 1, 0),
(216, 'ecP-XLv1Rv0', 'lyric-video', 1, 0),
(217, 'egcXvqiho4w', 'video-game', 1, 0),
(218, 'EgqUJOudrcM', 'swimming-pool', 1, 0),
(219, 'eJO5HU_7_1w', 'britney-spears', 1, 0),
(220, 'eJO5HU_7_1w', 'hospital', 1, 0),
(221, 'eJO5HU_7_1w', 'midget', 1, 0),
(222, 'eJO5HU_7_1w', 'pamela-anderson', 1, 0),
(223, 'emGri7i8Y2Y', 'swimming-pool', 1, 0),
(224, 'en2D_5TzXCA', 'desert', 1, 0),
(225, 'en2D_5TzXCA', 'pink-clothes', 1, 0),
(226, 'EVBsypHzF3U', 'prison', 1, 0),
(227, 'Evug3WXIdak', 'chess', 1, 1),
(228, 'EwlsmPJeBgw', 'drug', 1, 0),
(229, 'ewRjZoRtu0Y', 'paper-plane', 1, 0),
(230, 'f4Mc-NYPHaQ', 'man-in-women-clothes', 1, 0),
(231, 'F82W3tKtr8c', 'lyric-video', 1, 0),
(232, 'fC3Cthm0HFU', 'donut', 1, 0),
(233, 'FG1c7NeofXU', 'amsterdam', 1, 0),
(234, 'FG1c7NeofXU', 'charlie-sheen', 1, 0),
(235, 'fH41vPVIVP0', 'drug', 1, 0),
(237, 'FHCYHldJi_g', 'bungee-jumping', 1, 0),
(239, 'FHCYHldJi_g', 'first-person-perspective-fpp', 1, 0),
(240, 'FHCYHldJi_g', 'kayak', 1, 0),
(241, 'FHCYHldJi_g', 'personal-water-craft-water-scooter', 1, 0),
(242, 'FHCYHldJi_g', 'swimming-pool', 1, 0),
(243, 'FHCYHldJi_g', 'virtual-reality-vr', 1, 0),
(244, 'FHCYHldJi_g', 'volleyball', 1, 0),
(245, 'fIQVVGJeIzA', 'roller-skates', 1, 0),
(246, 'FM7MFYoylVs', 'lyric-video', 1, 0),
(247, 'foE1mO2yM04', 'drug', 1, 0),
(248, 'foE1mO2yM04', 'ibiza', 1, 0),
(249, 'fQHEBL9Izn0', 'amiga', 1, 0),
(250, 'fQHEBL9Izn0', 'http-404', 1, 0),
(251, 'ftOsgV5s78o', 'gym', 1, 0),
(252, 'G005RC4tlVc', 'lyric-video', 1, 0),
(253, 'g6DdX51fnxM', 'wedding', 1, 0),
(254, 'gbHTaPk8Qmk', 'popeye', 1, 0),
(255, 'Gevj5LNWx6c', 'hammock', 1, 0),
(256, 'Gf3bmQh8_dM', 'football', 1, 0),
(257, 'Gf3bmQh8_dM', 'video-game', 1, 0),
(258, 'GjkqNwYEzN0', 'gucci', 1, 0),
(259, 'gOb-EjyXRPQ', 'female-bodybuilder', 1, 0),
(260, 'gOb-EjyXRPQ', 'woman-beat-man', 1, 0),
(261, 'gPefy4xnNpk', 'beach', 1, 0),
(262, 'gPefy4xnNpk', 'pacman', 1, 0),
(263, 'gPefy4xnNpk', 'theme-park', 1, 0),
(264, 'gPefy4xnNpk', 'video-game', 1, 0),
(265, 'grEterXHNW8', 'drug', 1, 0),
(266, 'grEterXHNW8', 'legia-warsaw', 1, 0),
(267, 'GvXpkH-gl3Q', 'new-year', 1, 0),
(268, 'h4UqMyldS7Q', 'basketball', 1, 0),
(269, 'h4UqMyldS7Q', 'graveyard', 1, 0),
(270, 'h4UqMyldS7Q', 'lowrider', 1, 0),
(271, 'h4UqMyldS7Q', 'police', 1, 0),
(272, 'h6KYAVn8ons', 'army', 1, 0),
(273, 'HAWSBEhPiY8', 'sonic-the-hedgehog', 1, 0),
(274, 'HcXNPI-IPPM', 'bmw', 1, 1),
(275, 'HcXNPI-IPPM', 'motorcycle', 1, 0),
(276, 'HcXNPI-IPPM', 'mr-t', 1, 0),
(277, 'HcXNPI-IPPM', 'pikachu', 1, 0),
(278, 'HcXNPI-IPPM', 'red-bull', 1, 0),
(279, 'HcXNPI-IPPM', 'subaru', 1, 1),
(280, 'HDTl9grOBdw', 'audi', 1, 0),
(281, 'hdw1uKiTI5c', 'parachute', 1, 0),
(282, 'hi4pzKvuEQM', 'roller-skates', 1, 0),
(283, 'hjusmxc8yAQ', 'lamborghini', 1, 0),
(284, 'HkVS79y4p4Y', 'helicopter', 1, 0),
(285, 'HkVS79y4p4Y', 'lamborghini', 1, 0),
(286, 'HkVS79y4p4Y', 'swimming-pool', 1, 0),
(287, 'HL_WvOly7mY', 'hugh-hefner', 1, 0),
(288, 'HL_WvOly7mY', 'playboy-mansion', 1, 0),
(289, 'HL_WvOly7mY', 'swimming-pool', 1, 0),
(290, 'hmbUNF1Q4R8', 'shoes', 1, 0),
(291, 'HPP0yB-_blA', 'ron-jeremy', 1, 0),
(292, 'hqwU7nv3hTM', 'chess', 1, 0),
(293, 'hR-NXv5Tma0', 'twerking', 1, 0),
(294, 'hRXc_-c_9Xc', 'man-in-women-clothes', 1, 0),
(295, 'hTl0F2cKzLk', 'bowling', 1, 0),
(296, 'hu9pTGFjA4c', 'basketball', 1, 0),
(297, 'hu9pTGFjA4c', 'beach', 1, 0),
(298, 'hu9pTGFjA4c', 'jump-rope', 1, 0),
(299, 'hu9pTGFjA4c', 'nun', 1, 0),
(300, 'hu9pTGFjA4c', 'paperboy', 1, 0),
(301, 'hv44srAsAo4', 'beach', 1, 0),
(302, 'HXeYRs_zR6w', 'lyric-video', 1, 0),
(303, 'hyeYUDqeadQ', 'airplane', 1, 0),
(304, 'hyeYUDqeadQ', 'hammurabi', 1, 1),
(305, 'hyeYUDqeadQ', 'hans-christian-andersen', 1, 1),
(306, 'hyeYUDqeadQ', 'j-r-r-tolkien', 1, 1),
(307, 'hyeYUDqeadQ', 'kamasutra', 1, 1),
(308, 'hyeYUDqeadQ', 'katowice', 1, 0),
(309, 'hyeYUDqeadQ', 'spodek', 1, 0),
(310, 'hyeYUDqeadQ', 'star-wars', 1, 1),
(311, 'hZSrzL-kb38', 'sea', 1, 0),
(312, 'h_kNovMUJ6o', 'animation', 1, 0),
(313, 'I2XfVml6o24', 'animation', 1, 0),
(314, 'I6kfin-UeAQ', 'food-fight', 1, 0),
(315, 'I6kfin-UeAQ', 'school', 1, 0),
(316, 'I6kfin-UeAQ', 'violet-hair', 1, 0),
(317, 'i8BGAYXNW74', 'basketball', 1, 0),
(318, 'i8BGAYXNW74', 'sport', 1, 0),
(319, 'iArXv64tCJA', 'animation', 1, 0),
(320, 'IeMvUlxXyz8', 'bodycount', 1, 1),
(321, 'IeMvUlxXyz8', 'red-hair', 1, 0),
(322, 'ifwc5xgI3QM', 'retirement-home', 1, 0),
(323, 'ihLdxPLPIKI', 'donut', 1, 0),
(324, 'iiiOqybRvsM', 'golf', 1, 0),
(325, 'IJ-I7S86ASQ', 'new-year', 1, 0),
(326, 'ikh2r7b8CAI', 'school', 1, 0),
(327, 'iQS4oa-dgLY', 'space', 1, 0),
(328, 'irxZsKBTXCQ', 'roller-skates', 1, 0),
(329, 'iTno21crSsY', 'desert', 1, 0),
(330, 'IUOBnU57f9c', 'motocross', 1, 0),
(331, 'IxkJHX7ukKE', 'chess', 1, 0),
(332, 'jam_t-gj7HM', 'mike-tyson', 1, 0),
(333, 'JeGP5uGMn-g', 'boxing', 1, 0),
(334, 'JeGP5uGMn-g', 'gym', 1, 0),
(335, 'JeGP5uGMn-g', 'woman-beat-man', 1, 0),
(336, 'jfLcPYA3Nlk', 'cue-billiard-sports', 1, 0),
(337, 'jfLcPYA3Nlk', 'man-in-women-clothes', 1, 0),
(338, 'jGflUbPQfW8', 'beach', 1, 0),
(339, 'jGflUbPQfW8', 'football', 1, 0),
(340, 'JgHskTnwnd4', 'the-flintstones', 1, 0),
(341, 'jGhZxKDN7P8', 'new-year', 1, 0),
(342, 'JhY9GOhFwN4', 'motorcycle', 1, 0),
(343, 'JkD0wILd5hE', 'nintendo-wii', 1, 0),
(344, 'JkK8g6FMEXE', 'astronautics', 1, 0),
(345, 'JkK8g6FMEXE', 'space', 1, 0),
(346, 'jp_XgZIaopk', 'atari', 1, 0),
(347, 'jqYxyd1iSNk', 'birthday', 1, 0),
(348, 'jqYxyd1iSNk', 'lyric-video', 1, 0),
(349, 'Jrd25gjyDhE', 'two-guys-one-girl', 1, 0),
(350, 'jsbeemdD2rQ', 'beach', 1, 0),
(351, 'jtL3Jsl2ieE', 'animal-farm', 1, 0),
(352, 'jvipPYFebWc', 'wild-west', 1, 0),
(353, 'JvMXVHVr72A', 'subaru', 1, 0),
(354, 'Jwgf3wmiA04', 'astronautics', 1, 0),
(355, 'Jwgf3wmiA04', 'nasa', 1, 0),
(356, 'Jz2gvAApY2A', 'chess', 1, 0),
(357, 'jZny4yRbkKU', 'cover', 1, 0),
(358, 'J_8xCOSekog', 'fiat', 1, 0),
(359, 'k1BFHYtZlAU', 'wrecking-ball', 1, 0),
(360, 'K2Y265KZR4g', 'drug', 1, 0),
(361, 'K2Y265KZR4g', 'marihuana', 1, 0),
(362, 'K7l5ZeVVoCA', 'basketball', 1, 0),
(363, 'KDPW_g2AhAU', 'hiking', 1, 0),
(364, 'KDxJlW6cxRk', 'lyric-video', 1, 0),
(365, 'kf9M5AET4ac', 'lyric-video', 1, 0),
(366, 'Kk4MqCg7F3s', 'catwoman', 1, 0),
(367, 'Kk4MqCg7F3s', 'the-sopranos', 1, 0),
(368, 'kkx-7fsiWgg', 'laundry', 1, 0),
(369, 'KlyXNRrsk4A', 'braces', 1, 0),
(370, 'KlyXNRrsk4A', 'video-game', 1, 0),
(371, 'kMOeTLLeaDU', 'pamela-anderson', 1, 0),
(372, 'kREQJCEfGIY', 'tic-tac-toe', 1, 0),
(373, 'kTHNpusq654', 'man-in-women-clothes', 1, 0),
(374, 'kTHNpusq654', 'wedding', 1, 0),
(375, 'kWbN3-6o3WQ', 'polar-bear', 1, 0),
(376, 'KXUuxMYBm8k', 'boxing', 1, 0),
(377, 'L1KworDaCqs', 'female-bodybuilder', 1, 0),
(378, 'LbARTyio_0Q', 'drug', 1, 0),
(379, 'LbARTyio_0Q', 'school', 1, 0),
(380, 'LDZX4ooRsWs', 'twerking', 1, 0),
(381, 'LeiFF0gvqcc', 'ancient-egypt', 1, 0),
(382, 'LeiFF0gvqcc', 'eddie-murphy', 1, 0),
(383, 'lfEVLXu3NXs', 'laundry', 1, 0),
(384, 'lFIIMEe2Ht0', 'christ-the-redeemer-statue', 1, 0),
(385, 'lFIIMEe2Ht0', 'sport', 1, 0),
(386, 'lgxOvmzpCts', 'masturbation', 1, 0),
(387, 'LiaYDPRedWQ', 'hello-kitty', 1, 0),
(388, 'LiaYDPRedWQ', 'japan', 1, 0),
(389, 'lkN51aqPOzU', 'snowmobile', 1, 0),
(390, 'LLyvBHeeono', 'football', 1, 0),
(391, 'LOZuxwVk7TU', 'stewardes', 1, 0),
(392, 'lrwBaJlvxEY', 'gym', 1, 0),
(393, 'lrwBaJlvxEY', 'table-tennis-ping-pong', 1, 0),
(394, 'luUUnuaxIFQ', 'new-year', 1, 0),
(395, 'lVb_t_ao9gw', 'drug', 1, 0),
(396, 'lVb_t_ao9gw', 'police', 1, 0),
(397, 'lVb_t_ao9gw', 'roller-skates', 1, 0),
(398, 'lVb_t_ao9gw', 'shop', 1, 0),
(399, 'LZIc8VSonVY', 'video-game', 1, 0),
(400, 'L_fCqg92qks', 'fitness', 1, 0),
(401, 'mDU-5jwPKmQ', 'golf', 1, 0),
(402, 'mDU-5jwPKmQ', 'swimming-pool', 1, 0),
(403, 'mg5Bp_Gzs0s', 'lyric-video', 1, 0),
(404, 'MGaEf0CZfbQ', 'lyric-video', 1, 0),
(405, 'mgQV8BBAkqA', 'fed-up-with-job', 1, 0),
(406, 'mHWr4WY9o24', 'sport', 1, 0),
(407, 'MILQ4kOzw3k', 'lamborghini', 1, 0),
(408, 'mkgqJn-Hj98', 'boxing', 1, 0),
(409, 'MLjjMgmWl4A', 'gucci', 1, 0),
(410, 'MLjjMgmWl4A', 'instagram', 1, 0),
(411, 'MLjjMgmWl4A', 'louis-vuitton', 1, 0),
(412, 'MLjjMgmWl4A', 'szampanskoje-igristoje', 1, 0),
(413, 'MLjjMgmWl4A', 'yves-saint-laurent', 1, 0),
(414, 'mMfxI3r_LyA', 'broken-car', 1, 0),
(415, 'mMfxI3r_LyA', 'two-guys-one-girl', 1, 0),
(416, 'mmi60Bd4jSs', 'anthropomorphism', 1, 0),
(417, 'mMWBh0B9F0M', 'lowrider', 1, 0),
(418, 'mpdcKmaHk_s', 'bowling', 1, 0),
(419, 'MsduHmjQlgI', 'video-arcade', 1, 0),
(420, 'MSL6o8sePlg', 'hangover', 1, 0),
(421, 'MwOchsxVuY0', 'ron-jeremy', 1, 0),
(422, 'My2FRPA3Gf8', 'wrecking-ball', 1, 0),
(423, 'M_Am8bSYIms', 'fishing', 1, 0),
(424, 'N1y27xUPEOE', 'boxing', 1, 0),
(425, 'N38hzg4wAho', 'eagle', 1, 0),
(426, 'n6P0SitRwy8', 'cross', 1, 0),
(427, 'n6P0SitRwy8', 'jesus', 1, 0),
(428, 'nfWlot6h_JM', 'ballet', 1, 0),
(429, 'nfWlot6h_JM', 'cheerleading', 1, 0),
(430, 'NfzwM4pdyxU', 'chess', 1, 0),
(431, 'NHydngA5C4E', 'chess', 1, 0),
(432, 'nIjVuRTm-dc', 'swimming-pool', 1, 0),
(433, 'nLEGbZI3Grc', 'basketball', 1, 0),
(434, 'nO37LQq_qPM', 'arnold-schwarzenegger', 1, 0),
(435, 'nO37LQq_qPM', 'gym', 1, 0),
(437, 'NSgHGFuPNus', 'new-year', 1, 0),
(438, 'nYh-n7EOtMA', 'friday', 1, 0),
(439, 'nYh-n7EOtMA', 'lyric-video', 1, 0),
(440, 'NZmmZobqWG4', 'forest', 1, 0),
(441, 'NZmmZobqWG4', 'lyric-video', 1, 0),
(442, 'n_I72uiqwa0', 'cameron-diaz', 1, 0),
(443, 'n_I72uiqwa0', 'prozac', 1, 0),
(444, 'o10EV4PG40U', 'lyric-video', 1, 0),
(445, 'o41A91X5pns', 'shoes', 1, 0),
(446, 'o4OD3IHs5jU', 'wrestling', 1, 0),
(447, 'o66xQUqKzsc', 'lyric-video', 1, 0),
(448, 'Od6Y--1jrKY', 'basketball', 1, 0),
(449, 'Od6Y--1jrKY', 'ford-mustang', 1, 0),
(450, 'oDNcL1VP3rY', 'casting', 1, 0),
(451, 'OGGwv3Zjq88', 'chess', 1, 0),
(452, 'oh2LWWORoiM', 'being-high', 1, 0),
(453, 'oh2LWWORoiM', 'cue-billiard-sports', 1, 0),
(454, 'oIWV3WKpC2U', 'chess', 1, 1),
(455, 'oKsxPW6i3pM', 'swimming-pool', 1, 0),
(456, 'oslBwpjxAJ8', 'ron-jeremy', 1, 0),
(457, 'Oy9V_4im0wg', 'amsterdam', 1, 0),
(458, 'Oy9V_4im0wg', 'basketball', 1, 0),
(459, 'Oy9V_4im0wg', 'led-shoes', 1, 0),
(460, 'Oy9V_4im0wg', 'skull-face', 1, 0),
(461, 'OyI2q6-B2UE', 'lyric-video', 1, 0),
(462, 'OyI2q6-B2UE', 'swimming-pool', 1, 0),
(463, 'oZbo4l0BvwQ', 'golf', 1, 0),
(464, 'oZbo4l0BvwQ', 'table-tennis-ping-pong', 1, 0),
(465, 'OzvasAJIHb4', 'graveyard', 1, 0),
(466, 'OzvasAJIHb4', 'janis-joplin', 1, 0),
(467, 'p2EFLevSBCI', 'video-game', 1, 0),
(468, 'p3ELX-nPeVo', 'boxing', 1, 0),
(469, 'P5mtclwloEQ', 'catwoman', 1, 1),
(470, 'p90H575__bY', 'fiat-126', 1, 0),
(471, 'papuvlVeZg8', 'pole-dance', 1, 0),
(472, 'PCF-B6deZ7Q', 'legia-warsaw', 1, 0),
(473, 'PCF-B6deZ7Q', 'warsaw', 1, 0),
(474, 'pFoja4b0ZFo', 'pole-dance', 1, 0),
(475, 'pFptt7Cargc', 'airport', 1, 0),
(476, 'PiBX-ESFDF0', 'food-fight', 1, 0),
(477, 'pIHR7rUeGTc', 'haiti', 1, 0),
(478, 'Pjg3AOIbKO4', 'twerking', 1, 0),
(479, 'PJniSb91tvo', 'stay-away-from-my-daughter', 1, 0),
(480, 'pOHQdIDds6s', 'lamborghini', 1, 0),
(481, 'PT2_F-1esPk', 'blink-182', 1, 0),
(482, 'PT2_F-1esPk', 'lyric-video', 1, 0),
(483, 'Px6pBgYmd7w', 'mercedes', 1, 0),
(484, 'pXRviuL6vMY', 'tricycle', 1, 0),
(485, 'Q0oIoR9mLwc', 'skateboarding', 1, 0),
(486, 'Q4KZaI_jtKs', 'lyric-video', 1, 0),
(487, 'q76EfgGXvIY', 'airplane', 1, 0),
(488, 'q76EfgGXvIY', 'big-red-button', 1, 0),
(489, 'q76EfgGXvIY', 'marihuana', 1, 0),
(490, 'q76EfgGXvIY', 'vladimir-putin', 1, 0),
(491, 'Q7JiG2z7pio', 'patrick-swayze', 1, 0),
(492, 'Q7JiG2z7pio', 'perla-beer', 1, 0),
(493, 'Q7JiG2z7pio', 'rocky-balboa', 1, 0),
(494, 'qalEMMQooNk', 'garage', 1, 0),
(496, 'Qc9c12q3mrc', 'hijack', 1, 1),
(497, 'QCqAYTMF61I', 'donald-trump', 1, 0),
(498, 'qdeWQIM1FgY', 'skull', 1, 0),
(499, 'qdmoBy3ud7U', 'mercedes', 1, 0),
(500, 'qeMFqkcPYcg', 'cow', 1, 0),
(501, 'qeMFqkcPYcg', 'red-hair', 1, 0),
(502, 'QetvK6ldl2s', 'drug', 1, 0),
(503, 'QetvK6ldl2s', 'karaoke', 1, 0),
(504, 'qh7QJ_jLam0', 'lyric-video', 1, 0),
(505, 'qh9WuPzOjlI', 'sport', 1, 0),
(506, 'QIc-7BFPwSU', 'boxing', 1, 0),
(507, 'qj5zT4t7S6c', 'roller-skates', 1, 0),
(508, 'QNsPI6V4Iec', 'swimming-pool', 1, 0),
(509, 'Qok9Ialei4c', 'animation', 1, 0),
(510, 'Qok9Ialei4c', 'camper-trailer', 1, 0),
(511, 'Qok9Ialei4c', 'falling-star', 1, 0),
(512, 'Qok9Ialei4c', 'motorcycle', 1, 0),
(513, 'qRK3u5X-N1s', 'lyric-video', 1, 0),
(514, 'qRK3u5X-N1s', 'table-tennis-ping-pong', 1, 0),
(515, 'qrO4YZeyl0I', 'nintendo-wii', 1, 1),
(516, 'qSMnrAJpEeo', 'subaru', 1, 1),
(517, 'Qt6Lkgs0kiU', 'summer', 1, 0),
(518, 'QwrbyVaC6EU', 'kids-play---war', 1, 0),
(519, 'r1NSg1_ObSE', 'pikachu', 1, 0),
(520, 'r1NSg1_ObSE', 'rubber-duck', 1, 0),
(521, 'r8BsuT0PWdI', 'horse', 1, 0),
(522, 'r8BsuT0PWdI', 'motorcycle', 1, 0),
(523, 'r8BsuT0PWdI', 'volvo', 1, 0),
(524, 'rgc_LRjlbTU', 'chess', 1, 0),
(525, 'rhcc1KQlCS4', 'ford-mustang', 1, 0),
(526, 'RhU9MZ98jxo', 'lyric-video', 1, 0),
(527, 'rjr42vJSrcY', 'bmw', 1, 0),
(528, 'rMqayQ-U74s', 'sauna', 1, 0),
(529, 'RM_DON9L5No', 'shoes', 1, 0),
(530, 'RNuUgbUzM8U', 'basketball', 1, 0),
(531, 'RNuUgbUzM8U', 'jump-rope', 1, 0),
(532, 'roRcksH2_HQ', 'devil', 1, 0),
(533, 'roRcksH2_HQ', 'drug', 1, 0),
(534, 'roRcksH2_HQ', 'ron-jeremy', 1, 0),
(535, 'roRcksH2_HQ', 'swimming-pool', 1, 0),
(536, 'roRcksH2_HQ', 'tits', 1, 0),
(537, 'RqcjBLMaWCg', 'victoria-s-secret', 1, 0),
(538, 'RrU2DThhsZI', 'superhero', 1, 0),
(539, 'RSdKmX2BH7o', 'elvis-presley', 1, 0),
(540, 'RSdKmX2BH7o', 'star-trek', 1, 1),
(541, 'RSdKmX2BH7o', 'video-game', 1, 0),
(542, 'ru0K8uYEZWw', 'car-wash', 1, 0),
(543, 'ru0K8uYEZWw', 'hairdresser', 1, 0),
(544, 'ru0K8uYEZWw', 'laundry', 1, 0),
(545, 'ru0K8uYEZWw', 'supermarket', 1, 0),
(546, 'RwEZXEU0wRg', 'boxing', 1, 0),
(547, 'RwEZXEU0wRg', 'swimming-pool', 1, 0),
(548, 'ryr75N0nki0', 'typewriter', 1, 0),
(549, 'rYuhWd4QI0k', 'donut', 1, 0),
(550, 'S85vl1xFx1o', 'swimming-pool', 1, 0),
(551, 'SAWzXkV3hHo', 'japan', 1, 0),
(552, 'SAWzXkV3hHo', 'karaoke', 1, 0),
(553, 'SCcVrLcGD7k', 'go-kart', 1, 0),
(554, 'sJA3gQ6jmxc', 'bodycount', 1, 0),
(555, 'sJA3gQ6jmxc', 'wheelchair', 1, 0),
(556, 'sJiRwDgZbjM', 'boxing', 1, 0),
(557, 'sJiRwDgZbjM', 'dariusz-michalczewski', 1, 0),
(558, 'SmM0653YvXU', 'bmw', 1, 0),
(559, 'SmM0653YvXU', 'desert', 1, 0),
(560, 'SmM0653YvXU', 'snake', 1, 0),
(561, 'SMs0GnYze34', 'lyric-video', 1, 0),
(562, 'sNPnbI1arSE', 'marilyn-manson', 1, 0),
(563, 'sNPnbI1arSE', 'spice-girls', 1, 0),
(564, 'sOnqjkJTMaA', 'werewolf', 1, 0),
(565, 'sOnqjkJTMaA', 'zombie', 1, 0),
(566, 'sPLEbAVjiLA', 'kiss', 1, 0),
(567, 'SPlQpGeTbIE', 'video-game', 1, 0),
(568, 'sS76eS34Y0c', 'prison', 1, 0),
(569, 'sT0g16_LQaQ', 'cinema', 1, 0),
(570, 'sVaRHJn_dgM', 'ice-skate', 1, 0),
(572, 't5Sd5c4o9UM', 'alien', 1, 0),
(573, 'T97Ft3J48IU', 'johnny-bravo', 1, 0),
(574, 'T97Ft3J48IU', 'ufo', 1, 0),
(575, 'TFXlWfzW9Uo', 'beach', 1, 0),
(576, 'Tg-Q-Acv4qs', 'chess', 1, 0),
(577, 'TIy3n2b7V9k', 'skateboarding', 1, 0),
(578, 'TjB-JpeF18s', 'czech-republic', 1, 0),
(579, 'tkClJp0jSgA', 'alien', 1, 0),
(580, 'tkClJp0jSgA', 'sauna', 1, 0),
(581, 'ttWQK5VXskA', 'solarium', 1, 0),
(584, 'tZ5Mu2gs-M8', 'thermal-video', 1, 0),
(585, 'u38TqU5rAyk', 'midget', 1, 0),
(586, 'u38TqU5rAyk', 'punk', 1, 0),
(587, 'Ua61XY84gGg', 'fitness', 1, 0),
(588, 'Ua61XY84gGg', 'gym', 1, 0),
(589, 'ubEublECnMU', 'priest', 1, 0),
(590, 'UbQgXeY_zi4', 'anthropomorphism', 1, 0),
(591, 'ubvV498pyIM', 'court', 1, 0),
(592, 'ubvV498pyIM', 'murder', 1, 0),
(593, 'UDApZhXTpH8', 'pimp', 1, 0),
(594, 'UDCT6ta_54k', 'chevrolet-corvette', 1, 0),
(595, 'UDCT6ta_54k', 'construction-worker', 1, 0),
(596, 'UDCT6ta_54k', 'dig-your-own-grave', 1, 0),
(597, 'UDCT6ta_54k', 'drug', 1, 0),
(598, 'uEJuoEs1UxY', 'desert', 1, 0),
(599, 'uEJuoEs1UxY', 'jeep-wrangler', 1, 0),
(600, 'ULTtWUZhD9c', 'car-racing', 1, 0),
(601, 'Um7pMggPnug', 'roller-coaster', 1, 0),
(602, 'Um7pMggPnug', 'theme-park', 1, 0),
(603, 'UprcpdwuwCg', 'prison', 1, 0),
(604, 'UpsKGvPjAgw', 'danny-devito', 1, 0),
(605, 'UpsKGvPjAgw', 'sumo', 1, 0),
(606, 'UqON44CLaQM', 'table-tennis-ping-pong', 1, 0),
(607, 'uuCJDn1L6Ps', 'boxing', 1, 0),
(608, 'v0CYB5V9e64', 'malibu', 1, 0),
(609, 'VASywEuqFd8', 'mobile-phone-overuse', 1, 0),
(610, 'VASywEuqFd8', 'pikachu', 1, 1),
(611, 'VASywEuqFd8', 'suicide', 1, 1),
(612, 'VAWjsVoDpm0', 'ferrari', 1, 0),
(613, 'VCnPe5bBnAU', 'erich-fromm', 1, 0),
(614, 'VKOCH8OcwaI', 'tron', 1, 0),
(615, 'vraoiVCDdaM', 'chess', 1, 0),
(616, 'vraoiVCDdaM', 'swimming-pool', 1, 0),
(617, 'VrDfSZ_6f4U', 'animation', 1, 0),
(618, 'vVy9Lgpg1m8', 'braces', 1, 0),
(619, 'vVy9Lgpg1m8', 'swimming-pool', 1, 0),
(620, 'vWz9VN40nCA', 'gym', 1, 0),
(621, 'W4ZVTUePMmc', 'perla-beer', 1, 0),
(622, 'Wa5B22KAkEk', 'drug', 1, 0),
(623, 'Wa5B22KAkEk', 'golf', 1, 0),
(624, 'WDaNJW_jEBo', 'lamborghini', 1, 0),
(625, 'WdgLMslbDuY', 'back-to-the-future', 1, 0),
(626, 'Wdq_2uBlLTE', 'xanax', 1, 0),
(627, 'WE7PJVZyBhU', 'guru', 1, 0),
(628, 'WE7PJVZyBhU', 'harem', 1, 0),
(629, 'wESgcExetso', 'subaru', 1, 0),
(630, 'WfPu9Jrcpuk', 'lyric-video', 1, 0),
(631, 'wfWIs2gFTAM', 'boxing', 1, 0),
(632, 'wGs4YcVyKtQ', 'krav-maga', 1, 0),
(633, 'wl6k_h2drK8', 'big-red-button', 1, 0),
(634, 'wl6k_h2drK8', 'president', 1, 0),
(635, 'wl6k_h2drK8', 'usa-vs-russia', 1, 0),
(636, 'wl6k_h2drK8', 'white-house', 1, 0),
(637, 'wltRoy_rxMQ', 'home-army-ak', 1, 0),
(638, 'wqi7YGePjZU', 'beach', 1, 0),
(639, 'wQRV5omnBBU', 'bmw', 1, 0),
(640, 'wQRV5omnBBU', 'snake', 1, 0),
(641, 'wQRV5omnBBU', 'swimming-pool', 1, 0),
(642, 'wtMyRroOS-o', 'boxing', 1, 0),
(643, 'WWkdUU8Ayfk', 'boxing', 1, 0),
(644, 'Wy2w8GtRBKg', 'breaking-bad', 1, 1),
(645, 'Wy2w8GtRBKg', 'games-of-thrones', 1, 0),
(646, 'Wy2w8GtRBKg', 'leonardo-dicaprio', 1, 0),
(647, 'Wy2w8GtRBKg', 'tinder', 1, 0),
(648, 'wycjnCCgUes', 'animation', 1, 0),
(649, 'wycjnCCgUes', 'psychodelic', 1, 0),
(650, 'wyx6JDQCslE', 'ron-jeremy', 1, 0),
(651, 'wzI8XmXvjkY', 'animation', 1, 0),
(652, 'X0ZVaFO7cGE', 'basketball', 1, 0),
(653, 'X0ZVaFO7cGE', 'lyric-video', 1, 0),
(654, 'x9BILEBcx5c', 'hijack', 1, 0),
(655, 'x9BILEBcx5c', 'microsoft-windows', 1, 0),
(656, 'x9BILEBcx5c', 'superhero', 1, 0),
(657, 'xAh6fk0KD1c', 'astronautics', 1, 0),
(658, 'xAh6fk0KD1c', 'dig-dug', 1, 1),
(659, 'xAh6fk0KD1c', 'donkey-kong', 1, 1),
(660, 'xAh6fk0KD1c', 'pacman', 1, 0),
(661, 'xAh6fk0KD1c', 'ron-jeremy', 1, 0),
(662, 'xat1GVnl8-k', 'eiffel-tower', 1, 0),
(663, 'xat1GVnl8-k', 'mime', 1, 0),
(664, 'xc7PZyOaB1s', 'bmw', 1, 0),
(665, 'XIictPv-5MI', 'pong', 1, 0),
(666, 'xKv9cmynyoY', 'horse', 1, 0),
(667, 'xmUZ6nCFNoU', 'ice-cream', 1, 0),
(668, 'xmUZ6nCFNoU', 'ice-cream-truck', 1, 0),
(669, 'XNtTEibFvlQ', 'swimming-pool', 1, 0),
(670, 'xPliEy0-2xI', 'swimming-pool', 1, 0),
(671, 'xsBu-FXkhEA', 'tennis', 1, 0),
(672, 'xsBu-FXkhEA', 'video-game', 1, 0),
(673, 'XsFneCExrCQ', 'coffin', 1, 0),
(674, 'XsFneCExrCQ', 'desert', 1, 0),
(675, 'xt0V0_1MS0Q', 'bike', 1, 0),
(676, 'XWCwc1_sYMY', 'swimming-pool', 1, 0),
(677, 'XXlZfc1TrD0', 'drug', 1, 0),
(678, 'XXlZfc1TrD0', 'looney-tunes', 1, 0),
(680, 'XXlZfc1TrD0', 'subaru', 1, 0),
(681, 'Y1_VsyLAGuk', 'tuesday', 1, 0),
(682, 'y6120QOlsfU', 'pursuit', 1, 0),
(683, 'Ydx3xjeAyjA', 'legia-warsaw', 1, 0),
(684, 'YJ8Z9v4jr_M', 'american-football', 1, 0),
(685, 'YJ8Z9v4jr_M', 'basketball', 1, 0),
(686, 'YJ8Z9v4jr_M', 'drug', 1, 0),
(687, 'YjUk92LSzSo', 'legia-warsaw', 1, 0),
(688, 'YLMJW62HE8A', 'lyric-video', 1, 0),
(689, 'YlUKcNNmywk', 'video-game', 1, 0),
(690, 'ymNFyxvIdaM', 'sony-playstation', 1, 1),
(691, 'yOV5D5_RZzE', 'brad-pitt', 1, 0),
(692, 'yOV5D5_RZzE', 'gym', 1, 0),
(693, 'YQ1LI-NTa2s', 'school', 1, 0),
(694, 'YqJAnQTwmJs', 'gangsta', 1, 0),
(695, 'YqJAnQTwmJs', 'swimming-pool', 1, 0),
(696, 'yrfo_KhbgAA', 'theme-park', 1, 0),
(697, 'yuBbGyWSc-c', 'christmas', 1, 0),
(698, 'yuBbGyWSc-c', 'rolls-royce', 1, 0),
(699, 'Yxz5G4foV0E', 'the-sopranos', 1, 0),
(700, 'YZuHSgjT4JM', 'boxing', 1, 0),
(701, 'Z2i7bR-lNaY', 'legia-warsaw', 1, 0),
(702, 'z3YMxM1_S48', 'retirement-home', 1, 0),
(703, 'z63cQKWlDgQ', 'mike-tyson', 1, 0),
(704, 'Z8V5GfFeUDs', 'table-tennis-ping-pong', 1, 0),
(705, 'ZAufONAig6w', 'fidget-spinner', 1, 1),
(706, 'ZAufONAig6w', 'mercedes', 1, 1),
(707, 'ZAufONAig6w', 'shoes', 1, 0),
(708, 'ZB7Xjd34pjo', 'swimming-pool', 1, 0),
(709, 'Ze7H_MEQVb8', 'sony-playstation', 1, 0),
(710, 'Ze7H_MEQVb8', 'video-game-console', 1, 0),
(711, 'zP50Ewh31E4', 'kendo', 1, 0),
(712, 'zRIbf6JqkNc', 'car-crash', 1, 0),
(713, 'ZSgnDb3BsCw', 'swimming-pool', 1, 0),
(714, 'ZTEfInwgxVs', 'bank', 1, 0),
(715, 'ZTEfInwgxVs', 'lamborghini', 1, 1),
(716, 'ZVRxh7mo3iY', 'alcatraz', 1, 0),
(717, 'ZVRxh7mo3iY', 'taj-mahal', 1, 0),
(718, 'zwS9DxTn5Hs', 'radom', 1, 0),
(719, 'ZyhrYis509A', 'barbie', 1, 0),
(720, 'ZyuOYHWWr3U', 'boxing', 1, 0),
(721, '_5XfAYZAA7w', 'swimming-pool', 1, 0),
(722, '_66jPJVS4JE', 'new-year', 1, 0),
(723, '_an3mlqNjjY', 'shower', 1, 0),
(724, '_an3mlqNjjY', 'virtual-reality-vr', 1, 0),
(725, '_CL6n0FJZpk', 'lowrider', 1, 0),
(726, '_dK2tDK9grQ', 'lyric-video', 1, 0),
(727, '_i5fBY3a5Q0', 'new-year', 1, 0),
(728, '_i_qxQztHRI', 'boxing', 1, 0),
(729, '_i_qxQztHRI', 'lamborghini', 1, 0),
(730, '_i_qxQztHRI', 'skateboarding', 1, 0),
(731, '_JZom_gVfuw', 'swimming-pool', 1, 0),
(732, '_lK4cX5xGiQ', 'devil', 1, 0),
(733, '_opF2Dn6Fk4', 'skateboarding', 1, 0),
(734, '_opF2Dn6Fk4', 'surfing', 1, 0),
(735, '_ovdm2yX4MA', 'fed-up-with-job', 1, 0),
(736, '_ovdm2yX4MA', 'hospital', 1, 0),
(737, '_ovdm2yX4MA', 'sisyphus', 1, 0),
(738, '_rbyY0qvJ84', 'legia-warsaw', 1, 0),
(739, '_Ri2KEiXlNk', 'graveyard', 1, 0),
(740, '_shxzlTRK44', 'basketball', 1, 0),
(741, '_whGk6HjUAQ', 'lyric-video', 1, 0),
(742, '_zPlr-o-YEQ', 'kissing', 1, 0),
(743, 'ayGh05yrZDA', 'wunder-baum', 1, 0),
(744, 'K7l5ZeVVoCA', 'nurse', 1, 0),
(745, 'z63cQKWlDgQ', 'boxing', 1, 0),
(746, 'jam_t-gj7HM', 'don-king', 1, 0),
(749, 'CduA0TULnow', 'mars', 1, 0),
(750, 'gl1aHhXnN1k', 'school', NULL, 0),
(751, 'gl1aHhXnN1k', 'twitter', NULL, 0),
(752, 'gl1aHhXnN1k', 'christmas', NULL, 0),
(753, 'gl1aHhXnN1k', 'playhouse', NULL, 0),
(754, 'gl1aHhXnN1k', 'porsche', NULL, 0),
(755, 'G7PJK0onRKY', 'mobile-phone-overuse', NULL, 0),
(756, 'G7PJK0onRKY', 'church', NULL, 0),
(757, 'G7PJK0onRKY', 'funeral', NULL, 1),
(758, 'G7PJK0onRKY', 'gym', NULL, 1),
(759, 'G7PJK0onRKY', 'hairdresser', NULL, 1),
(760, 'G7PJK0onRKY', 'confession-box', NULL, 1),
(761, 'ajN57m_OSpY', 'budapest', 1, 0),
(763, '3JWTaaS7LdU', 'kevin-costner', 1, 0),
(765, '3IJ3XXomxiM', 'kebab', 1, 0),
(778, '7-tNUur2YoU', 'super-mario-bros', NULL, 1),
(780, 'Gtm5pGpb4HQ', 'school-bus', NULL, 0),
(782, 'WNeLUngb-Xg', 'dog', NULL, 0),
(783, 'WNeLUngb-Xg', 'car', NULL, 0),
(784, 'WNeLUngb-Xg', 'wolf', NULL, 0),
(799, 'Qok9Ialei4c', 'ballet', NULL, 0),
(800, 'ZTEfInwgxVs', 'money', 1, 0),
(801, 'ZTEfInwgxVs', 'banknote-counter', 1, 0),
(802, 'f3V-7DEAgdc', 'film-set', 1, 0),
(803, 'f3V-7DEAgdc', 'whoopi-goldberg', 1, 0),
(804, 'f3V-7DEAgdc', 'john-travolta', 1, 0),
(805, 'f3V-7DEAgdc', 'steven-spielberg', 1, 0),
(812, 'K73-hmaHPHY', 'film-set', 1, 1),
(813, 'f3V-7DEAgdc', 'don-king', 1, 0),
(815, 'LHQqqM5sr7g', 'film-set', 1, 1),
(817, 'ToY6sjSV8h8', 'breaking-bad', 1, 0),
(818, 'ToY6sjSV8h8', 'alien', 1, 0),
(819, 'ToY6sjSV8h8', 'ufo', 1, 0),
(820, 'ToY6sjSV8h8', 'drug', 1, 0),
(821, 'ToY6sjSV8h8', 'camper-trailer', 1, 0),
(823, 'AH7XHhhlT3o', 'adolf-hitler', 1, 0),
(824, 'afBKjqAkNSw', 'pierogi', 1, 0),
(825, '0cZ8-RgtrP0', 'fidget-spinner', 1, 0),
(826, 'FsXMfEa_Rts', 'fidget-spinner', 1, 0),
(827, 'YsIw608uQpg', 'fidget-spinner', 1, 0),
(828, 'YsIw608uQpg', 'basketball', 1, 0),
(829, 'RAOnUF8t20w', 'junkyard', 1, 0),
(830, 'RAOnUF8t20w', 'carrousel', 1, 0),
(831, '6bCQ8VtraAA', 'carrousel', 1, 0),
(832, 'Bx51eegLTY8', 'junkyard', 1, 0),
(833, 'V_GuIDnZPHs', 'junkyard', 1, 0),
(834, 'Whv1tLqKZig', 'lyric-video', 1, 0),
(835, 'XpdpW0z9xnQ', 'astronautics', 1, 0),
(836, 'Whv1tLqKZig', 'pong', 1, 0),
(837, 'HTbC1UsBtek', 'junkyard', 1, 0),
(838, 'UNq9gmY_Oz4', 'junkyard', 1, 0),
(839, 'pBkHHoOIIn8', 'junkyard', 1, 0),
(840, 'YDQLb43Wnhk', 'junkyard', 1, 0),
(841, 'DYj40-cZ5vI', 'junkyard', 1, 0),
(842, 'SNrZCaZKH-0', 'birthday', 1, 0),
(843, 'SNrZCaZKH-0', 'swimming-pool', 1, 0),
(844, 'SAWzXkV3hHo', 'film-set', 1, 0),
(845, 'SAWzXkV3hHo', 'lost-in-translation-film', 1, 0),
(846, 'WP7duqy60h8', 'lyric-video', 1, 0),
(847, 'lf_wVfwpfp8', 'samsung-galaxy-note-5', NULL, 0),
(848, '7wzR_BVFsUU', 'robot', NULL, 0),
(849, 'haEqhj76z3I', 'theme-park', 1, 0),
(850, '2IH8tNQAzSs', 'lolipop', 1, 0),
(851, '2IH8tNQAzSs', 'swimming-pool', 1, 0),
(852, '2IH8tNQAzSs', 'limousine', 1, 0),
(853, '-5slZHLSnow', 'on-the-roof-of-a-car', 1, 0),
(854, 'VYOjWnS4cMY', 'on-the-roof-of-a-car', 1, 1),
(855, 'tvTRZJ-4EyI', 'banknote-counter', 1, 0),
(856, 'tvTRZJ-4EyI', 'tetris', 1, 0),
(857, 'tvTRZJ-4EyI', 'on-the-roof-of-a-car', 1, 1),
(858, 'tvTRZJ-4EyI', 'golf', 1, 0),
(859, 'ToY6sjSV8h8', 'on-the-roof-of-a-car', 1, 0),
(860, 'kK42LZqO0wA', 'tennis', 1, 0),
(861, '2xlJnipdpSc', 'gym', 1, 0),
(862, '2xlJnipdpSc', 'boxing', 1, 0),
(863, 'j3VjJKKVNew', 'sexercize', 1, 0),
(864, 'j3VjJKKVNew', 'fitness', 1, 0),
(865, 'IxGvm6btP1A', 'gym', 1, 0),
(866, 'IxGvm6btP1A', 'fitness', 1, 0),
(867, 'gmfcYli6vV4', 'shooting', 1, 0),
(868, 'Hs5fP7G8gBc', 'lyric-video', 1, 0),
(869, 'Hs5fP7G8gBc', 'clay', 1, 0),
(870, 'Xl79bqBieT4', 'stewardes', 1, 0),
(871, 'Xl79bqBieT4', 'airplane', 1, 0),
(872, 'Ji9NPW3mi8o', 'clown', 1, 0),
(873, 'WpYeekQkAdc', 'postal', 1, 1),
(874, 'WpYeekQkAdc', 'video-game', 1, 0),
(875, 'oXBDZFtMcbg', 'handcuff', 1, 0),
(882, 'XMokMCbqYNw', 'keanu-reeves', 1, 0),
(883, 'XMokMCbqYNw', 'matrix', 1, 0),
(884, 'IvjiQllvCLc', 'cocaine', 1, 0),
(885, 'TzE1o0v6s_k', 'grand-theft-auto', 1, 0),
(886, 'TzE1o0v6s_k', 'mortal-kombat', 1, 0),
(887, 'D0LyJqzaT2Q', 'barbecue-grill', 1, 0),
(888, 'D0LyJqzaT2Q', 'gas-mask', 1, 0),
(889, 'D0LyJqzaT2Q', 'playing-cards', 1, 0),
(890, 'eZ1nDCWct7g', 'cocaine', 1, 0),
(891, 'eZ1nDCWct7g', 'michael-jackson', 1, 0),
(892, 'eZ1nDCWct7g', 'pablo-escobar', 1, 0),
(893, 'eZ1nDCWct7g', 'macaulay-culkin', 1, 0),
(894, 'eZ1nDCWct7g', 'thomas-the-tank-engine', 1, 0),
(895, 'eZ1nDCWct7g', 'the-simpsons', 1, 0),
(896, '4UigxQpX4J0', 'lamborghini', 1, 0),
(897, '4UigxQpX4J0', 'andrew-golota', 1, 0),
(898, '4UigxQpX4J0', 'tupac-shakur', 1, 0),
(899, 'bnCT0GXgLJg', 'charlie-sheen', 1, 0),
(900, 'eJO5HU_7_1w', 'fast-food', 1, 0),
(904, 'HpyZEzrDf4c', 'robin-williams', NULL, 0),
(905, 'HpyZEzrDf4c', 'zelda-williams', NULL, 0),
(906, 'ZPcoNqaL0Es', 'maradona', NULL, 0),
(907, 'olE0KiPA-cg', 'grand-theft-auto', NULL, 0),
(908, 'olE0KiPA-cg', 'duke-nukem', NULL, 0),
(909, 'olE0KiPA-cg', 'pacman', NULL, 0),
(910, 'm3tLCwv1MNI', 'kick-scooter', NULL, 0),
(911, 'olE0KiPA-cg', 'larry-flint', NULL, 0),
(912, 'TJ9O4NEKzUY', 'borderlands', NULL, 0),
(913, 'aXouD11UeiE', 'dodgeball', 1, 0),
(914, 'g0kgw2kkFnM', 'the-godfather', 1, 0),
(915, 'xqmFxgEGKH0', 'john-deep', 1, 0),
(916, 'S3QzumdCB2Q', 'mercedes', NULL, 0),
(917, 'kFUQVbfIuvw', 'floyd-mayweather', NULL, 0),
(918, 'RXC1iqXDkp0', 'haggen-dans', NULL, 0),
(919, 'p9m0o6E-zQk', 'chess', 1, 0),
(920, 'p9m0o6E-zQk', 'video-arcade', 1, 0),
(921, 'p9m0o6E-zQk', 'virtual-reality-vr', 1, 0),
(922, 'p9m0o6E-zQk', 'casino', 1, 0),
(923, 'p9m0o6E-zQk', 'mariusz-pudzianowski', 1, 0),
(924, 'p9m0o6E-zQk', 'bodypainting', 1, 0),
(925, 'yq3hsG4BBvc', 'bazar-rozyckiego', 1, 0),
(926, '4mDFJTRhRQ8', 'paprykarz-szczecinski', 1, 0),
(927, '4nKllakGRJM', 'warsaw', 1, 0),
(928, '6hfDqt5uOOY', 'warsaw', 1, 0),
(929, 'lzeNBRbWXpI', 'warsaw-uprising', 1, 0),
(930, 'pRgUpRx1wE8', 'lamborghini', 1, 0),
(931, 'pRgUpRx1wE8', 'prison', 1, 0),
(932, '6G9CZSs9soo', 'tony-montana', 1, 0),
(933, 'EpmBNukssNw', 'tony-montana', 1, 0),
(934, 'BO1Nae_EBvQ', 'computer-animation', 1, 0),
(935, 'wTP2RUD_cL0', 'computer-animation', 1, 0),
(936, 'zSmOvYzSeaQ', 'virtual-reality-vr', 1, 0),
(939, 'Cb-gaZHYoLs', 'k-pax', 1, 0),
(940, 'Cb-gaZHYoLs', 'lexus', 1, 0),
(941, 'Cb-gaZHYoLs', 'mdma', 1, 0),
(942, 'VgHQlbLK7Nw', 'tekken', 1, 0),
(943, 'VgHQlbLK7Nw', 'xanax', 1, 0),
(944, 'IFTlFlkrbfI', 'fifa-soccer', 1, 0),
(945, '8JCHKvXINmQ', 'niki-lauda', 1, 0),
(946, '8JCHKvXINmQ', 'atari', 1, 0),
(947, '8JCHKvXINmQ', 'amiga', 1, 0),
(949, '8JCHKvXINmQ', 'basketball', 1, 0),
(950, '8JCHKvXINmQ', 'lexus', 1, 0),
(951, 'IFTlFlkrbfI', 'red-dead-redemption', 1, 0),
(952, 'Ulay2FvUEd8', 'taxi', 1, 0),
(953, 'XXlZfc1TrD0', 'pikachu', 1, 0),
(954, 'ZxNfD1fIdzM', 'video-game', 1, 0),
(955, 'ZxNfD1fIdzM', 'nintendo-entertainment-system-nes', 1, 0),
(956, 'ZxNfD1fIdzM', 'gremlins', 1, 0),
(957, 'bE47er6qnqg', 'video-game', 1, 0),
(958, 'A0qA38h9w3o', 'video-game', 1, 0),
(959, 'rP322FWfJWQ', 'video-game', 1, 0),
(960, 'rIdfhROd7L8', 'video-game', 1, 0),
(961, 'rIdfhROd7L8', 'video-arcade', 1, 0),
(962, 'rIdfhROd7L8', 'dig-dug', 1, 0),
(963, 'roRcksH2_HQ', 'steve-o', NULL, 0),
(964, 'qalEMMQooNk', 'ford-mustang', NULL, 0),
(965, 'SXiSVQZLje8', 'exercise-bike', NULL, 0),
(968, 'TNsSBhl_2LI', 'bike', NULL, 0),
(969, 'X6WnJdhpVAk', 'cigaret', 1, 0),
(970, 'X6WnJdhpVAk', 'rocky-balboa', 1, 0),
(975, 'zKdxd718WXg', 'video-game', 1, 0),
(976, 'v2NFl86LX3Q', 'pacman', 1, 0),
(977, 'QmbCKz2N4II', 'video-game', 1, 0),
(978, 'QmbCKz2N4II', 'video-game-console', 1, 0),
(979, '1jFIYViVOQo', 'pacman', 1, 1),
(980, 'ZbJzOkVutwo', 'donkey-kong', 1, 1),
(981, 'El7GVPUl-r0', 'super-mario-bros', 1, 0),
(982, 'tMLetx7SjCw', 'sony-playstation', 1, 0),
(983, 'uYRZV8dV10w', 'video-game', 1, 1),
(985, 'k41em4dr30g', 'video-game', 1, 0),
(986, '0JWeNMnXI7c', 'video-game', 1, 0),
(987, 'wLwZx1hyGL8', 'sony-playstation', 1, 0),
(988, 'gSLGJs96Hy0', 'oddworld', 1, 1),
(989, 'Q_kGJBv6Wr4', 'neo-geo', 1, 1),
(991, 'Q_kGJBv6Wr4', 'video-game', 1, 1),
(992, '22tCfmdLT_k', 'mortal-kombat', 1, 1),
(993, 'EjQ7jJx9PJk', 'mortal-kombat', 1, 1),
(994, '2Rx_AA5GfNE', 'the-witcher', 1, 1),
(995, 'Jkw0cmB7n7Y', 'video-game', 1, 1),
(996, 'ATehtIKzqOI', 'video-game', 1, 0),
(998, 'qTsaS1Tm-Ic', 'defense-of-the-ancients-dota', 1, 1),
(999, 'Kh9UC-GOwHA', 'world-of-tanks', 1, 0),
(1000, 'fmI_Ndrxy14', 'league-of-legends', 1, 1),
(1001, '404oPn6tudE', 'tomb-raider', 1, 0),
(1002, '-F7A24f6gNc', 'video-game', 1, 1),
(1003, '-F7A24f6gNc', 'donkey-kong', 1, 0),
(1004, '-F7A24f6gNc', 'mortal-kombat', 1, 0),
(1005, 'fkMg_X9lHMc', 'sling', 1, 0),
(1006, 'fkMg_X9lHMc', 'beer', 1, 0),
(1007, 'fkMg_X9lHMc', 'gym', 1, 0),
(1008, 'fkMg_X9lHMc', 'electric-treadmill', 1, 0),
(1009, 'fkMg_X9lHMc', 'sony-playstation', 1, 0),
(1010, 'b4_wbaOyVNY', 'video-game', 1, 1),
(1011, 'qp8Y8JkYxjA', 'matrix', NULL, 0),
(1012, 'qp8Y8JkYxjA', 'video-game', NULL, 0),
(1013, 'qp8Y8JkYxjA', 'sony-playstation', NULL, 0),
(1014, 'pPZDBF0kei0', 'anime', NULL, 0),
(1015, 'pPZDBF0kei0', 'video-game', NULL, 0),
(1016, 'weypUIJHhwM', 'painkiller', NULL, 1),
(1017, 'N9Nn5m9qMlM', 'sang-yang', NULL, 0),
(1019, 'N9Nn5m9qMlM', 'violin', NULL, 0),
(1020, 'N9Nn5m9qMlM', 'red-high-heels', 1, 0),
(1021, 'AEPvRSCBpNM', 'mephedrone', 1, 0),
(1022, 'AEPvRSCBpNM', 'snickers', 1, 0),
(1023, 'WmU9xPpDVBE', 'nacos', NULL, 0),
(1024, 'S4qk_mN2rHY', 'adam-mickiewicz', NULL, 0),
(1025, 'S4qk_mN2rHY', 'boleslaw-prus', NULL, 0),
(1026, 'S4qk_mN2rHY', 'juliusz-slowacki', NULL, 0),
(1027, 'r_0JjYUe5jo', 'mike-tyson', NULL, 0),
(1028, 'pFCkZbpDN0I', 'dentist', NULL, 0),
(1029, 'ttWQK5VXskA', 'limousine', NULL, 0),
(1030, 'tD4CzJUv2Uc', 'nerf', NULL, 0),
(1031, 'Ssb2AMR-kEo', 'basketball', NULL, 0),
(1032, 'Ssb2AMR-kEo', 'sports-hall', NULL, 0),
(1033, 'jA8inmHhx8c', 'disability', NULL, 0),
(1034, 'O0lf_fE3HwA', 'gold', NULL, 0),
(1035, 'O0lf_fE3HwA', 'prison', NULL, 0),
(1036, 'O0lf_fE3HwA', 'police', NULL, 0),
(1037, '8Yqru5UXWGY', 'pink-hair', NULL, 0),
(1038, '-RJSbO8UZVY', 'tattoo', NULL, 0),
(1039, '-RJSbO8UZVY', 'wheelchair', NULL, 0),
(1040, '-RJSbO8UZVY', 'rockabilly', NULL, 0),
(1041, 'NF7oonVIFXs', 'nissan-micra', NULL, 0),
(1042, '2Yt9v3XsgFI', 'jimin', NULL, 0),
(1043, '2Yt9v3XsgFI', 'jungkook', NULL, 0),
(1044, '2Yt9v3XsgFI', 'rm', NULL, 0),
(1045, '2Yt9v3XsgFI', 'j-hope', NULL, 0),
(1046, '2Yt9v3XsgFI', 'suga', NULL, 0),
(1047, '2Yt9v3XsgFI', 'jin', NULL, 0),
(1048, '2Yt9v3XsgFI', 'v', NULL, 0),
(1049, 'MBdVXkSdhwU', 'rm', NULL, 0),
(1050, 'MBdVXkSdhwU', 'jungkook', NULL, 0),
(1051, 'MBdVXkSdhwU', 'jimin', NULL, 0),
(1052, 'MBdVXkSdhwU', 'jin', NULL, 0),
(1053, 'MBdVXkSdhwU', 'suga', NULL, 0),
(1054, 'MBdVXkSdhwU', 'j-hope', NULL, 0),
(1055, 'MBdVXkSdhwU', 'taehyung', NULL, 0),
(1056, 'gwMa6gpoE9I', 'rm', NULL, 0),
(1057, 'gwMa6gpoE9I', 'j-hope', NULL, 0),
(1058, 'gwMa6gpoE9I', 'jungkook', NULL, 0),
(1059, 'gwMa6gpoE9I', 'jimin', NULL, 0),
(1060, 'gwMa6gpoE9I', 'jin', NULL, 0),
(1061, 'gwMa6gpoE9I', 'suga', NULL, 0),
(1062, 'gwMa6gpoE9I', 'taehyung', NULL, 0),
(1063, 'hmE9f-TEutc', 'rm', NULL, 0),
(1064, 'hmE9f-TEutc', 'suga', NULL, 0),
(1065, 'hmE9f-TEutc', 'jin', NULL, 0),
(1066, 'hmE9f-TEutc', 'jimin', NULL, 0),
(1067, 'hmE9f-TEutc', 'j-hope', NULL, 0),
(1068, 'hmE9f-TEutc', 'jungkook', NULL, 0),
(1069, 'hmE9f-TEutc', 'taehyung', NULL, 0),
(1070, 'pBuZEGYXA6E', 'rm', NULL, 0),
(1071, 'pBuZEGYXA6E', 'jungkook', NULL, 0),
(1072, 'pBuZEGYXA6E', 'jin', NULL, 0),
(1073, 'pBuZEGYXA6E', 'jimin', NULL, 0),
(1074, 'pBuZEGYXA6E', 'suga', NULL, 0),
(1075, 'pBuZEGYXA6E', 'j-hope', NULL, 0),
(1076, 'pBuZEGYXA6E', 'taehyung', NULL, 0),
(1077, '2cTZTqBU1Rc', 'rm', NULL, 0),
(1078, '2cTZTqBU1Rc', 'jungkook', NULL, 0),
(1079, '2cTZTqBU1Rc', 'suga', NULL, 0),
(1080, '2cTZTqBU1Rc', 'jin', NULL, 0),
(1081, '2cTZTqBU1Rc', 'jimin', NULL, 0),
(1082, '2cTZTqBU1Rc', 'j-hope', NULL, 0),
(1083, '2cTZTqBU1Rc', 'taehyung', NULL, 0),
(1084, 'CpaaHXDaRgU', 'roller-skates', NULL, 0),
(1085, 'CpaaHXDaRgU', 'split', NULL, 1),
(1086, 'd8OI9FllKfg', 'pole-dance', NULL, 0),
(1087, 'qPOTEs_yTJo', 'pole-dance', NULL, 0),
(1088, 'NMNgbISmF4I', 'pole-dance', NULL, 0),
(1089, 'gG6q90HXSkw', 'pole-dance', NULL, 0),
(1090, 'XyXfb0_9Yp4', 'pole-dance', NULL, 0),
(1091, 'K64mb5KUhhs', 'pole-dance', NULL, 0),
(1092, 'RjXXSsVNncQ', 'pole-dance', NULL, 0),
(1093, 'ehcVomMexkY', 'pole-dance', NULL, 0),
(1094, 'YkLjqFpBh84', 'pole-dance', NULL, 0),
(1095, 'd2XdmyBtCRQ', 'pole-dance', 1, 0),
(1096, 'cH_rfGBwamc', 'pole-dance', 1, 0),
(1097, 'QZXc39hT8t4', 'pole-dance', 1, 0),
(1098, '8MajmI5j7Bs', 'pole-dance', 1, 0),
(1099, 'r1ATFedwjnk', 'pole-dance', 1, 0),
(1100, 'kq2y1JwI51E', 'pole-dance', 1, 0),
(1101, 'Wa1uS6Ed7YU', 'pole-dance', 1, 0),
(1102, 'jLfmrNw8ygo', 'pole-dance', 1, 0),
(1103, 'Fk1ZO_980DI', 'pole-dance', 1, 0),
(1104, 'fwrY0D2ACNk', 'pole-dance', 1, 0),
(1105, 'fwrY0D2ACNk', 'roller-skates', 1, 0),
(1106, 'nh9MfQSaNCg', 'pole-dance', 1, 0),
(1107, 'nh9MfQSaNCg', 'drug', 1, 0),
(1108, 'nh9MfQSaNCg', 'laundry', 1, 0),
(1109, 'lVehcuJXe6I', 'pole-dance', 1, 0),
(1110, 'L0byL8SQOrY', 'pole-dance', 1, 0),
(1111, '59xXcrJyx3s', 'pole-dance', 1, 0),
(1112, 'uQ_DHRI-Xp0', 'pole-dance', 1, 0),
(1113, 'I-eqGULNEkI', 'pole-dance', 1, 0),
(1114, 'I-eqGULNEkI', 'tomboy-hair', 1, 0),
(1115, 'pZ12_E5R3qc', 'pole-dance', 1, 0),
(1116, 'vHJAUuicC0Q', 'pole-dance', 1, 0),
(1117, 'VdaKwt5cHEk', 'pole-dance', 1, 0),
(1118, '0gWoNN-4x1U', 'pole-dance', 1, 1),
(1119, '9JpVynh9HWU', 'pole-dance', 1, 0),
(1120, 'mbYL0qGXbT0', 'pole-dance', 1, 0),
(1121, '-UNH0ChsYFw', 'zombie', 1, 0),
(1122, '-UNH0ChsYFw', 'pole-dance', 1, 0),
(1123, 'tER2eZas5NI', 'man-on-high-heels', 1, 1),
(1124, 'RwY-sKsuCpY', 'nintendo', 1, 0),
(1125, 'RwY-sKsuCpY', 'twerking', 1, 0),
(1126, 'RwY-sKsuCpY', 'crack', 1, 0),
(1127, '3N7JIgDdIIE', 'pepsi', 1, 0),
(1128, '3N7JIgDdIIE', 'man-on-high-heels', 1, 0),
(1129, 'PPtFBCs9s5Y', 'red-hair', 1, 0),
(1130, 'SbyAZQ45uww', 'go-go-boot', 1, 0),
(1131, 'SiAuAJBZuGs', 'supermarket', 1, 0),
(1132, 'SiAuAJBZuGs', 'yellow-hair', 1, 0),
(1133, 'SiAuAJBZuGs', 'fjallraven-kanken', 1, 0),
(1134, 'z-2Mrws6zGc', 'pink-hair', 1, 0),
(1135, 'z-2Mrws6zGc', 'pink-shoes', 1, 0),
(1136, 'z-2Mrws6zGc', 'skateboarding', 1, 0),
(1137, 'tsPxaAVg584', 'chess', 1, 0),
(1138, 'H0h_EhCnDpI', 'nintendo-entertainment-system-nes', 1, 0),
(1139, 'H0h_EhCnDpI', 'sega-dreamcast', 1, 0),
(1140, 'u9WgtlgGAgs', 'felix-the-cat', 1, 0),
(1141, 'wpqm-05R2Jk', 'minning', 1, 0),
(1142, 'wpqm-05R2Jk', 'dance-audition', 1, 0),
(1143, 'My2FRPA3Gf8', 'tomboy-hair', 1, 0),
(1144, 'v0CYB5V9e64', 'wrecking-ball', 1, 1),
(1145, 'v0CYB5V9e64', 'camper-trailer', 1, 0),
(1146, 'Dg4setI1nMk', 'led-shoes', 1, 0),
(1147, 'Dg4setI1nMk', 'pink-hair', 1, 0),
(1148, 'Dg4setI1nMk', 'bike', 1, 0),
(1149, 'Dg4setI1nMk', 'smoke-bomb', 1, 0),
(1150, 'Dg4setI1nMk', 'new-york-yankees-hat', 1, 0),
(1151, '5pzewu2wodU', 'xanax', 1, 0),
(1152, 'B9dSYgd5Elk', 'campfire', 1, 0),
(1153, 'B9dSYgd5Elk', 'bow', 1, 0);

-- --------------------------------------------------------

--
-- Struktura tabeli dla tabeli `video_tag_history`
--

CREATE TABLE `video_tag_history` (
  `video_tag_id` int NOT NULL,
  `video_youtube_id` tinytext NOT NULL,
  `tag_slug_id` varchar(255) NOT NULL,
  `user_id` int DEFAULT NULL,
  `is_complete` tinyint(1) NOT NULL,
  `created_at` timestamp NOT NULL DEFAULT '0000-00-00 00:00:00',
  `deleted_by` int DEFAULT NULL,
  `deleted_at` timestamp NOT NULL DEFAULT CURRENT_TIMESTAMP
) ENGINE=InnoDB DEFAULT CHARSET=utf8;

--
-- Zrzut danych tabeli `video_tag_history`
--

INSERT INTO `video_tag_history` (`video_tag_id`, `video_youtube_id`, `tag_slug_id`, `user_id`, `is_complete`, `created_at`, `deleted_by`) VALUES
(901, 'bnCT0GXgLJg', 'audi', NULL, 0, '2019-07-01 13:03:04', NULL),
(903, 'eJO5HU_7_1w', 'wedding', NULL, 0, '2019-08-13 08:46:31', NULL),
(1018, 'N9Nn5m9qMlM', 'red-hight-heels', NULL, 0, '2020-02-04 13:40:27', 1);

-- --------------------------------------------------------

--
-- Struktura tabeli dla tabeli `video_tag_time`
--

CREATE TABLE `video_tag_time` (
  `video_tag_time_id` int NOT NULL,
  `video_tag_id` int DEFAULT NULL,
  `user_id` int DEFAULT NULL,
  `start` smallint NOT NULL,
  `stop` smallint NOT NULL,
  `created_at` timestamp NOT NULL DEFAULT CURRENT_TIMESTAMP
) ENGINE=InnoDB DEFAULT CHARSET=utf8;

--
-- Zrzut danych tabeli `video_tag_time`
--

INSERT INTO `video_tag_time` (`video_tag_time_id`, `video_tag_id`, `user_id`, `start`, `stop`) VALUES
(737, 73, 1, 0, 240),
(763, 19, 1, 0, 216),
(764, 17, 1, 0, 216),
(765, 18, 1, 0, 216),
(766, 392, 1, 18, 120),
(767, 393, 1, 120, 256),
(768, 393, 1, 0, 17),
(769, 675, 1, 0, 196),
(770, 204, 1, 0, 167),
(771, 417, 1, 0, 247),
(772, 391, 1, 0, 212),
(773, 507, 1, 0, 215),
(774, 6, 1, 12, 39),
(776, 420, 1, 0, 65),
(777, 400, 1, 0, 172),
(779, 84, 1, 0, 244),
(780, 345, 1, 0, 30),
(781, 345, 1, 210, 255),
(782, 344, 1, 0, 295),
(783, 620, 1, 0, 224),
(784, 91, 1, 3, 165),
(785, 588, 1, 0, 315),
(786, 587, 1, 0, 315),
(787, 570, 1, 0, 316),
(788, 152, 1, 28, 232),
(789, 153, 1, 6, 246),
(790, 600, 1, 0, 251),
(791, 577, 1, 0, 221),
(792, 63, 1, 0, 253),
(793, 61, 1, 81, 84),
(794, 387, 1, 0, 199),
(795, 388, 1, 0, 199),
(796, 87, 1, 19, 24),
(797, 87, 1, 32, 34),
(798, 87, 1, 148, 149),
(799, 86, 1, 43, 48),
(801, 428, 1, 0, 16),
(802, 428, 1, 26, 41),
(803, 428, 1, 60, 63),
(804, 428, 1, 98, 101),
(805, 428, 1, 116, 120),
(806, 429, 1, 145, 165),
(807, 428, 1, 224, 230),
(808, 212, 1, 0, 7),
(809, 212, 1, 191, 226),
(810, 103, 1, 0, 17),
(811, 103, 1, 52, 81),
(812, 104, 1, 25, 41),
(819, 293, 1, 0, 297),
(820, 562, 1, 200, 215),
(821, 564, 1, 203, 221),
(824, 565, 1, 396, 704),
(825, 380, 1, 0, 290),
(826, 585, 1, 0, 176),
(827, 732, 1, 84, 293),
(828, 173, 1, 0, 252),
(829, 172, 1, 0, 252),
(831, 226, 1, 25, 283),
(833, 171, 1, 0, 219),
(834, 719, 1, 0, 202),
(840, 528, 1, 6, 15),
(841, 167, 1, 0, 84),
(842, 167, 1, 141, 231),
(843, 166, 1, 141, 231),
(844, 120, 1, 0, 301),
(845, 100, 1, 95, 237),
(846, 43, 1, 0, 349),
(847, 321, 1, 0, 546),
(850, 320, 1, 510, 517),
(909, 559, 1, 0, 234),
(910, 558, 1, 0, 40),
(911, 560, 1, 74, 85),
(912, 627, 1, 0, 285),
(918, 628, 1, 0, 285),
(920, 725, 1, 0, 292),
(921, 622, 1, 0, 258),
(941, 75, 1, 30, 37),
(942, 79, 1, 44, 45),
(943, 77, 1, 129, 130),
(944, 76, 1, 143, 154),
(947, 614, 1, 70, 220),
(952, 200, 1, 0, 318),
(953, 21, 1, 0, 226),
(958, 347, 1, 0, 216),
(959, 593, 1, 0, 301),
(960, 143, 1, 0, 228),
(961, 317, 1, 0, 254),
(962, 740, 1, 0, 228),
(963, 324, 1, 0, 178),
(964, 623, 1, 0, 49),
(967, 81, 1, 0, 261),
(968, 709, 1, 61, 65),
(969, 710, 1, 61, 65),
(973, 702, 1, 0, 263),
(974, 64, 1, 0, 207),
(975, 141, 1, 0, 304),
(976, 672, 1, 0, 236),
(977, 671, 1, 143, 167),
(978, 567, 1, 0, 199),
(979, 264, 1, 0, 252),
(980, 262, 1, 228, 252),
(982, 256, 1, 5, 218),
(983, 135, 1, 0, 254),
(984, 689, 1, 0, 322),
(985, 399, 1, 5, 263),
(986, 540, 1, 37, 40),
(987, 540, 1, 43, 45),
(988, 540, 1, 68, 72),
(989, 540, 1, 84, 87),
(990, 222, 1, 21, 28),
(991, 220, 1, 0, 268),
(992, 219, 1, 114, 129),
(993, 219, 1, 238, 243),
(994, 261, 1, 13, 25),
(995, 263, 1, 90, 108),
(996, 261, 1, 141, 214),
(997, 589, 1, 63, 188),
(998, 42, 1, 0, 255),
(999, 575, 1, 0, 222),
(1000, 217, 1, 0, 200),
(1001, 590, 1, 0, 171),
(1002, 518, 1, 0, 206),
(1003, 541, 1, 33, 36),
(1004, 539, 1, 170, 183),
(1005, 15, 1, 0, 333),
(1006, 27, 1, 0, 245),
(1007, 711, 1, 4, 261),
(1008, 369, 1, 0, 491),
(1010, 370, 1, 198, 210),
(1012, 374, 1, 0, 284),
(1013, 373, 1, 3, 70),
(1014, 373, 1, 255, 279),
(1019, 524, 1, 0, 237),
(1020, 24, 1, 0, 261),
(1021, 430, 1, 0, 201),
(1022, 331, 1, 115, 118),
(1023, 331, 1, 122, 125),
(1024, 331, 1, 176, 178),
(1025, 292, 1, 16, 34),
(1026, 292, 1, 41, 71),
(1027, 292, 1, 96, 105),
(1028, 292, 1, 117, 179),
(1029, 292, 1, 202, 215),
(1030, 292, 1, 238, 247),
(1031, 356, 1, 0, 215),
(1032, 51, 1, 0, 221),
(1033, 170, 1, 0, 247),
(1034, 318, 1, 0, 254),
(1035, 16, 1, 0, 333),
(1036, 505, 1, 0, 225),
(1041, 568, 1, 0, 194),
(1042, 423, 1, 0, 180),
(1043, 418, 1, 0, 243),
(1044, 446, 1, 0, 277),
(1048, 416, 1, 20, 316),
(1049, 593, 1, 0, 301),
(1050, 575, 1, 182, 222),
(1051, 573, 1, 0, 198),
(1052, 574, 1, 6, 17),
(1055, 71, 1, 0, 371),
(1056, 102, 1, 21, 26),
(1057, 348, 1, 0, 216),
(1058, 235, 1, 0, 224),
(1061, 657, 1, 0, 222),
(1062, 661, 1, 111, 114),
(1088, 294, 1, 0, 383),
(1089, 381, 1, 0, 557),
(1090, 625, 1, 260, 308),
(1094, 360, 1, 0, 223),
(1095, 361, 1, 0, 223),
(1102, 247, 1, 0, 237),
(1103, 248, 1, 0, 237),
(1104, 67, 1, 0, 216),
(1105, 66, 1, 0, 216),
(1106, 65, 1, 0, 216),
(1173, 346, 1, 77, 203),
(1179, 613, 1, 64, 67),
(1180, 234, 1, 107, 112),
(1181, 233, 1, 63, 69),
(1182, 683, 1, 0, 309),
(1183, 473, 1, 0, 186),
(1184, 472, 1, 74, 79),
(1185, 701, 1, 0, 182),
(1186, 738, 1, 0, 283),
(1187, 687, 1, 93, 94),
(1194, 266, 1, 74, 75),
(1195, 265, 1, 31, 42),
(1197, 228, 1, 0, 234),
(1198, 39, 1, 153, 156),
(1199, 332, 1, 0, 304),
(1200, 703, 1, 0, 228),
(1201, 371, 1, 0, 229),
(1202, 30, 1, 0, 211),
(1203, 421, 1, 222, 239),
(1204, 155, 1, 122, 133),
(1205, 650, 1, 43, 45),
(1206, 174, 1, 144, 146),
(1207, 660, 1, 95, 97),
(1208, 658, 1, 97, 98),
(1209, 659, 1, 98, 100),
(1210, 456, 1, 16, 22),
(1245, 676, 1, 86, 98),
(1246, 72, 1, 0, 179),
(1248, 210, 1, 32, 122),
(1249, 455, 1, 100, 115),
(1250, 669, 1, 0, 254),
(1251, 731, 1, 79, 248),
(1252, 119, 1, 133, 165),
(1253, 147, 1, 96, 214),
(1254, 737, 1, 80, 114),
(1255, 736, 1, 114, 190),
(1256, 50, 1, 133, 174),
(1257, 57, 1, 82, 167),
(1258, 121, 1, 120, 140),
(1259, 121, 1, 219, 235),
(1260, 721, 1, 0, 201),
(1261, 550, 1, 0, 222),
(1262, 695, 1, 211, 215),
(1263, 616, 1, 20, 125),
(1264, 615, 1, 13, 19),
(1265, 287, 1, 0, 103),
(1266, 289, 1, 98, 101),
(1267, 432, 1, 0, 34),
(1268, 223, 1, 0, 222),
(1269, 362, 1, 44, 54),
(1271, 604, 1, 22, 319),
(1272, 605, 1, 102, 319),
(1273, 619, 1, 133, 171),
(1274, 618, 1, 102, 124),
(1275, 379, 1, 0, 240),
(1276, 378, 1, 217, 235),
(1277, 157, 1, 0, 45),
(1278, 484, 1, 4, 37),
(1279, 484, 1, 90, 114),
(1280, 484, 1, 195, 217),
(1281, 83, 1, 31, 41),
(1282, 83, 1, 52, 160),
(1283, 342, 1, 0, 278),
(1284, 22, 1, 0, 221),
(1285, 124, 1, 0, 38),
(1286, 124, 1, 205, 258),
(1287, 316, 1, 20, 213),
(1288, 368, 1, 0, 246),
(1289, 201, 1, 0, 280),
(1290, 62, 1, 8, 27),
(1291, 663, 1, 104, 176),
(1292, 662, 1, 64, 66),
(1293, 25, 1, 0, 272),
(1294, 608, 1, 0, 233),
(1295, 270, 1, 61, 68),
(1296, 268, 1, 77, 93),
(1297, 269, 1, 144, 163),
(1298, 271, 1, 247, 312),
(1299, 97, 1, 0, 77),
(1300, 98, 1, 130, 132),
(1301, 96, 1, 137, 151),
(1302, 543, 1, 15, 21),
(1303, 544, 1, 20, 26),
(1304, 542, 1, 26, 30),
(1305, 545, 1, 41, 49),
(1306, 350, 1, 0, 212),
(1307, 384, 1, 0, 9),
(1308, 385, 1, 9, 200),
(1312, 206, 1, 0, 243),
(1317, 694, 1, 0, 263),
(1326, 447, 1, 0, 222),
(1327, 38, 1, 0, 234),
(1329, 357, 1, 0, 228),
(1330, 382, 1, 0, 557),
(1344, 718, 1, 98, 100),
(1345, 718, 1, 189, 191),
(1349, 477, 1, 0, 233),
(1350, 708, 1, 22, 51),
(1351, 586, 1, 0, 176),
(1352, 735, 1, 0, 199),
(1353, 142, 1, 0, 286),
(1354, 34, 1, 0, 186),
(1355, 405, 1, 0, 246),
(1357, 349, 1, 0, 224),
(1358, 88, 1, 0, 347),
(1359, 415, 1, 0, 222),
(1360, 414, 1, 181, 189),
(1361, 340, 1, 59, 62),
(1362, 496, 1, 45, 62),
(1363, 115, 1, 0, 189),
(1364, 513, 1, 0, 213),
(1365, 714, 1, 0, 209),
(1366, 715, 1, 37, 43),
(1367, 720, 1, 8, 156),
(1368, 607, 1, 26, 207),
(1369, 169, 1, 0, 259),
(1371, 482, 1, 0, 262),
(1373, 481, 1, 103, 107),
(1374, 693, 1, 0, 80),
(1375, 465, 1, 0, 243),
(1376, 466, 1, 30, 32),
(1379, 479, 1, 20, 50),
(1380, 37, 1, 2, 5),
(1381, 389, 1, 0, 25),
(1382, 439, 1, 20, 262),
(1383, 486, 1, 0, 243),
(1384, 168, 1, 122, 248),
(1385, 281, 1, 0, 198),
(1386, 508, 1, 0, 177),
(1387, 295, 1, 0, 231),
(1388, 525, 1, 14, 20),
(1389, 92, 1, 0, 216),
(1390, 93, 1, 0, 216),
(1391, 126, 1, 0, 235),
(1392, 125, 1, 0, 235),
(1393, 674, 1, 0, 240),
(1394, 673, 1, 0, 240),
(1395, 285, 1, 0, 254),
(1396, 284, 1, 0, 42),
(1397, 302, 1, 0, 184),
(1401, 403, 1, 0, 212),
(1402, 286, 1, 232, 249),
(1403, 308, 1, 0, 269),
(1404, 517, 1, 0, 243),
(1405, 95, 1, 0, 234),
(1406, 739, 1, 0, 219),
(1407, 301, 1, 0, 214),
(1408, 580, 1, 0, 209),
(1409, 579, 1, 0, 209),
(1410, 633, 1, 0, 195),
(1411, 636, 1, 0, 195),
(1412, 634, 1, 0, 195),
(1414, 635, 1, 0, 195),
(1415, 283, 1, 0, 221),
(1416, 666, 1, 0, 207),
(1417, 713, 1, 0, 166),
(1418, 597, 1, 0, 253),
(1419, 594, 1, 0, 253),
(1420, 596, 1, 0, 253),
(1421, 595, 1, 0, 253),
(1422, 133, 1, 0, 145),
(1448, 309, 1, 26, 28),
(1457, 305, 1, 43, 46),
(1460, 306, 1, 64, 67),
(1462, 307, 1, 150, 153),
(1464, 304, 1, 138, 141),
(1473, 216, 1, 0, 192),
(1475, 112, 1, 0, 295),
(1479, 351, 1, 0, 218),
(1485, 678, 1, 0, 433),
(1486, 677, 1, 0, 433),
(1495, 274, 1, 314, 357),
(1496, 279, 1, 357, 371),
(1498, 274, 1, 386, 408),
(1500, 276, 1, 158, 187),
(1501, 680, 1, 89, 136),
(1502, 680, 1, 147, 157),
(1503, 680, 1, 347, 385),
(1504, 353, 1, 105, 108),
(1505, 516, 1, 126, 129),
(1506, 516, 1, 138, 155),
(1509, 629, 1, 83, 90),
(1511, 637, 1, 0, 294),
(1513, 376, 1, 0, 333),
(1515, 144, 1, 0, 275),
(1516, 515, 1, 123, 126),
(1517, 515, 1, 130, 133),
(1518, 515, 1, 160, 164),
(1525, 218, 1, 0, 261),
(1526, 164, 1, 41, 56),
(1528, 162, 1, 66, 103),
(1534, 556, 1, 0, 222),
(1535, 557, 1, 0, 222),
(1536, 117, 1, 13, 16),
(1538, 118, 1, 34, 36),
(1540, 116, 1, 0, 197),
(1541, 254, 1, 0, 243),
(1542, 182, 1, 0, 351),
(1543, 109, 1, 0, 172),
(1544, 704, 1, 0, 255),
(1545, 606, 1, 0, 302),
(1546, 665, 1, 0, 326),
(1547, 183, 1, 0, 204),
(1548, 404, 1, 0, 220),
(1549, 561, 1, 0, 207),
(1550, 497, 1, 0, 261),
(1551, 690, 1, 222, 247),
(1553, 49, 1, 0, 230),
(1555, 329, 1, 0, 189),
(1557, 231, 1, 0, 193),
(1558, 377, 1, 0, 172),
(1559, 26, 1, 0, 190),
(1560, 259, 1, 0, 287),
(1561, 375, 1, 0, 241),
(1562, 145, 1, 0, 299),
(1564, 160, 1, 0, 258),
(1565, 191, 1, 0, 346),
(1566, 610, 1, 97, 102),
(1568, 611, 1, 149, 173),
(1570, 609, 1, 0, 196),
(1571, 696, 1, 0, 287),
(1572, 174, 1, 157, 159),
(1573, 457, 1, 13, 18),
(1574, 459, 1, 0, 190),
(1575, 458, 1, 68, 71),
(1576, 458, 1, 120, 125),
(1577, 460, 1, 0, 190),
(1578, 425, 1, 0, 172),
(1579, 462, 1, 0, 171),
(1580, 461, 1, 0, 171),
(1581, 253, 1, 0, 294),
(1582, 214, 1, 0, 178),
(1583, 203, 1, 0, 232),
(1584, 444, 1, 0, 191),
(1585, 365, 1, 0, 224),
(1586, 476, 1, 225, 261),
(1593, 224, 1, 0, 253),
(1594, 225, 1, 0, 253),
(1595, 698, 1, 0, 278),
(1596, 697, 1, 0, 278),
(1597, 337, 1, 0, 279),
(1598, 336, 1, 138, 148),
(1599, 722, 1, 0, 250),
(1600, 45, 1, 0, 268),
(1601, 129, 1, 0, 246),
(1602, 394, 1, 0, 263),
(1603, 53, 1, 0, 215),
(1604, 727, 1, 0, 266),
(1605, 437, 1, 0, 241),
(1606, 325, 1, 0, 208),
(1607, 267, 1, 0, 277),
(1608, 32, 1, 0, 200),
(1609, 341, 1, 0, 199),
(1610, 726, 1, 0, 236),
(1611, 598, 1, 0, 197),
(1612, 599, 1, 57, 197),
(1613, 498, 1, 0, 221),
(1614, 438, 1, 0, 262),
(1615, 612, 1, 0, 247),
(1616, 56, 1, 0, 209),
(1617, 471, 1, 0, 254),
(1618, 526, 1, 0, 229),
(1619, 232, 1, 0, 146),
(1620, 549, 1, 0, 209),
(1621, 323, 1, 0, 268),
(1623, 502, 1, 0, 328),
(1624, 503, 1, 58, 140),
(1625, 566, 1, 0, 8),
(1626, 246, 1, 0, 248),
(1627, 602, 1, 0, 241),
(1628, 601, 1, 0, 241),
(1629, 282, 1, 0, 260),
(1630, 527, 1, 0, 213),
(1631, 89, 1, 0, 217),
(1632, 343, 1, 146, 150),
(1633, 681, 1, 0, 191),
(1634, 339, 1, 0, 190),
(1635, 338, 1, 0, 190),
(1636, 555, 1, 0, 171),
(1637, 554, 1, 135, 171),
(1638, 209, 1, 0, 180),
(1639, 364, 1, 0, 208),
(1640, 239, 1, 25, 239),
(1641, 243, 1, 0, 239),
(1642, 156, 1, 0, 191),
(1643, 584, 1, 0, 271),
(1644, 572, 1, 0, 309),
(1645, 383, 1, 0, 182),
(1646, 553, 1, 338, 390),
(1647, 531, 1, 0, 213),
(1648, 530, 1, 0, 213),
(1649, 255, 1, 0, 185),
(1652, 299, 1, 0, 215),
(1657, 105, 1, 0, 175),
(1658, 352, 1, 0, 219),
(1659, 427, 1, 0, 285),
(1660, 506, 1, 0, 238),
(1661, 315, 1, 0, 216),
(1662, 314, 1, 0, 216),
(1663, 569, 1, 0, 171),
(1664, 14, 1, 0, 193),
(1666, 208, 1, 0, 283),
(1667, 354, 1, 0, 192),
(1668, 355, 1, 0, 192),
(1669, 202, 1, 0, 229),
(1670, 229, 1, 0, 205),
(1671, 712, 1, 176, 186),
(1672, 272, 1, 0, 284),
(1673, 537, 1, 0, 195),
(1674, 652, 1, 0, 227),
(1675, 653, 1, 0, 227),
(1676, 707, 1, 0, 261),
(1677, 205, 1, 0, 250),
(1678, 328, 1, 0, 247),
(1680, 185, 1, 0, 222),
(1681, 445, 1, 0, 202),
(1682, 290, 1, 0, 224),
(1683, 529, 1, 0, 218),
(1684, 705, 1, 76, 78),
(1686, 706, 1, 170, 212),
(1688, 193, 1, 33, 36),
(1690, 194, 1, 39, 42),
(1696, 195, 1, 192, 195),
(1701, 468, 1, 0, 539),
(1702, 424, 1, 0, 260),
(1703, 322, 1, 0, 382),
(1704, 128, 1, 0, 235),
(1705, 127, 1, 0, 235),
(1706, 646, 1, 32, 33),
(1707, 647, 1, 39, 44),
(1710, 626, 1, 0, 209),
(1711, 407, 1, 0, 176),
(1712, 410, 1, 185, 186),
(1714, 409, 1, 41, 42),
(1715, 411, 1, 41, 42),
(1716, 413, 1, 42, 43),
(1718, 123, 1, 0, 285),
(1719, 122, 1, 0, 285),
(1720, 139, 1, 47, 48),
(1721, 136, 1, 61, 63),
(1722, 138, 1, 0, 166),
(1723, 137, 1, 0, 166),
(1726, 366, 1, 0, 287),
(1727, 367, 1, 120, 123),
(1728, 211, 1, 0, 262),
(1729, 699, 1, 133, 135),
(1730, 467, 1, 0, 252),
(1731, 44, 1, 0, 219),
(1732, 68, 1, 0, 289),
(1733, 581, 1, 22, 31),
(1734, 742, 1, 0, 286),
(1735, 41, 1, 0, 215),
(1736, 452, 1, 0, 209),
(1737, 221, 1, 0, 268),
(1739, 453, 1, 80, 87),
(1741, 242, 1, 41, 58),
(1742, 241, 1, 171, 173),
(1743, 237, 1, 173, 175),
(1744, 240, 1, 175, 179),
(1745, 244, 1, 179, 184),
(1747, 245, 1, 0, 200),
(1748, 504, 1, 0, 206),
(1749, 624, 1, 0, 317),
(1750, 538, 1, 0, 216),
(1751, 485, 1, 0, 304),
(1752, 450, 1, 0, 301),
(1753, 186, 1, 0, 199),
(1754, 523, 1, 0, 239),
(1755, 54, 1, 0, 263),
(1756, 108, 1, 78, 92),
(1757, 107, 1, 105, 115),
(1758, 419, 1, 64, 83),
(1759, 106, 1, 0, 183),
(1760, 327, 1, 0, 252),
(1761, 134, 1, 0, 220),
(1762, 509, 1, 0, 294),
(1763, 512, 1, 0, 294),
(1764, 511, 1, 130, 132),
(1765, 510, 1, 0, 294),
(1766, 648, 1, 0, 201),
(1767, 649, 1, 0, 201),
(1768, 733, 1, 0, 308),
(1769, 734, 1, 0, 308),
(1770, 651, 1, 0, 200),
(1771, 475, 1, 0, 257),
(1772, 140, 1, 0, 210),
(1773, 667, 1, 0, 241),
(1774, 668, 1, 0, 241),
(1775, 311, 1, 0, 209),
(1776, 31, 1, 0, 276),
(1777, 230, 1, 0, 272),
(1779, 469, 1, 158, 167),
(1781, 40, 1, 15, 20),
(1786, 534, 1, 161, 165),
(1788, 640, 1, 0, 186),
(1789, 639, 1, 0, 186),
(1790, 101, 1, 0, 211),
(1791, 363, 1, 0, 272),
(1792, 176, 1, 0, 283),
(1793, 177, 1, 93, 104),
(1795, 514, 1, 0, 213),
(1796, 313, 1, 0, 227),
(1797, 617, 1, 0, 188),
(1798, 99, 1, 0, 548),
(1799, 685, 1, 0, 177),
(1800, 684, 1, 0, 177),
(1801, 686, 1, 0, 177),
(1802, 312, 1, 0, 255),
(1803, 435, 1, 0, 167),
(1804, 434, 1, 0, 167),
(1805, 55, 1, 0, 240),
(1806, 643, 1, 0, 202),
(1807, 700, 1, 0, 399),
(1808, 386, 1, 0, 210),
(1809, 480, 1, 0, 221),
(1810, 741, 1, 0, 196),
(1811, 23, 1, 0, 233),
(1812, 642, 1, 0, 172),
(1813, 474, 1, 0, 130),
(1814, 451, 1, 0, 281),
(1815, 198, 1, 0, 266),
(1816, 199, 1, 0, 266),
(1817, 441, 1, 0, 302),
(1818, 440, 1, 0, 302),
(1819, 154, 1, 0, 266),
(1824, 688, 1, 0, 233),
(1825, 426, 1, 0, 285),
(1826, 69, 1, 0, 316),
(1827, 70, 1, 0, 316),
(1829, 273, 1, 0, 6),
(1830, 273, 1, 211, 230),
(1831, 82, 1, 110, 148),
(1832, 478, 1, 0, 285),
(1833, 448, 1, 0, 265),
(1834, 449, 1, 0, 265),
(1835, 175, 1, 0, 258),
(1836, 548, 1, 0, 322),
(1837, 215, 1, 0, 183),
(1838, 33, 1, 0, 242),
(1839, 406, 1, 0, 227),
(1840, 213, 1, 0, 175),
(1841, 151, 1, 0, 200),
(1842, 491, 1, 50, 53),
(1843, 492, 1, 246, 248),
(1844, 493, 1, 251, 292),
(1845, 621, 1, 0, 311),
(1846, 5, 1, 0, 340),
(1848, 36, 1, 0, 192),
(1849, 252, 1, 0, 219),
(1850, 249, 1, 0, 200),
(1851, 250, 1, 0, 200),
(1852, 146, 1, 26, 28),
(1853, 520, 1, 0, 255),
(1854, 519, 1, 0, 255),
(1855, 631, 1, 0, 415),
(1856, 52, 1, 0, 189),
(1857, 433, 1, 0, 276),
(1860, 251, 1, 0, 207),
(1861, 48, 1, 0, 297),
(1862, 483, 1, 0, 166),
(1863, 258, 1, 0, 223),
(1864, 716, 1, 0, 208),
(1865, 717, 1, 0, 208),
(1866, 630, 1, 0, 203),
(1867, 372, 1, 0, 241),
(1869, 692, 1, 0, 196),
(1871, 546, 1, 0, 184),
(1872, 132, 1, 0, 183),
(1873, 326, 1, 0, 287),
(1874, 470, 1, 0, 182),
(1875, 85, 1, 0, 217),
(1876, 180, 1, 0, 220),
(1877, 179, 1, 0, 220),
(1878, 181, 1, 0, 220),
(1879, 178, 1, 0, 220),
(1880, 664, 1, 0, 258),
(1881, 655, 1, 0, 232),
(1882, 656, 1, 0, 232),
(1883, 654, 1, 0, 232),
(1884, 280, 1, 0, 226),
(1885, 499, 1, 0, 230),
(1887, 494, 1, 0, 206),
(1888, 632, 1, 0, 221),
(1889, 20, 1, 0, 207),
(1890, 408, 1, 0, 179),
(1892, 149, 1, 0, 213),
(1894, 682, 1, 0, 233),
(1895, 390, 1, 0, 176),
(1896, 454, 1, 118, 120),
(1898, 227, 1, 18, 24),
(1900, 291, 1, 0, 189),
(1901, 330, 1, 0, 266),
(1902, 422, 1, 0, 222),
(1903, 359, 1, 0, 238),
(1904, 578, 1, 0, 245),
(1905, 192, 1, 0, 206),
(1906, 60, 1, 0, 249),
(1907, 521, 1, 0, 239),
(1908, 522, 1, 0, 239),
(1911, 670, 1, 0, 204),
(1916, 94, 1, 0, 177),
(1917, 334, 1, 0, 350),
(1920, 260, 1, 0, 287),
(1921, 638, 1, 0, 202),
(1922, 59, 1, 0, 220),
(1923, 58, 1, 0, 220),
(1924, 603, 1, 0, 218),
(1925, 90, 1, 0, 217),
(1926, 398, 1, 0, 211),
(1927, 396, 1, 0, 211),
(1928, 395, 1, 0, 211),
(1929, 397, 1, 0, 211),
(1930, 207, 1, 0, 185),
(1945, 551, 1, 0, 234),
(1947, 74, 1, 0, 244),
(1949, 501, 1, 0, 215),
(1950, 319, 1, 0, 278),
(1953, 197, 1, 0, 239),
(1954, 161, 1, 0, 199),
(1955, 288, 1, 0, 242),
(1956, 2, 1, 0, 340),
(1965, 4, 1, 0, 340),
(1968, 158, 1, 17, 258),
(1976, 159, 1, 42, 252),
(1978, 745, 1, 0, 228),
(1980, 257, NULL, 0, 218),
(1981, 755, NULL, 0, 216),
(1982, 758, NULL, 64, 79),
(1983, 759, NULL, 84, 95),
(1984, 760, NULL, 100, 108),
(1985, 757, NULL, 176, 189),
(1986, 761, 1, 0, 183),
(1987, 310, 1, 162, 163),
(1988, 576, 1, 212, 216),
(1989, 78, 1, 26, 30),
(1990, 80, 1, 172, 216),
(1995, 778, NULL, 212, 230),
(1997, 782, NULL, 18, 20),
(1998, 783, NULL, 50, 78),
(1999, 784, NULL, 79, 81),
(2000, 783, NULL, 145, 190),
(2044, 802, 1, 0, 230),
(2045, 812, 1, 24, 278),
(2046, 813, 1, 133, 138),
(2048, 815, 1, 14, 253),
(2050, 817, 1, 0, 204),
(2056, 824, 1, 0, 215),
(2057, 825, 1, 23, 24),
(2058, 825, 1, 31, 34),
(2059, 826, 1, 0, 165),
(2060, 827, 1, 0, 159),
(2061, 828, 1, 0, 159),
(2062, 829, 1, 0, 254),
(2063, 831, 1, 0, 167),
(2064, 833, 1, 0, 201),
(2065, 837, 1, 0, 260),
(2066, 838, 1, 0, 273),
(2067, 842, 1, 0, 209),
(2068, 846, 1, 0, 196),
(2069, 847, NULL, 2, 5),
(2070, 847, NULL, 8, 9),
(2071, 849, 1, 0, 222),
(2072, 850, 1, 0, 301),
(2073, 854, 1, 192, 217),
(2074, 857, 1, 54, 58),
(2075, 857, 1, 165, 167),
(2076, 860, 1, 0, 253),
(2077, 28, 1, 111, 112),
(2078, 28, 1, 116, 117),
(2079, 644, 1, 134, 135),
(2080, 861, 1, 0, 123),
(2081, 863, 1, 0, 178),
(2082, 865, 1, 0, 225),
(2083, 867, 1, 0, 249),
(2084, 868, 1, 0, 218),
(2085, 869, 1, 0, 218),
(2086, 870, 1, 0, 226),
(2087, 872, 1, 0, 245),
(2088, 873, 1, 97, 101),
(2096, 884, 1, 0, 271),
(2097, 885, 1, 0, 203),
(2098, 890, 1, 0, 252),
(2099, 899, 1, 0, 177),
(2100, 906, NULL, 0, 173),
(2101, 912, NULL, 0, 204),
(2102, 913, 1, 0, 274),
(2103, 914, 1, 0, 192),
(2104, 952, 1, 0, 240),
(2105, 957, 1, 0, 267),
(2106, 958, 1, 0, 242),
(2107, 959, 1, 0, 249),
(2108, 969, 1, 0, 241),
(2109, 970, 1, 0, 241),
(2110, 975, 1, 0, 267),
(2111, 979, 1, 0, 212),
(2112, 980, 1, 0, 265),
(2113, 981, 1, 0, 243),
(2114, 983, 1, 0, 271),
(2115, 985, 1, 0, 162),
(2116, 986, 1, 0, 317),
(2117, 987, 1, 0, 234),
(2118, 988, 1, 0, 225),
(2119, 991, 1, 0, 238),
(2120, 989, 1, 0, 238),
(2121, 992, 1, 0, 211),
(2122, 993, 1, 0, 206),
(2123, 994, 1, 0, 219),
(2124, 995, 1, 0, 211),
(2125, 998, 1, 0, 236),
(2126, 1000, 1, 0, 171),
(2127, 1001, 1, 0, 241),
(2128, 1002, 1, 0, 304),
(2129, 1010, 1, 0, 127),
(2130, 1015, NULL, 0, 307),
(2131, 1014, NULL, 0, 307),
(2132, 1016, NULL, 0, 204),
(2133, 1040, NULL, 0, 230),
(2135, 1085, NULL, 151, 154),
(2136, 1086, NULL, 0, 257),
(2137, 1092, NULL, 0, 221),
(2138, 1093, NULL, 0, 197),
(2139, 1094, NULL, 0, 262),
(2140, 1118, 1, 0, 251),
(2141, 1123, 1, 0, 226),
(2142, 1131, 1, 0, 258),
(2143, 1142, 1, 0, 296),
(2144, 1144, 1, 60, 63);

-- --------------------------------------------------------

--
-- Struktura tabeli dla tabeli `video_tag_time_history`
--

CREATE TABLE `video_tag_time_history` (
  `video_tag_time_id` int NOT NULL,
  `video_tag_id` int NOT NULL,
  `user_id` int DEFAULT NULL,
  `start` smallint NOT NULL,
  `stop` smallint NOT NULL,
  `created_at` timestamp NOT NULL DEFAULT '0000-00-00 00:00:00',
  `deleted_at` timestamp NOT NULL DEFAULT CURRENT_TIMESTAMP
) ENGINE=InnoDB DEFAULT CHARSET=utf8;

--
-- Zrzut danych tabeli `video_tag_time_history`
--

INSERT INTO `video_tag_time_history` (`video_tag_time_id`, `video_tag_id`, `user_id`, `start`, `stop`, `created_at`) VALUES
(1413, 150, 1, 0, 213, '2016-08-24 13:18:31'),
(1480, 571, 1, 0, 238, '2016-09-01 12:30:10'),
(1514, 46, 1, 0, 251, '2016-09-11 08:52:40'),
(1530, 163, 1, 79, 33, '2016-09-17 13:08:10'),
(1532, 165, 1, 79, 17, '2016-09-17 13:08:39'),
(1679, 184, 1, 0, 222, '2017-07-16 14:16:19'),
(1820, 189, 1, 0, 248, '2017-12-13 01:13:16'),
(1821, 187, 1, 0, 248, '2017-12-13 01:13:23'),
(1822, 190, 1, 0, 248, '2017-12-13 01:13:51'),
(1823, 188, 1, 0, 248, '2017-12-13 01:17:33'),
(1858, 463, 1, 0, 257, '2018-02-23 16:37:03'),
(1859, 464, 1, 0, 257, '2018-02-23 16:38:02'),
(1868, 691, 1, 0, 196, '2018-03-07 18:02:16'),
(1886, 495, 1, 0, 206, '2018-03-13 07:59:18'),
(1893, 436, 1, 0, 274, '2018-03-15 10:29:52'),
(1912, 442, 1, 0, 298, '2018-06-02 08:07:09'),
(1913, 443, 1, 0, 298, '2018-06-02 08:07:15'),
(1931, 47, 1, 0, 251, '2018-06-16 16:59:31'),
(1932, 729, 1, 0, 285, '2018-06-18 15:29:30'),
(1933, 728, 1, 0, 285, '2018-06-18 15:37:58'),
(1934, 730, 1, 0, 285, '2018-06-18 15:42:38'),
(2134, 1050, NULL, 255, 255, '2020-04-07 00:58:11');

--
-- Indeksy dla zrzutów tabel
--

--
-- Indexes for table `artist`
--
ALTER TABLE `artist`
  ADD PRIMARY KEY (`artist_slug_id`);

--
-- Indexes for table `artist_video`
--
ALTER TABLE `artist_video`
  ADD PRIMARY KEY (`video_youtube_id`,`artist_slug_id`),
  ADD KEY `artist_video_artist_artist_slug_id_fk` (`artist_slug_id`);

--
-- Indexes for table `subscribe_user_tag`
--
ALTER TABLE `subscribe_user_tag`
  ADD PRIMARY KEY (`user_id`,`tag_slug_id`),
  ADD KEY `subscribe_user_tag_tag_tag_slug` (`tag_slug_id`);

--
-- Indexes for table `tag`
--
ALTER TABLE `tag`
  ADD PRIMARY KEY (`tag_slug_id`),
  ADD UNIQUE KEY `tag_id` (`tag_id`),
  ADD UNIQUE KEY `tag_tag_slug_id_uindex` (`tag_slug_id`),
  ADD KEY `parent_slug_id` (`parent_slug_id`);

--
-- Indexes for table `user`
--
ALTER TABLE `user`
  ADD PRIMARY KEY (`user_id`),
  ADD UNIQUE KEY `user_email_uindex` (`email`);

--
-- Indexes for table `video`
--
ALTER TABLE `video`
  ADD PRIMARY KEY (`video_youtube_id`),
  ADD UNIQUE KEY `video_video_youtube_id_uindex` (`video_youtube_id`),
  ADD KEY `video_user_user_id_fk` (`user_id`);

--
-- Indexes for table `video_tag`
--
ALTER TABLE `video_tag`
  ADD PRIMARY KEY (`video_tag_id`),
  ADD UNIQUE KEY `video_tag_pk` (`video_youtube_id`,`tag_slug_id`),
  ADD KEY `video_tag_user_user_id_fk_2` (`user_id`),
  ADD KEY `video_tag_video_video_youtube_id_fk` (`video_youtube_id`),
  ADD KEY `video_tag_tag_tag_slug_id_fk` (`tag_slug_id`);

--
-- Indexes for table `video_tag_history`
--
ALTER TABLE `video_tag_history`
  ADD PRIMARY KEY (`video_tag_id`);

--
-- Indexes for table `video_tag_time`
--
ALTER TABLE `video_tag_time`
  ADD PRIMARY KEY (`video_tag_time_id`),
  ADD KEY `video_tag_user_user_id_fk` (`user_id`),
  ADD KEY `video_tag_time_video_tag_video_tag_id_fk` (`video_tag_id`);

--
-- Indexes for table `video_tag_time_history`
--
ALTER TABLE `video_tag_time_history`
  ADD PRIMARY KEY (`video_tag_time_id`);

--
-- AUTO_INCREMENT for dumped tables
--

--
-- AUTO_INCREMENT dla tabeli `tag`
--
ALTER TABLE `tag`
  MODIFY `tag_id` int NOT NULL AUTO_INCREMENT, AUTO_INCREMENT=540;
--
-- AUTO_INCREMENT dla tabeli `user`
--
ALTER TABLE `user`
  MODIFY `user_id` int NOT NULL AUTO_INCREMENT, AUTO_INCREMENT=6;
--
-- AUTO_INCREMENT dla tabeli `video_tag`
--
ALTER TABLE `video_tag`
  MODIFY `video_tag_id` int NOT NULL AUTO_INCREMENT, AUTO_INCREMENT=1154;
--
-- AUTO_INCREMENT dla tabeli `video_tag_time`
--
ALTER TABLE `video_tag_time`
  MODIFY `video_tag_time_id` int NOT NULL AUTO_INCREMENT, AUTO_INCREMENT=2145;
--
-- Ograniczenia dla zrzutów tabel
--

--
-- Ograniczenia dla tabeli `artist_video`
--
ALTER TABLE `artist_video`
  ADD CONSTRAINT `artist_video_artist_artist_slug_id_fk` FOREIGN KEY (`artist_slug_id`) REFERENCES `artist` (`artist_slug_id`);

--
-- Ograniczenia dla tabeli `subscribe_user_tag`
--
ALTER TABLE `subscribe_user_tag`
  ADD CONSTRAINT `subscribe_user_tag_tag_tag_slug` FOREIGN KEY (`tag_slug_id`) REFERENCES `tag` (`tag_slug_id`),
  ADD CONSTRAINT `subscribe_user_tag_user_user` FOREIGN KEY (`user_id`) REFERENCES `user` (`user_id`);

--
-- Ograniczenia dla tabeli `tag`
--
ALTER TABLE `tag`
  ADD CONSTRAINT `tag_ibfk_1` FOREIGN KEY (`parent_slug_id`) REFERENCES `tag` (`tag_slug_id`);

--
-- Ograniczenia dla tabeli `video`
--
ALTER TABLE `video`
  ADD CONSTRAINT `video_user_user_id_fk` FOREIGN KEY (`user_id`) REFERENCES `user` (`user_id`);

--
-- Ograniczenia dla tabeli `video_tag`
--
ALTER TABLE `video_tag`
  ADD CONSTRAINT `video_tag_tag_tag_slug_id_fk` FOREIGN KEY (`tag_slug_id`) REFERENCES `tag` (`tag_slug_id`),
  ADD CONSTRAINT `video_tag_user_user_id_fk_2` FOREIGN KEY (`user_id`) REFERENCES `user` (`user_id`),
  ADD CONSTRAINT `video_tag_video_video_youtube_id_fk` FOREIGN KEY (`video_youtube_id`) REFERENCES `video` (`video_youtube_id`);

--
-- Ograniczenia dla tabeli `video_tag_time`
--
ALTER TABLE `video_tag_time`
  ADD CONSTRAINT `video_tag_time_video_tag_video_tag_id_fk` FOREIGN KEY (`video_tag_id`) REFERENCES `video_tag` (`video_tag_id`),
  ADD CONSTRAINT `video_tag_user_user_id_fk` FOREIGN KEY (`user_id`) REFERENCES `user` (`user_id`);

/*!40101 SET CHARACTER_SET_CLIENT=@OLD_CHARACTER_SET_CLIENT */;
/*!40101 SET CHARACTER_SET_RESULTS=@OLD_CHARACTER_SET_RESULTS */;
/*!40101 SET COLLATION_CONNECTION=@OLD_COLLATION_CONNECTION */;
