-- MySQL dump 10.14  Distrib 5.5.56-MariaDB, for Linux (x86_64)
--
-- Host: localhost    Database: culture
-- ------------------------------------------------------
-- Server version	5.5.56-MariaDB

/*!40101 SET @OLD_CHARACTER_SET_CLIENT=@@CHARACTER_SET_CLIENT */;
/*!40101 SET @OLD_CHARACTER_SET_RESULTS=@@CHARACTER_SET_RESULTS */;
/*!40101 SET @OLD_COLLATION_CONNECTION=@@COLLATION_CONNECTION */;
/*!40101 SET NAMES utf8 */;
/*!40103 SET @OLD_TIME_ZONE=@@TIME_ZONE */;
/*!40103 SET TIME_ZONE='+00:00' */;
/*!40014 SET @OLD_UNIQUE_CHECKS=@@UNIQUE_CHECKS, UNIQUE_CHECKS=0 */;
/*!40014 SET @OLD_FOREIGN_KEY_CHECKS=@@FOREIGN_KEY_CHECKS, FOREIGN_KEY_CHECKS=0 */;
/*!40101 SET @OLD_SQL_MODE=@@SQL_MODE, SQL_MODE='NO_AUTO_VALUE_ON_ZERO' */;
/*!40111 SET @OLD_SQL_NOTES=@@SQL_NOTES, SQL_NOTES=0 */;

--
-- Table structure for table `artist`
--

DROP TABLE IF EXISTS `artist`;
/*!40101 SET @saved_cs_client     = @@character_set_client */;
/*!40101 SET character_set_client = utf8 */;
CREATE TABLE `artist` (
  `artist_id` int(11) NOT NULL AUTO_INCREMENT,
  `name` varchar(100) NOT NULL,
  `slug` varchar(100) NOT NULL,
  PRIMARY KEY (`artist_id`)
) ENGINE=InnoDB AUTO_INCREMENT=409 DEFAULT CHARSET=utf8;
/*!40101 SET character_set_client = @saved_cs_client */;

--
-- Dumping data for table `artist`
--

LOCK TABLES `artist` WRITE;
/*!40000 ALTER TABLE `artist` DISABLE KEYS */;
INSERT INTO `artist` VALUES (2,'O.T. Genasis','o-t-genasis'),(3,'Tomasz Niecik','tomasz-niecik'),(4,'Lenny Kravitz','lenny-kravitz'),(5,'50 Cent','50-cent'),(6,'Nina Simone','nina-simone'),(7,'Fair Weather Friends','fair-weather-friends'),(8,'Queen','queen'),(9,'Nadéah','nadeah'),(10,'Cypress Hill','cypress-hill'),(11,'Britney Spears','britney-spears'),(12,'Eminem','eminem'),(13,'Will Smith','will-smith'),(14,'Sigala','sigala'),(15,'Flume','flume'),(16,'Eric Prydz','eric-prydz'),(17,'Aerosmith','aerosmith'),(18,'Olivia Newton-John','olivia-newton-john'),(19,'Mason vs Princess Superstar','mason-vs-princess-superstar'),(20,'Kanye West','kanye-west'),(21,'Robbie Williams','robbie-williams'),(22,'Avril Lavigne','avril-lavigne'),(23,'Katy Perry','katy-perry'),(24,'Taylor Swift','taylor-swift'),(25,'Pitbull','pitbull'),(26,'David Hasselhoff','david-hasselhoff'),(27,'Michael Jackson','michael-jackson'),(32,'Major Lazer','major-lazer'),(33,'Nicki Minaj','nicki-minaj'),(35,'Tenacious D ','tenacious-d'),(36,'Lady Gaga','lady-gaga'),(37,'Alien Ant Farm','alien-ant-farm'),(38,'Aqua','aqua'),(39,'Take That','take-that'),(40,'Guns N\' Roses','guns-n-roses'),(41,'Metallica','metallica'),(42,'M.I.A.','m-i-a'),(43,'Sak Noel','sak-noel'),(46,'Vampire Weekend','vampire-weekend'),(48,'Dr. Dre','dr-dre'),(49,'Afroman','afroman'),(50,'Snoop Dogg & Wiz Khalifa ','snoop-dogg-wiz-khalifa'),(51,'Goldfish','goldfish'),(52,'The Music','the-music'),(53,'Das Racist','das-racist'),(54,'Nas','nas'),(55,'Fall Out Boy','fall-out-boy'),(56,'Kurtis Blow','kurtis-blow'),(57,'Golf Boys','golf-boys'),(58,'Pezet','pezet'),(59,'Moby','moby'),(60,'We The Kings','we-the-kings'),(61,'Junior Senior','junior-senior'),(62,'Architecture In Helsinki','architecture-in-helsinki'),(63,'Hot Chip','hot-chip'),(64,'Red Hot Chili Peppers','red-hot-chili-peppers'),(65,'Molesta Ewenement','molesta-ewenement'),(66,'The Magician','the-magician'),(67,'Flairs','flairs'),(68,'Caravan Palace','caravan-palace'),(69,'Is Tropical','is-tropical'),(70,'Mitch Rossell','mitch-rossell'),(71,'Alex Clare','alex-clare'),(72,'Murray Head','murray-head'),(73,'Puscifer','puscifer'),(74,'Biffy Clyro','biffy-clyro'),(75,'Michael Penn','michael-penn'),(76,'The Avener','the-avener'),(77,'Manic Street Preachers','manic-street-preachers'),(78,'The Band Perry','the-band-perry'),(79,'HD Of Bearfaced','hd-of-bearfaced'),(80,'N.E.R.D.','n-e-r-d'),(81,'Alexandra Stan','alexandra-stan'),(82,'Craig Campbell','craig-campbell'),(83,'Five','five'),(84,'Tyler, The Creator','tyler-the-creator'),(85,'Daft Punk','daft-punk'),(87,'Blur','blur'),(88,'Margaret','margaret'),(89,'Boss Fight (Ft. Justin Roiland)','boss-fight-ft-justin-roiland'),(91,'Gang Albanii','gang-albanii'),(92,'Sonic For Hire','sonic-for-hire'),(93,'Arcade Fire','arcade-fire'),(94,'Beastie Boys','beastie-boys'),(95,'Tmk Aka Piekielny','tmk-aka-piekielny'),(96,'Mike Posner','mike-posner'),(97,'Jonas Blue','jonas-blue'),(98,'Pezet & Czarny Hifi','pezet-czarny-hifi'),(99,'Coldplay','coldplay'),(100,'Myslovitz','myslovitz'),(101,'Mrozu','mrozu'),(102,'Deobson','deobson'),(103,'Zjednoczony Ursynów','zjednoczony-ursynow'),(104,'Dixon37 Napalm Grupa','dixon37-napalm-grupa'),(105,'Dixo37 feat. Hemp Gru JLB','dixo37-feat-hemp-gru-jlb'),(107,'Bonus Rpk / Cs','bonus-rpk-cs'),(108,'Doniu','doniu'),(110,'Bonus Rpk','bonus-rpk'),(111,'Dj Jazzy Jeff & The Fresh Prince','dj-jazzy-jeff-the-fresh-prince'),(112,'Canibus','canibus'),(113,'Lit','lit'),(114,'My Darkest Days','my-darkest-days'),(115,'Armin Van Buuren Feat. Trevor Guthrie','armin-van-buuren-feat-trevor-guthrie'),(116,'LMFAO','lmfao'),(117,'Sublime','sublime'),(118,'Mercury Rev','mercury-rev'),(119,'Pod Gradobiciem Pytań','pod-gradobiciem-pytan'),(120,'Ricky Martin','ricky-martin'),(121,'Beyoncé','beyonce'),(122,'DyE','dye'),(123,'Fountains Of Wayne','fountains-of-wayne'),(124,'Jimmy Eat World','jimmy-eat-world'),(125,'Kris Menace & Lifelike','kris-menace-lifelike'),(126,'The Notorious B.I.G','the-notorious-b-i-g'),(127,'One Direction','one-direction'),(128,'The Shins','the-shins'),(129,'Avicii','avicii'),(130,'The Smashing Pumpkins','the-smashing-pumpkins'),(131,'Telepopmusik','telepopmusik'),(132,'Boys (Summertime Love)','boys-summertime-love'),(133,'2Pac','2pac'),(134,'Weezer','weezer'),(135,'Maroon 5','maroon-5'),(136,'Sum 41','sum-41'),(137,'Blink-182','blink-182'),(138,'Metronomy','metronomy'),(139,'Fetty Wap','fetty-wap'),(140,'Fergie','fergie'),(141,'Twenty One Pilots','twenty-one-pilots'),(142,'Ronan Keating','ronan-keating'),(143,'Judas Priest','judas-priest'),(144,'Queens Of The Stone Age','queens-of-the-stone-age'),(145,'Snow Patrol','snow-patrol'),(146,'Hasta El Amanecer','hasta-el-amanecer'),(147,'New Radicals','new-radicals'),(148,'Bloodhound Gang','bloodhound-gang'),(149,'Luscious Jackson','luscious-jackson'),(150,'Hole','hole'),(151,'Ice Cube','ice-cube'),(152,'Kelis','kelis'),(153,'Justin Timberlake','justin-timberlake'),(154,'Fifth Harmony','fifth-harmony'),(155,'Blockhead','blockhead'),(156,'Whitesnake','whitesnake'),(157,'Jak Działa Jamniczek','jak-dziala-jamniczek'),(158,'Tarja No Bitter End Official Music Video','tarja-no-bitter-end-official-music-video'),(159,'Ten Typ Mes','ten-typ-mes'),(160,'Kuban','kuban'),(161,'Maluma','maluma'),(162,'Pezet X Jimek \"Nie Muszę Wracać\"','pezet-x-jimek-nie-musze-wracac'),(163,'Chvrches','chvrches'),(164,'Rick Astley','rick-astley'),(166,'Kękę','keke'),(167,'MLBB','mlbb'),(168,'French Montana','french-montana'),(169,'Avicii Vs Nicky Romero','avicii-vs-nicky-romero'),(170,'Cursive','cursive'),(171,'Drive-By Truckers','drive-by-truckers'),(172,'Tim Berg','tim-berg'),(173,'Skunk Anansie','skunk-anansie'),(174,'Modjo','modjo'),(175,'Matisyahu','matisyahu'),(176,'Dziergi','dziergi'),(177,'Drużynamistrzów3-Bosski & Sobota','druzynamistrzow3-bosski-sobota'),(178,'Bosski','bosski-feat-sokol'),(179,'Jacob Sartorius','jacob-sartorius'),(180,'The Chainsmokers','the-chainsmokers'),(181,'Tune-Yards','tune-yards'),(182,'Five Finger Death Punch','five-finger-death-punch'),(183,'Charlie Puth','charlie-puth'),(184,'Farruko','farruko'),(185,'Sia','sia'),(186,'Ariana Grande','ariana-grande'),(187,'Tough Love','tough-love'),(188,'Skrillex & Rick Ross','skrillex-rick-ross'),(189,'Andra','andra'),(190,'Kaz Bałagane Ft. Belmondo','kaz-balagane-ft-belmondo'),(191,'Białas','bialas'),(192,'Tove Lo','tove-lo'),(193,'Yg','yg'),(194,'Michael Bublé','michael-buble'),(195,'Pokahantaz','pokahontaz'),(196,'Green Day','green-day'),(197,'The Ataris','the-ataris'),(198,'Gente De Zona','gente-de-zona'),(199,'Bon Jovi','bon-jovi'),(200,'Tinashe','tinashe'),(201,'Rae Sremmurd','rae-sremmurd'),(202,'Miike Snow','miike-snow'),(203,'Mike Perry','mike-perry'),(204,'Popek X Matheo','popek-x-matheo'),(205,'Nayan','nayan'),(206,'Krzysztof Napiorkowski','krzysztof-napiorkowski'),(207,'Michalina Starosta','michalina-starosta'),(208,'Grzegorz Stawicki','grzegorz-stawicki'),(209,'Benny Benassi','benny-benassi'),(210,'Bassjackers Ft. Luciana','bassjackers-ft-luciana'),(211,'Fat Joe, Remy Ma, French Montana','fat-joe-remy-ma-french-montana'),(212,'Moby & The Void Pacific Choir','moby-the-void-pacific-choir'),(213,'Chris Brown','chris-brown'),(214,'Die Antwoord','die-antwoord'),(215,'Family Force 5','family-force-5'),(216,'The Black Eyed Peas','the-black-eyed-peas'),(217,'Juras','juras'),(218,'Trzy Korony','trzy-korony'),(219,'Vitalic','vitalic'),(220,'Xxanaxx','xxanaxx'),(221,'Battles','battles'),(222,'Bomba Estéreo','bomba-estereo'),(223,'Calvin Harris & Disciples','calvin-harris-disciples'),(224,'Marky Mark','marky-mark'),(225,'Jarecki','jarecki'),(226,'Wilco & Popeye','wilco-popeye'),(227,'Eisenfunk','eisenfunk'),(228,'Vigiland','vigiland'),(229,'Armin Van Buuren','armin-van-buuren'),(230,'Enrique Iglesias','enrique-iglesias'),(231,'Самое Большое Простое Число','samoe-bolshoe-prostoe-chislo'),(232,'Chairlift','chairlift'),(233,'Calvin Harris','calvin-harris'),(234,'Dj Snake Ft. Justin Bieber','dj-snake-ft-justin-bieber'),(235,'Mr Oizo','mr-oizo'),(236,'Bomfunk Mc\'s','bomfunk-mc-s'),(237,'The Kills','the-kills'),(238,'Partynextdoor','partynextdoor'),(239,'Avicii Vs. Conrad Sewell','avicii-vs-conrad-sewell'),(240,'Good Shoes','good-shoes'),(241,'Kaytranada','kaytranada'),(242,'Die Ärzte','die-aerzte'),(243,'Herbert Grönemeyer','herbert-groenemeyer'),(244,'Grauzone','grauzone'),(245,'Elliphant','elliphant'),(246,'The Weeknd','the-weeknd'),(247,'Boy6lue','boy6lue'),(248,'Don Diablo','don-diablo'),(249,'Blasterjaxx','blasterjaxx'),(250,'Nuits D\'etoiles','nuits-d-etoiles'),(251,'Bullet For My Valentine','bullet-for-my-valentine'),(252,'A Tribe Called Quest','a-tribe-called-quest'),(253,'Alesso','alesso'),(254,'Sohn','sohn'),(255,'No Doubt','no-doubt'),(256,'Gunship','gunship'),(257,'Mac Miller','mac-miller'),(258,'Gucci Mane','gucci-mane'),(259,'Jennifer Lopez','jennifer-lopez'),(260,'Abba','abba'),(261,'The Party Anthem','the-party-anthem'),(262,'Kid Rock','kid-rock'),(263,'Layla','layla'),(264,'Death Cab For Cutie','death-cab-for-cutie'),(265,'Snoop Dogg','snoop-dogg'),(266,'Kacey Musgraves','kacey-musgraves'),(267,'A Great Big World','a-great-big-world'),(268,'Tiger Lilly','tiger-lilly'),(269,'Ed Sheeran','ed-sheeran'),(270,'Bebe Rexha','bebe-rexha'),(271,'Korn','korn'),(272,'Robbie Rivera Feat. Vinny Z','robbie-rivera-feat-vinny-z'),(273,'Clean Bandit','clean-bandit'),(274,'J Dilla','j-dilla'),(275,'Phora','phora'),(276,'Beez','beez'),(277,'Radiohead','radiohead'),(278,'The Chainsmokers & Coldplay','the-chainsmokers-coldplay'),(279,'Chet Faker','chet-faker'),(280,'Faster','faster'),(281,'Imagine Dragons','imagine-dragons'),(282,'Reto','reto'),(283,'Burak Yeter','burak-yeter'),(284,'Omi','omi'),(285,'Mr. Oizo','mr-oizo'),(286,'Kakkmaddafakka','kakkmaddafakka'),(287,'Duke Dumont','duke-dumont'),(288,'Route 94','route-94'),(289,'Earl Sweatshirt','earl-sweatshirt'),(290,'David Zowie','david-zowie'),(291,'Dj Fresh','dj-fresh'),(292,'Niklas Ibach','niklas-ibach'),(293,'Kendrick Lamar','kendrick-lamar'),(294,'Oh Wonder','oh-wonder'),(295,'Marilyn Manson','marilyn-manson'),(296,'Roundtable Rival','roundtable-rival'),(297,'Nirvana','nirvana'),(298,'Marcin Czerwiński','marcin-czerwinski'),(299,'Judith Holofernes Feat. Maeckes','judith-holofernes-feat-maeckes'),(300,'Elton John','elton-john'),(301,'M.I.A','m-i-a'),(302,'David Guetta Ft Justin Bieber','david-guetta-ft-justin-bieber'),(303,'Tede & Sir Mich','tede-sir-mich'),(304,'Jessica Simpson','jessica-simpson'),(305,'Komodo','komodo'),(306,'Adam Ant','adam-ant'),(307,'Paolo Nutini','paolo-nutini'),(308,'18. Tede','18-tede'),(309,'Tede','tede'),(310,'Foo Fighters','foo-fighters'),(311,'Bedoes & Kubi Producent','bedoes-kubi-producent'),(312,'Solar/białas Ft. Wac Toja','solar-bialas-ft-wac-toja'),(313,'Quebonafide Ft. Planbe','quebonafide-ft-planbe'),(314,'Qbik','qbik'),(315,'Dj Pasza X Kuban','dj-pasza-x-kuban'),(316,'Kuban X Essex','kuban-x-essex'),(317,'Ciemna Strefa','ciemna-strefa'),(318,'O.S.T.R & Hades','o-s-t-r-hades'),(319,'Paul Mccartney','paul-mccartney'),(320,'Angular 4 In 60 Minutes','angular-4-in-60-minutes'),(321,'The Kooks','the-kooks'),(322,'Arctic Monkeys','arctic-monkeys'),(323,'D12','d12'),(324,'Disclosure','disclosure'),(325,'Ludacris','ludacris'),(326,'Kreayshawn','kreayshawn'),(327,'Riff Raff','riff-raff'),(328,'Madonna','madonna'),(329,'Sheryl Crow','sheryl-crow'),(330,'Busta Rhymes, Mariah Carey','busta-rhymes-mariah-carey'),(331,'Cassius','cassius'),(332,'Milky Chance','milky-chance'),(333,'Princess Chelsea','princess-chelsea'),(334,'The Killers','the-killers'),(335,'Tame Impala','tame-impala'),(336,'Home And Dry','home-and-dry'),(337,'Darlingside','darlingside'),(338,'The Moth & The Flame','the-moth-the-flame'),(339,'Geri Halliwell','geri-halliwell'),(340,'Right Said Fred','right-said-fred'),(341,'Steel Panther','steel-panther'),(342,'Martin Solveig','martin-solveig'),(343,'Secondcity','secondcity'),(344,'Rudimental','rudimental'),(345,'Capital Cities','capital-cities'),(346,'Kid Cudi','kid-cudi'),(347,'Żabson','zabson'),(348,'DM4 - Boski','dm4-boski'),(349,'Hans Solo','hans-solo'),(350,'Тимати и L\'one','timati-i-l-one'),(351,'Ostry (Bezimienni) Ft. Kali, Juras, Pih, Nest Beatz Remix','ostry-bezimienni-ft-kali-juras-pih-nest-beatz-remix'),(352,'Mandarinki','mandarinki'),(353,'Twice','twice'),(354,'Jake Paul','jake-paul'),(355,'Kokab','kokab'),(356,'Rapoholika','rapoholika'),(357,'Młody','mlody'),(358,'Two Feet','two-feet'),(359,'Behemoth','behemoth'),(360,'The Sixpounder','the-sixpounder'),(361,'Paluch','paluch'),(362,'Andrzej Piaseczny','andrzej-piaseczny'),(363,'The Cranberries','the-cranberries'),(364,'Żabson','z-abson'),(365,'Deemz X Bedoes X Planbe','deemz-x-bedoes-x-planbe'),(366,'Rest Dix37 X Dudek P56','rest-dix37-x-dudek-p56'),(367,'Lil Xan','lil-xan'),(368,'Sonic Youth','sonic-youth'),(369,'Mø','moe'),(370,'Kuba Knap','kuba-knap'),(371,'Łąki Łan','laki-lan'),(372,'Parov Stelar Feat. Marvin Gaye','parov-stelar-feat-marvin-gaye'),(373,'Alexander Lewis','alexander-lewis'),(374,'Pokahontaz Ft. Kaliber 44','pokahontaz-ft-kaliber-44'),(375,'Pokahontaz Ft. Bob One','pokahontaz-ft-bob-one'),(376,'Malik Montana','malik-montana'),(377,'Rahim / Pokahontaz','rahim-pokahontaz'),(378,'Drużyna Mistrzów','druzyna-mistrzow'),(379,'Young Multi','young-multi'),(380,'O.S.T.R.','o-s-t-r'),(381,'David Guetta, Martin Garrix & Brooks','david-guetta-martin-garrix-brooks'),(382,'Kyper','kyper'),(383,'DM4 - Bosski, PIH','dm4-bosski-pih'),(384,'Covers','covers'),(385,'Jurad','jurad'),(386,'Zibo','zibo'),(387,'Luki','luki'),(388,'Litość To Zbrodnia','litosc-to-zbrodnia'),(389,'Lopez','lopez'),(390,'Jay Eskar & Justin Petti','jay-eskar-justin-petti'),(391,'Linkin Park','linkin-park'),(392,'Darude','darude'),(393,'Alex Gaudino Feat.  Shena','alex-gaudino-feat-shena'),(394,'Quebonafide','quebonafide'),(395,'Komil X Essex','komil-x-essex'),(396,'Loud Luxury Ft. Nikki\'s Wives','loud-luxury-ft-nikki-s-wives'),(397,'My Riot','my-riot'),(398,'Miley Cyrus','miley-cyrus'),(399,'Bonus Rpk & Arczi Szajka','bonus-rpk-arczi-szajka'),(400,'Marshmello & Anne-marie','marshmello-anne-marie'),(401,'Serebro','serebro'),(402,'Hst Ft. Fokus','hst-ft-fokus'),(403,'Axel Thesleff','axel-thesleff'),(404,'Slightly Left Of Centre','slightly-left-of-centre'),(405,'Basto','basto'),(406,'Kid Cudi Vs Crookers','kid-cudi-vs-crookers'),(407,'Ok Go','ok-go'),(408,'Limp Bizkit','limp-bizkit');
/*!40000 ALTER TABLE `artist` ENABLE KEYS */;
UNLOCK TABLES;

--
-- Table structure for table `artist_video`
--

DROP TABLE IF EXISTS `artist_video`;
/*!40101 SET @saved_cs_client     = @@character_set_client */;
/*!40101 SET character_set_client = utf8 */;
CREATE TABLE `artist_video` (
  `artist_video_id` int(11) NOT NULL AUTO_INCREMENT,
  `artist_id` int(11) NOT NULL,
  `video_id` int(11) NOT NULL,
  PRIMARY KEY (`artist_video_id`),
  KEY `artist_video_artist_artist_id_fk` (`artist_id`),
  KEY `artist_video_video_video_id_fk` (`video_id`),
  CONSTRAINT `artist_video_video_video_id_fk` FOREIGN KEY (`video_id`) REFERENCES `video` (`video_id`),
  CONSTRAINT `artist_video_artist_artist_id_fk` FOREIGN KEY (`artist_id`) REFERENCES `artist` (`artist_id`)
) ENGINE=InnoDB AUTO_INCREMENT=605 DEFAULT CHARSET=utf8;
/*!40101 SET character_set_client = @saved_cs_client */;

--
-- Dumping data for table `artist_video`
--

LOCK TABLES `artist_video` WRITE;
/*!40000 ALTER TABLE `artist_video` DISABLE KEYS */;
INSERT INTO `artist_video` VALUES (1,2,3799),(4,6,3817),(7,7,3820),(9,4,3822),(12,8,3825),(13,9,3826),(14,10,3827),(15,11,3828),(16,12,3829),(21,13,3834),(26,14,3839),(27,15,3840),(28,16,3841),(29,17,3842),(30,17,3843),(31,18,3844),(32,19,3845),(33,20,3846),(34,21,3847),(35,21,3848),(36,21,3849),(37,22,3850),(38,22,3851),(39,22,3852),(40,23,3853),(41,24,3854),(42,24,3855),(43,12,3856),(44,12,3858),(45,25,3859),(46,26,3861),(47,27,3863),(51,32,3874),(52,33,3875),(53,137,3876),(54,35,3877),(55,11,3878),(56,36,3879),(57,37,3880),(58,38,3881),(59,11,3882),(60,11,3883),(61,39,3884),(62,40,3885),(63,41,3886),(64,42,3887),(65,43,3888),(69,46,3892),(70,25,3893),(71,21,3894),(73,48,3896),(76,49,3899),(77,50,3900),(79,51,3902),(80,52,3903),(82,54,3905),(83,23,3906),(84,23,3907),(85,5,3908),(86,5,3909),(87,55,3910),(88,56,3911),(89,57,3912),(90,58,3913),(91,59,3916),(92,59,3917),(93,60,3918),(94,61,3919),(95,62,3920),(96,63,3921),(97,59,3922),(98,64,3923),(99,5,3924),(100,12,3925),(101,12,3926),(102,12,3927),(103,65,3928),(104,66,3929),(105,67,3930),(106,68,3931),(107,69,3932),(108,12,3933),(109,70,3934),(110,71,3935),(111,23,3936),(112,23,3937),(113,72,3939),(114,73,3940),(115,74,3941),(116,75,3942),(117,76,3943),(118,77,3944),(119,78,3945),(120,79,3946),(121,80,3948),(122,81,3949),(123,82,3950),(124,83,3951),(125,84,3952),(126,85,3953),(127,3,3954),(131,87,3958),(133,88,3960),(135,23,3962),(137,23,3964),(142,91,3966),(143,59,3967),(145,93,3995),(146,27,3996),(147,94,3997),(150,91,4006),(151,96,4010),(152,97,4011),(153,98,4051),(154,99,4052),(156,100,4074),(157,101,4075),(158,102,4076),(159,103,4077),(160,103,4078),(161,104,4079),(162,105,4080),(164,107,4083),(165,108,4084),(167,110,4086),(168,54,4087),(169,111,4088),(170,112,4089),(171,113,4090),(172,59,4091),(173,114,4092),(174,115,4093),(175,116,4094),(176,117,4095),(177,118,4096),(179,120,4112),(180,121,4130),(181,122,4131),(182,123,4132),(183,124,4133),(184,125,4134),(185,116,4135),(186,126,4136),(187,127,4137),(188,128,4138),(189,129,4139),(190,130,4140),(191,24,4141),(192,131,4142),(193,132,4143),(194,133,4144),(195,46,4145),(196,134,4146),(197,135,4147),(198,136,4148),(199,137,4149),(201,138,4151),(202,137,4152),(203,127,4153),(204,139,4154),(205,140,4155),(206,141,4156),(207,142,4157),(208,143,4158),(209,144,4159),(210,145,4160),(211,137,4161),(212,146,4162),(213,147,4163),(214,148,4164),(215,149,4165),(216,150,4166),(217,151,4167),(218,152,4168),(219,153,4169),(220,154,4170),(221,23,4171),(222,155,4172),(225,156,4175),(226,158,4176),(258,159,4208),(259,160,4209),(260,161,4210),(261,162,4211),(262,163,4212),(263,164,4213),(265,166,4215),(266,166,4216),(269,168,4219),(270,5,4220),(271,169,4221),(272,170,4222),(273,171,4223),(274,171,4224),(275,172,4225),(276,173,4226),(277,174,4227),(278,175,4228),(279,129,4229),(280,32,4230),(281,138,4231),(282,5,4232),(283,176,4233),(284,177,4234),(285,178,4235),(286,179,4236),(287,180,4237),(288,181,4238),(289,182,4239),(290,168,4240),(291,161,4241),(292,183,4242),(293,184,4243),(294,185,4244),(295,186,4245),(296,23,4246),(297,187,4247),(298,174,4248),(299,188,4249),(300,189,4250),(301,190,4251),(302,191,4252),(303,192,4253),(304,193,4254),(305,194,4255),(306,195,4256),(307,196,4257),(308,197,4258),(309,198,4259),(310,199,4260),(311,200,4261),(312,201,4262),(313,202,4263),(314,203,4264),(315,204,4265),(316,205,4266),(317,206,4267),(318,207,4268),(319,208,4269),(320,209,4270),(321,210,4271),(322,211,4272),(323,212,4273),(324,186,4274),(325,213,4275),(326,214,4276),(328,214,4278),(329,214,4279),(330,215,4280),(331,216,4281),(332,217,4282),(333,218,4283),(334,42,4284),(335,219,4285),(336,220,4286),(337,36,4287),(338,221,4288),(339,222,4289),(340,223,4290),(341,224,4291),(342,225,4292),(343,226,4293),(344,227,4294),(345,228,4295),(347,229,4297),(348,230,4298),(349,231,4299),(350,232,4300),(352,233,4302),(353,234,4303),(354,235,4304),(356,236,4306),(357,237,4307),(358,238,4308),(359,239,4309),(360,240,4310),(361,241,4311),(362,242,4312),(363,243,4313),(364,244,4314),(365,245,4315),(366,246,4316),(367,212,4317),(368,247,4318),(369,248,4319),(370,249,4320),(371,250,4321),(373,251,4323),(374,252,4324),(375,246,4325),(376,253,4326),(377,254,4327),(378,255,4328),(379,256,4329),(380,257,4330),(381,36,4331),(382,258,4332),(383,237,4333),(384,259,4334),(385,260,4335),(386,261,4336),(387,262,4337),(388,263,4338),(389,199,4339),(390,264,4340),(391,265,4341),(392,266,4342),(393,267,4343),(394,268,4344),(395,269,4345),(396,270,4346),(397,237,4347),(398,271,4348),(399,272,4349),(400,273,4350),(401,180,4351),(402,274,4352),(403,275,4353),(404,276,4354),(405,144,4355),(406,277,4356),(407,278,4357),(408,23,4358),(409,279,4359),(410,280,4360),(411,281,4361),(412,282,4362),(413,283,4363),(414,284,4364),(415,285,4365),(416,286,4366),(417,287,4367),(418,287,4368),(419,288,4369),(420,289,4370),(421,23,4371),(422,290,4372),(423,84,4373),(424,291,4374),(425,292,4375),(426,293,4376),(427,294,4377),(428,295,4378),(429,296,4379),(430,23,4380),(431,297,4381),(432,298,4382),(433,137,4383),(434,299,4384),(435,300,4385),(436,300,4386),(437,127,4387),(438,201,4388),(439,301,4389),(440,40,4390),(441,300,4391),(442,302,4392),(443,23,4393),(444,303,4394),(445,304,4395),(446,304,4396),(447,305,4397),(448,306,4398),(449,307,4399),(450,259,4400),(451,303,4401),(452,308,4402),(453,309,4403),(454,110,4404),(455,110,4405),(456,310,4406),(457,311,4407),(458,312,4408),(459,313,4409),(460,314,4410),(461,311,4411),(462,303,4412),(463,315,4413),(464,316,4414),(465,58,4415),(466,317,4416),(467,318,4417),(468,319,4418),(469,320,4419),(470,321,4420),(471,322,4421),(472,323,4422),(473,324,4423),(474,325,4424),(475,326,4425),(476,327,4426),(477,24,4427),(478,192,4428),(479,328,4429),(480,329,4430),(481,196,4431),(482,330,4432),(483,331,4433),(484,64,4434),(485,64,4435),(486,260,4436),(487,332,4437),(488,333,4438),(489,138,4439),(490,138,4440),(491,138,4441),(492,138,4442),(493,334,4443),(494,335,4444),(495,335,4445),(496,336,4446),(497,337,4447),(498,335,4448),(499,338,4449),(500,130,4450),(501,15,4451),(502,40,4452),(503,310,4453),(504,8,4454),(505,339,4455),(506,340,4456),(507,24,4457),(508,341,4458),(509,342,4459),(510,343,4460),(511,344,4461),(512,345,4462),(513,64,4463),(514,346,4464),(515,265,4465),(516,265,4466),(517,347,4467),(518,348,4468),(519,349,4469),(520,350,4470),(521,351,4471),(522,352,4472),(523,353,4473),(524,354,4474),(525,355,4475),(526,356,4476),(527,357,4477),(528,358,4478),(529,359,4479),(530,191,4480),(531,360,4481),(532,322,4482),(533,361,4483),(534,362,4484),(535,363,4485),(536,311,4486),(537,364,4487),(538,303,4488),(539,365,4489),(540,366,4490),(541,12,4491),(542,367,4492),(543,368,4493),(544,369,4494),(545,311,4495),(546,280,4496),(547,370,4497),(548,370,4498),(549,371,4499),(550,372,4500),(551,373,4501),(552,374,4502),(553,375,4503),(554,376,4504),(555,12,4505),(556,166,4506),(557,377,4507),(558,347,4508),(559,348,4509),(560,378,4510),(561,379,4511),(562,303,4512),(563,380,4513),(564,381,4514),(565,382,4515),(566,383,4516),(567,378,4517),(568,384,4518),(569,385,4519),(570,386,4520),(571,386,4521),(572,361,4522),(573,280,4523),(574,280,4524),(575,387,4525),(576,3,4526),(577,388,4527),(578,389,4528),(579,378,4529),(580,378,4530),(581,390,4531),(582,391,4532),(583,392,4533),(584,393,4534),(585,394,4535),(586,395,4536),(587,396,4537),(588,397,4538),(589,398,4539),(590,137,4540),(591,399,4541),(592,400,4542),(593,55,4543),(594,401,4544),(595,402,4545),(596,403,4546),(597,214,4547),(598,404,4548),(599,405,4549),(600,154,4550),(601,141,4551),(602,406,4552),(603,407,4553),(604,408,4554);
/*!40000 ALTER TABLE `artist_video` ENABLE KEYS */;
UNLOCK TABLES;

--
-- Table structure for table `tag`
--

DROP TABLE IF EXISTS `tag`;
/*!40101 SET @saved_cs_client     = @@character_set_client */;
/*!40101 SET character_set_client = utf8 */;
CREATE TABLE `tag` (
  `tag_id` int(11) NOT NULL AUTO_INCREMENT,
  `name` varchar(100) COLLATE utf8_polish_ci DEFAULT NULL,
  `slug` varchar(100) COLLATE utf8_polish_ci NOT NULL,
  PRIMARY KEY (`tag_id`)
) ENGINE=InnoDB AUTO_INCREMENT=818 DEFAULT CHARSET=utf8 COLLATE=utf8_polish_ci;
/*!40101 SET character_set_client = @saved_cs_client */;

--
-- Dumping data for table `tag`
--

LOCK TABLES `tag` WRITE;
/*!40000 ALTER TABLE `tag` DISABLE KEYS */;
INSERT INTO `tag` VALUES (6,'bodycount','bodycount'),(12,'Warsaw University of Life Sciences (SGGW)','warsaw-university-of-life-sciences-sggw'),(17,'chess','chess'),(25,'wedding','wedding'),(51,'school','school'),(56,'drugs','drugs'),(65,'Warsaw','warsaw'),(93,'man in women clothes','man-in-women-clothes'),(98,'alien','alien'),(115,'Santa Claus','santa-claus'),(122,'Legia Warsaw','legia-warsaw'),(147,'birthday','birthday'),(184,'tennis','tennis'),(194,'prison','prison'),(197,'swimming pool','swimming-pool'),(201,'football','football'),(202,'theme park','theme-park'),(224,'Mike Tyson','mike-tyson'),(229,'Q*bert','q-bert'),(237,'Tetris','tetris'),(265,'ExciteBike','excitebike'),(266,'Dig Dug','dig-dug'),(268,'PacMan','pacman'),(274,'Bomberman','bomberman'),(278,'Angry Birds','angry-birds'),(285,'Frogger','frogger'),(287,'Donkey Kong','donkey-kong'),(293,'priest','priest'),(294,'beach','beach'),(297,'The Legend of Zelda','the-legend-of-zelda'),(300,'Super Mario Bros.','super-mario-bros.'),(307,'American football','american-football'),(313,'wrestling','wrestling'),(315,'Duck Hunt','duck-hunt'),(326,'running','running'),(327,'stadium','stadium'),(337,'seven deadly sins','seven-deadly-sins'),(338,'gym','gym'),(339,'table tennis (ping pong)','table-tennis-ping-pong'),(340,'bike','bike'),(341,'lowrider','lowrider'),(342,'stewardes','stewardes'),(343,'roller skates','roller-skates'),(344,'hangover','hangover'),(346,'fitness','fitness'),(347,'space','space'),(348,'astronautics','astronautics'),(349,'ice skate','ice-skate'),(350,'striptease','striptease'),(351,'car racing','car-racing'),(352,'skateboarding','skateboarding'),(354,'Hello Kitty','hello-kitty'),(355,'Japan','japan'),(356,'basketball','basketball'),(358,'ballet','ballet'),(359,'cheerleading','cheerleading'),(360,'Shelby AC Cobra','shelby-ac-cobra'),(361,'Michael Jackson','michael-jackson'),(365,'twerking','twerking'),(366,'Marilyn Manson','marilyn-manson'),(367,'werewolf','werewolf'),(368,'zombie','zombie'),(369,'midget','midget'),(370,'Devil','devil'),(371,'Barbie','barbie'),(373,'sauna','sauna'),(374,'rowing','rowing'),(375,'red hair','red-hair'),(433,'desert','desert'),(434,'BMW','bmw'),(435,'snake','snake'),(436,'guru','guru'),(438,'harem','harem'),(443,'Sonic The Hedgehog','sonic-the-hedgehog'),(444,'Tron','tron'),(445,'Rampage','rampage'),(446,'Jesus','jesus'),(447,'Ancient Egypt','ancient-egypt'),(448,'Snake','snake'),(449,'Elevator Action/Mission Elevator','elevator-action/mission-elevator'),(450,'Renegade','renegade'),(451,'Leisure Suit Larry','leisure-suit-larry'),(452,'pimp','pimp'),(453,'Monako','monako'),(454,'golf','golf'),(455,'Break Street','break-street'),(456,'video game','video-game'),(457,'Sony Playstation','sony-playstation'),(458,'video game console','video-game-console'),(461,'retirement home','retirement-home'),(462,'Star Trek','star-trek'),(463,'Pamela Anderson','pamela-anderson'),(464,'hospital','hospital'),(465,'Britney Spears','britney-spears'),(467,'kids play - war','kids-play---war'),(468,'Elvis Presley','elvis-presley'),(469,'kendo','kendo'),(470,'braces','braces'),(472,'sport','sport'),(475,'fishing','fishing'),(476,'bowling','bowling'),(477,'Johnny Bravo','johnny-bravo'),(478,'UFO','ufo'),(479,'anthropomorphism','anthropomorphism'),(480,'lyric video','lyric-video'),(481,'Ron Jeremy','ron-jeremy'),(492,'Back to the Future','back-to-the-future'),(496,'marihuana','marihuana'),(502,'Ibiza','ibiza'),(503,'motorcycle','motorcycle'),(504,'cowboy','cowboy'),(515,'James Bond','james-bond'),(540,'Atari','atari'),(542,'Amsterdam','amsterdam'),(543,'Erich Fromm','erich-fromm'),(544,'Charlie Sheen','charlie-sheen'),(547,'Sylvester Stallone','sylvester-stallone'),(566,'Sisyphus','sisyphus'),(567,'Hugh Hefner','hugh-hefner'),(568,'blindness','blindness'),(569,'Danny DeVito','danny-devito'),(570,'sumo','sumo'),(572,'milkman','milkman'),(573,'tricycle','tricycle'),(574,'violet hair','violet-hair'),(575,'laundry','laundry'),(576,'shopping mall','shopping-mall'),(577,'mime','mime'),(578,'Eiffel Tower','eiffel-tower'),(579,'airport','airport'),(580,'Malibu','malibu'),(581,'graveyard','graveyard'),(582,'police','police'),(583,'morning wake up','morning-wake-up'),(584,'hairdresser','hairdresser'),(585,'car wash','car-wash'),(586,'supermarket','supermarket'),(587,'Christ the Redeemer (statue)','christ-the-redeemer-statue'),(590,'Gothic Metal','gothic-metal'),(591,'snoop dogg','snoop-dogg'),(592,'gangsta','gangsta'),(593,'vagine','vagine'),(594,'rap','rap'),(595,'cover','cover'),(596,'Eddie Murphy','eddie-murphy'),(597,'porn','porn'),(598,'BBC','bbc'),(599,'fit','fit'),(600,'radom','radom'),(601,'test','test'),(603,'vlog','vlog'),(604,'Haiti','haiti'),(605,'punk','punk'),(606,'fed up with job','fed-up-with-job'),(607,'two guys one girl','two-guys-one-girl'),(608,'broken car','broken-car'),(609,'The Flintstones','the-flintstones'),(610,'hijack','hijack'),(611,'bank','bank'),(612,'Lamborghini','lamborghini'),(613,'boxing','boxing'),(614,'Blink-182','blink-182'),(615,'Janis Joplin','janis-joplin'),(616,'stay away from my daughter','stay-away-from-my-daughter'),(617,'dinosaur','dinosaur'),(618,'snowmobile','snowmobile'),(619,'fast food','fast-food'),(620,'parachute','parachute'),(621,'Ford Mustang','ford-mustang'),(622,'sushi','sushi'),(623,'garage','garage'),(624,'Audi 80','audi-80'),(625,'coffin','coffin'),(626,'helicopter','helicopter'),(627,'Star Wars','star-wars'),(628,'J. R. R. Tolkien','j-r-r-tolkien'),(629,'Hammurabi','hammurabi'),(630,'Katowice','katowice'),(631,'summer','summer'),(632,'Big Red Button','big-red-button'),(633,'White House','white-house'),(634,'president','president'),(635,'cygan','cygan'),(636,'USA vs Russia','usa-vs-russia'),(637,'horse','horse'),(638,'Chevrolet Corvette','chevrolet-corvette'),(639,'dig your own grave','dig-your-own-grave'),(640,'construction worker','construction-worker'),(641,'Spodek','spodek'),(642,'Hans Christian Andersen','hans-christian-andersen'),(643,'Kamasutra','kamasutra'),(644,'Dubai','dubai'),(645,'camel','camel'),(646,'tiger','tiger'),(647,'paragliding','paragliding'),(648,'animal farm','animal-farm'),(649,'excersise bike','excersise-bike'),(650,'Subaru','subaru'),(651,'Pikachu','pikachu'),(652,'Looney Tunes','looney-tunes'),(653,'Mr. T','mr-t'),(654,'Home Army (AK)','home-army-ak'),(655,'Mercedes','mercedes'),(656,'Nintendo Wii','nintendo-wii'),(657,'flute','flute'),(658,'Dariusz Michalczewski','dariusz-michalczewski'),(659,'Popeye','popeye'),(660,'Spider-Man','spider-man'),(661,'climbing','climbing'),(662,'Pong','pong'),(663,'Beer pong','beer-pong'),(664,'Donald Trump','donald-trump'),(665,'female bodybuilder','female-bodybuilder'),(666,'polar bear','polar-bear'),(667,'dentist','dentist'),(668,'elephant','elephant'),(669,'first-person perspective (FPP)','first-person-perspective-fpp'),(670,'suicide','suicide'),(671,'Mobile phone overuse','mobile-phone-overuse'),(672,'LED shoes','led-shoes'),(673,'skull face','skull-face'),(674,'eagle','eagle'),(675,'Food Fight','food-fight'),(676,'clay','clay'),(677,'RoboCop','robocop'),(678,'Friday the 13th','friday-the-13th'),(679,'Fiat','fiat'),(680,'pink clothes','pink-clothes'),(681,'Rolls-Royce','rolls-royce'),(682,'Christmas','christmas'),(683,'Cue (billiard) sports','cue-billiard-sports'),(684,'New Year','new-year'),(685,'Jeep Wrangler','jeep-wrangler'),(686,'skull','skull'),(687,'friday','friday'),(688,'Ferrari','ferrari'),(689,'pole dance','pole-dance'),(690,'donut','donut'),(691,'karaoke','karaoke'),(692,'KISS','kiss'),(693,'roller coaster','roller-coaster'),(694,'tuesday','tuesday'),(695,'wheelchair','wheelchair'),(696,'Virtual reality (VR)','virtual-reality-vr'),(697,'thermal video','thermal-video'),(698,'go-kart','go-kart'),(699,'jump rope','jump-rope'),(700,'hammock','hammock'),(701,'Richard Pryor','richard-pryor'),(702,'Adobe Photoshop','adobe-photoshop'),(703,'nun','nun'),(704,'paperboy','paperboy'),(705,'Wild West','wild-west'),(706,'cinema','cinema'),(707,'NASA','nasa'),(708,'paper plane','paper-plane'),(709,'car crash','car-crash'),(710,'army','army'),(711,'Victoria’s Secret','victoria-s-secret'),(712,'shoes','shoes'),(713,'Fidget spinner','fidget-spinner'),(714,'Duke Nukem','duke-nukem'),(715,'NERF','nerf'),(716,'Michael J. Fox','michael-j-fox'),(717,'Vladimir Putin','vladimir-putin'),(718,'Tinder','tinder'),(719,'Ewa Minge','ewa-minge'),(721,'Xanax','xanax'),(722,'Adderall','adderall'),(723,'Leonardo DiCaprio','leonardo-dicaprio'),(724,'Breaking Bad','breaking-bad'),(725,'Games Of Thrones','games-of-thrones'),(726,'Instagram','instagram'),(727,'Gucci','gucci'),(728,'Louis Vuitton','louis-vuitton'),(729,'Yves Saint Laurent','yves-saint-laurent'),(730,'Szampanskoje Igristoje','szampanskoje-igristoje'),(731,'Pablo Escobar','pablo-escobar'),(732,'Men In Black','men-in-black'),(733,'Reservoir Dogs','reservoir-dogs'),(734,'Asterikx','asterix'),(735,'Catwoman','catwoman'),(736,'Batman','batman'),(737,'The Sopranos)','the-sopranos'),(738,'sex cam','sex-cam'),(739,'drunk','drunk'),(740,'solarium','solarium'),(741,'kissing','kissing'),(742,'being high','being-high'),(743,'Spice Girls','spice-girls'),(744,'personal water craft (water scooter)','personal-water-craft-water-scooter'),(745,'bungee jumping','bungee-jumping'),(746,'kayak','kayak'),(747,'volleyball','volleyball'),(748,'superhero','superhero'),(749,'casting','casting'),(750,'SOS','sos'),(751,'Volvo','volvo'),(752,'cigaret','cigaret'),(753,'ice cream','ice-cream'),(754,'video arcade','video-arcade'),(755,'deer','deer'),(756,'animation','animation'),(757,'falling star','falling-star'),(758,'camper trailer','camper-trailer'),(759,'psychodelic','psychodelic'),(760,'surfing','surfing'),(761,'ice cream truck','ice-cream-truck'),(762,'sea','sea'),(763,'airplane','airplane'),(764,'tits','tits'),(765,'hiking','hiking'),(766,'human as animal','human-as-animal'),(767,'MINI','mini'),(768,'church','church'),(769,'Arnold Schwarzenegger','arnold-schwarzenegger'),(770,'masturbation','masturbation'),(771,'mixed martial arts (MMA)','mixed-martial-arts-mma'),(772,'karate','karate'),(773,'forest','forest'),(774,'Tekken','tekken'),(775,'Midas','midas'),(776,'cross','cross'),(777,'military','military'),(778,'typewriter','typewriter'),(779,'ski jumping','ski-jumping'),(780,'Patrick Swayze','patrick-swayze'),(781,'Perła (beer)','perla-beer'),(782,'Rocky Balboa','rocky-balboa'),(783,'Amiga','amiga'),(784,'HTTP 404','http-404'),(785,'Wikipedia','wikipedia'),(786,'rubber duck','rubber-duck'),(787,'playground','playground'),(788,'Alcatraz','alcatraz'),(789,'Taj Mahal','taj-mahal'),(790,'Tic-tac-toe','tic-tac-toe'),(791,'Brad Pitt','brad-pitt'),(792,'Muay Thai','muay-thai'),(793,'Fiat 126','fiat-126'),(794,'tequila','tequila'),(795,'bridge','bridge'),(796,'BMX','bmx'),(797,'Microsoft Windows','microsoft-windows'),(798,'Audi','audi'),(799,'Mutang','mutang'),(800,'Krav Maga','krav-maga'),(801,'Dodgeball','dodgeball'),(802,'pursuit','pursuit'),(803,'motocross','motocross'),(804,'wrecking ball','wrecking-ball'),(805,'Czech Republic','czech-republic'),(806,'Red Bull','red-bull'),(807,'Cameron Diaz','cameron-diaz'),(808,'Prozac','prozac'),(809,'arson','arson'),(810,'woman beat man','woman-beat-man'),(811,'construction site','construction-site'),(812,'Dolph Lundgren','dolph-lundgren'),(813,'shop','shop'),(814,'drug','drug'),(815,'electric treadmill','electric-treadmill'),(816,'car surfing','car-surfing');
/*!40000 ALTER TABLE `tag` ENABLE KEYS */;
UNLOCK TABLES;

--
-- Table structure for table `tag_user_subscribe`
--

DROP TABLE IF EXISTS `tag_user_subscribe`;
/*!40101 SET @saved_cs_client     = @@character_set_client */;
/*!40101 SET character_set_client = utf8 */;
CREATE TABLE `tag_user_subscribe` (
  `subscribe_id` int(11) NOT NULL AUTO_INCREMENT,
  `tag_id` int(11) NOT NULL,
  `user_id` int(11) NOT NULL,
  `create_time` timestamp NOT NULL DEFAULT CURRENT_TIMESTAMP ON UPDATE CURRENT_TIMESTAMP,
  PRIMARY KEY (`subscribe_id`),
  KEY `tag_id` (`tag_id`),
  KEY `user_id` (`user_id`),
  CONSTRAINT `tag_user_subscribe_ibfk_1` FOREIGN KEY (`tag_id`) REFERENCES `tag` (`tag_id`) ON DELETE CASCADE ON UPDATE CASCADE,
  CONSTRAINT `tag_user_subscribe_ibfk_2` FOREIGN KEY (`user_id`) REFERENCES `user` (`user_id`) ON DELETE CASCADE ON UPDATE CASCADE
) ENGINE=InnoDB DEFAULT CHARSET=utf8;
/*!40101 SET character_set_client = @saved_cs_client */;

--
-- Dumping data for table `tag_user_subscribe`
--

LOCK TABLES `tag_user_subscribe` WRITE;
/*!40000 ALTER TABLE `tag_user_subscribe` DISABLE KEYS */;
/*!40000 ALTER TABLE `tag_user_subscribe` ENABLE KEYS */;
UNLOCK TABLES;

--
-- Table structure for table `tag_video`
--

DROP TABLE IF EXISTS `tag_video`;
/*!40101 SET @saved_cs_client     = @@character_set_client */;
/*!40101 SET character_set_client = utf8 */;
CREATE TABLE `tag_video` (
  `tag_video_id` int(11) NOT NULL AUTO_INCREMENT,
  `video_id` int(11) NOT NULL,
  `tag_id` int(11) NOT NULL,
  `start` smallint(6) DEFAULT NULL,
  `stop` smallint(6) DEFAULT NULL,
  `description` varchar(500) DEFAULT NULL,
  `create_time` timestamp NOT NULL DEFAULT CURRENT_TIMESTAMP ON UPDATE CURRENT_TIMESTAMP,
  `user_id` int(11) DEFAULT NULL,
  PRIMARY KEY (`tag_video_id`),
  KEY `tag_id` (`tag_id`),
  KEY `video_id` (`video_id`),
  CONSTRAINT `tag_video_ibfk_1` FOREIGN KEY (`video_id`) REFERENCES `video` (`video_id`) ON DELETE CASCADE ON UPDATE CASCADE,
  CONSTRAINT `tag_video_ibfk_2` FOREIGN KEY (`tag_id`) REFERENCES `tag` (`tag_id`) ON DELETE CASCADE ON UPDATE CASCADE
) ENGINE=InnoDB AUTO_INCREMENT=1935 DEFAULT CHARSET=utf8;
/*!40101 SET character_set_client = @saved_cs_client */;

--
-- Dumping data for table `tag_video`
--

LOCK TABLES `tag_video` WRITE;
/*!40000 ALTER TABLE `tag_video` DISABLE KEYS */;
INSERT INTO `tag_video` VALUES (737,3799,56,0,240,'cały teledysk jest o kokainie','2016-03-12 14:00:12',NULL),(763,3817,327,0,216,'','2016-03-12 13:59:58',NULL),(764,3817,326,0,216,'','2016-03-12 13:59:53',NULL),(765,3817,337,0,216,'wyświetlają się na telebimie ','2016-03-12 13:59:44',NULL),(766,3820,338,18,120,'','2016-03-12 13:59:38',NULL),(767,3820,339,120,256,'','2016-03-12 13:59:23',NULL),(768,3820,339,0,17,'','2016-03-12 13:58:44',NULL),(769,3825,340,0,196,'utwór o rowerze? sceny nagich dziewcząt jeżdzących na rowerach','2016-03-12 13:58:40',NULL),(770,3826,340,0,167,'Nadéah jeździ cały teledysk na rowerze','2016-03-12 13:58:35',NULL),(771,3827,341,0,247,'cały utwór jest o lowriderze, muzyka i video','2016-03-12 14:13:37',NULL),(772,3828,342,0,212,'Britney jest w teledysku stewardesą','2016-03-12 15:11:06',NULL),(773,3839,343,0,215,'wykonawca cały teledysk jeżdzi na wrotkach ','2016-03-13 10:15:21',NULL),(774,3840,344,12,39,NULL,'2016-03-13 11:11:31',NULL),(776,3822,344,0,65,'','2016-03-13 11:13:27',NULL),(777,3841,346,0,172,'','2016-03-13 12:19:39',NULL),(779,3842,294,0,244,'','2016-03-13 14:57:47',NULL),(780,3843,347,0,30,'','2016-03-13 19:07:38',NULL),(781,3843,347,210,255,'trochę przeplatanych scen w komosie','2016-03-13 19:10:18',NULL),(782,3843,348,0,295,'','2016-03-13 19:12:22',NULL),(783,3844,338,0,224,'','2016-03-13 19:59:11',NULL),(784,3845,346,3,165,'','2016-03-13 20:07:46',NULL),(785,3846,338,0,315,'jest pare scen','2016-03-13 20:11:54',NULL),(786,3846,346,0,315,'jest pare scen','2016-03-13 20:12:17',NULL),(787,3847,349,0,316,'','2016-03-13 20:20:03',NULL),(788,3848,343,28,232,'dziewczyny jeżdzą na wrotkach wkoło Robbiego','2016-03-13 20:26:00',NULL),(789,3848,350,6,246,'Robbie Williams robi striptiz i rozbiera się aż do kości ;)','2016-03-13 20:30:18',NULL),(790,3849,351,0,251,'','2016-03-13 20:33:50',NULL),(791,3850,352,0,221,'tekst utworu, bo w teledysku na desce nie jeżdżą','2016-03-17 08:43:26',NULL),(792,3851,352,0,253,'jeżdżą na desce ','2016-03-17 08:43:19',NULL),(793,3851,613,81,84,'Avril w sklepie sportowym zakłada rękawicę bokserskie','2016-08-02 06:30:44',NULL),(794,3852,354,0,199,'','2016-03-17 08:57:16',NULL),(795,3852,355,0,199,'teledysk nagrany w Japonii','2016-03-17 08:58:07',NULL),(796,3853,339,19,24,'','2016-03-17 10:33:37',NULL),(797,3853,339,32,34,'','2016-03-17 10:34:06',NULL),(798,3853,339,148,149,'','2016-03-17 10:36:31',NULL),(799,3853,356,43,48,'','2016-03-17 11:53:47',NULL),(801,3854,358,0,16,'','2016-03-17 12:10:39',NULL),(802,3854,358,26,41,'','2016-03-17 12:15:45',NULL),(803,3854,358,60,63,'','2016-03-17 12:16:42',NULL),(804,3854,358,98,101,'','2016-03-17 12:17:44',NULL),(805,3854,358,116,120,'','2016-03-17 12:18:35',NULL),(806,3854,359,145,165,'','2016-03-17 12:22:05',NULL),(807,3854,358,224,230,'','2016-03-17 12:24:07',NULL),(808,3855,360,0,7,'','2016-03-17 16:40:07',NULL),(809,3855,360,191,226,'','2016-03-17 16:43:10',NULL),(810,3856,361,0,17,'','2016-03-19 04:48:22',NULL),(811,3856,361,52,81,'','2016-03-19 04:51:49',NULL),(812,3856,115,25,41,'','2016-03-19 04:52:59',NULL),(819,3874,365,0,297,NULL,'2016-03-20 20:47:25',NULL),(820,3858,366,200,215,NULL,'2016-03-20 20:52:56',NULL),(821,3863,367,203,221,NULL,'2016-03-20 21:18:24',NULL),(824,3863,368,396,704,NULL,'2016-03-20 21:24:21',NULL),(825,3875,365,0,290,NULL,'2016-03-20 21:40:28',NULL),(826,3876,369,0,176,NULL,'2016-03-20 21:52:29',NULL),(827,3877,370,84,293,NULL,'2016-03-20 22:00:59',NULL),(828,3878,347,0,252,NULL,'2016-03-20 23:12:30',NULL),(829,3878,348,0,252,NULL,'2016-03-20 23:12:50',NULL),(831,3879,194,25,283,'','2016-03-21 22:33:52',NULL),(833,3880,361,0,219,'cover utworu o tym samym tytule + liczne nawiązania do Jackson w teledysku','2016-03-21 23:38:29',NULL),(834,3881,371,0,202,'','2016-03-21 23:51:46',NULL),(840,3882,373,6,15,'to chyba sauna?','2016-03-22 06:56:57',NULL),(841,3883,51,0,84,NULL,'2016-08-29 05:20:18',NULL),(842,3883,51,141,231,NULL,'2016-08-29 05:20:22',NULL),(843,3883,356,141,231,'','2016-03-22 07:07:37',NULL),(844,3884,374,0,301,'','2016-03-22 07:16:12',NULL),(845,3885,25,95,237,NULL,'2016-08-29 05:20:15',NULL),(846,3886,194,0,349,'','2016-03-22 07:24:44',NULL),(847,3887,375,0,546,'fabuła opiera się na pojmaniu ludzi o rudych włosach i ich rozstrzelaniu','2016-03-22 07:38:34',NULL),(850,3887,6,510,517,'jeden rudzielec','2016-03-22 11:53:21',NULL),(909,3893,433,0,234,'','2016-03-24 17:52:56',NULL),(910,3893,434,0,40,'','2016-03-24 17:54:59',NULL),(911,3893,435,74,85,'','2016-03-24 17:56:37',NULL),(912,3894,436,0,285,'','2016-03-24 18:11:05',NULL),(918,3894,438,0,285,'','2016-03-24 18:13:09',NULL),(920,3896,341,0,292,'','2016-03-25 22:41:03',NULL),(921,3900,56,0,258,'','2016-03-26 16:06:54',NULL),(923,3902,265,26,31,'','2016-03-27 01:39:28',NULL),(941,3902,278,30,37,'','2016-03-27 02:57:45',NULL),(942,3902,229,44,45,'','2016-03-27 02:59:23',NULL),(943,3902,315,129,130,'','2016-03-27 03:01:43',NULL),(944,3902,274,143,154,'','2016-03-27 03:11:07',NULL),(945,3902,443,162,216,'','2016-03-27 03:13:23',NULL),(947,3903,444,70,220,'','2016-03-27 09:28:35',NULL),(952,3905,446,0,318,'','2016-03-27 11:09:34',NULL),(953,3906,447,0,226,NULL,'2016-03-27 14:15:55',NULL),(958,3907,147,0,216,NULL,'2016-03-27 18:56:15',NULL),(959,3908,452,0,301,NULL,'2016-03-27 19:03:01',NULL),(960,3909,453,0,228,NULL,'2016-03-27 19:24:52',NULL),(961,3910,356,0,254,NULL,'2016-03-27 19:32:42',NULL),(962,3911,356,0,228,NULL,'2016-03-27 20:02:25',NULL),(963,3912,454,0,178,NULL,'2016-03-27 20:17:17',NULL),(964,3900,454,0,49,NULL,'2016-03-27 20:20:47',NULL),(967,3902,456,0,261,NULL,'2016-03-28 19:32:19',NULL),(968,3913,457,61,65,NULL,'2016-03-29 09:04:11',NULL),(969,3913,458,61,65,NULL,'2016-03-29 12:02:09',NULL),(973,3916,461,0,263,NULL,'2016-03-29 21:50:03',NULL),(974,3917,98,0,207,NULL,'2016-03-29 21:57:58',NULL),(975,3892,184,0,304,NULL,'2016-03-29 23:56:59',NULL),(976,3918,456,0,236,NULL,'2016-03-30 06:34:13',NULL),(977,3918,184,143,167,NULL,'2016-03-30 06:37:55',NULL),(978,3919,456,0,199,NULL,'2016-03-30 06:43:29',NULL),(979,3920,456,0,252,NULL,'2016-03-30 20:52:23',NULL),(980,3920,268,228,252,NULL,'2016-03-30 20:52:52',NULL),(981,3921,456,0,218,NULL,'2016-03-30 21:02:03',NULL),(982,3921,201,5,218,NULL,'2016-03-30 21:02:37',NULL),(983,3922,456,0,254,NULL,'2016-03-30 21:05:53',NULL),(984,3923,456,0,322,NULL,'2016-03-30 21:08:02',NULL),(985,3924,456,5,263,NULL,'2016-03-30 21:10:16',NULL),(986,3925,462,37,40,NULL,'2016-03-30 22:13:03',NULL),(987,3925,462,43,45,NULL,'2016-03-30 22:13:43',NULL),(988,3925,462,68,72,NULL,'2016-03-30 22:14:46',NULL),(989,3925,462,84,87,NULL,'2016-03-30 22:15:38',NULL),(990,3926,463,21,28,NULL,'2016-03-31 12:53:20',NULL),(991,3926,464,0,268,NULL,'2016-03-31 12:54:13',NULL),(992,3926,465,114,129,NULL,'2016-03-31 12:59:01',NULL),(993,3926,465,238,243,NULL,'2016-03-31 13:00:24',NULL),(994,3920,294,13,25,NULL,'2016-03-31 23:37:42',NULL),(995,3920,202,90,108,NULL,'2016-03-31 23:40:16',NULL),(996,3920,294,141,214,NULL,'2016-03-31 23:41:45',NULL),(997,3927,293,63,188,NULL,'2016-04-01 12:44:56',NULL),(998,3928,12,0,255,NULL,'2016-04-01 18:21:35',NULL),(999,3929,294,0,222,NULL,'2016-04-01 18:27:06',NULL),(1000,3930,456,0,200,NULL,'2016-04-01 21:13:20',NULL),(1001,3931,479,0,171,NULL,'2016-07-15 08:28:37',NULL),(1002,3932,467,0,206,NULL,'2016-04-01 21:36:21',NULL),(1003,3925,456,33,36,NULL,'2016-04-02 08:38:12',NULL),(1004,3925,468,170,183,NULL,'2016-04-02 08:51:40',NULL),(1005,3933,613,0,333,NULL,'2016-08-02 06:30:44',NULL),(1006,3934,307,0,245,NULL,'2016-04-02 11:42:03',NULL),(1007,3935,469,4,261,NULL,'2016-04-02 11:47:01',NULL),(1008,3936,470,0,491,NULL,'2016-04-02 23:46:13',NULL),(1010,3936,456,198,210,NULL,'2016-04-02 23:50:35',NULL),(1012,3937,25,0,284,NULL,'2016-04-03 09:44:44',NULL),(1013,3937,93,3,70,NULL,'2016-04-03 09:48:35',NULL),(1014,3937,93,255,279,NULL,'2016-04-03 09:49:58',NULL),(1019,3939,17,0,237,NULL,'2016-04-04 21:42:48',NULL),(1020,3940,17,0,261,NULL,'2016-04-04 21:45:55',NULL),(1021,3941,17,0,201,NULL,'2016-04-04 21:50:35',NULL),(1022,3942,17,115,118,NULL,'2016-04-04 22:00:02',NULL),(1023,3942,17,122,125,NULL,'2016-04-04 22:01:01',NULL),(1024,3942,17,176,178,NULL,'2016-04-04 22:15:31',NULL),(1025,3943,17,16,34,NULL,'2016-04-04 23:08:59',NULL),(1026,3943,17,41,71,NULL,'2016-04-04 23:10:19',NULL),(1027,3943,17,96,105,NULL,'2016-04-04 23:10:55',NULL),(1028,3943,17,117,179,NULL,'2016-04-04 23:13:01',NULL),(1029,3943,17,202,215,NULL,'2016-04-04 23:16:59',NULL),(1030,3943,17,238,247,NULL,'2016-04-04 23:19:13',NULL),(1031,3944,17,0,215,NULL,'2016-04-04 23:31:17',NULL),(1032,3945,17,0,221,NULL,'2016-04-04 23:37:14',NULL),(1033,3946,17,0,247,NULL,'2016-04-04 23:43:50',NULL),(1034,3910,472,0,254,NULL,'2016-04-05 10:08:35',NULL),(1035,3933,472,0,333,NULL,'2016-04-05 10:10:01',NULL),(1036,3948,472,0,225,NULL,'2016-04-06 00:06:32',NULL),(1041,3949,194,0,194,NULL,'2016-04-06 21:21:11',NULL),(1042,3950,475,0,180,NULL,'2016-04-06 22:21:17',NULL),(1043,3951,476,0,243,NULL,'2016-04-06 22:26:18',NULL),(1044,3952,313,0,277,NULL,'2016-04-06 23:00:43',NULL),(1048,3953,479,20,316,NULL,'2016-07-15 08:28:42',NULL),(1049,3908,452,0,301,NULL,'2016-04-08 08:44:33',NULL),(1050,3929,294,182,222,NULL,'2016-04-09 11:06:05',NULL),(1051,3954,477,0,198,NULL,'2016-04-09 19:00:18',NULL),(1052,3954,478,6,17,NULL,'2016-04-09 19:01:44',NULL),(1055,3958,479,0,371,NULL,'2016-04-11 19:42:04',NULL),(1056,3962,613,21,26,NULL,'2016-08-02 06:30:44',NULL),(1057,3907,480,0,216,NULL,'2016-04-14 15:13:13',NULL),(1058,3966,56,0,224,NULL,'2016-04-18 07:13:42',NULL),(1061,3967,348,0,222,NULL,'2016-04-18 21:49:40',NULL),(1062,3967,481,111,114,NULL,'2016-04-18 22:06:45',NULL),(1088,3995,93,0,383,NULL,'2016-04-22 23:05:48',NULL),(1089,3996,447,0,557,NULL,'2016-04-22 23:38:16',NULL),(1090,3997,492,260,308,NULL,'2016-04-22 23:48:39',NULL),(1094,4006,56,0,223,NULL,'2016-04-24 08:58:46',NULL),(1095,4006,496,0,223,NULL,'2016-04-24 08:59:25',NULL),(1102,4010,56,0,237,NULL,'2016-04-24 16:50:02',NULL),(1103,4010,502,0,237,NULL,'2016-04-24 16:50:21',NULL),(1104,4011,503,0,216,NULL,'2016-04-24 16:54:25',NULL),(1105,4011,433,0,216,NULL,'2016-04-24 16:54:35',NULL),(1106,4011,504,0,216,NULL,'2016-04-24 16:55:07',NULL),(1173,4051,540,77,203,NULL,'2016-05-01 20:33:13',NULL),(1179,4074,543,64,67,NULL,'2016-05-08 15:14:44',NULL),(1180,4075,544,107,112,NULL,'2016-05-09 12:15:01',NULL),(1181,4075,542,63,69,NULL,'2016-05-09 12:16:07',NULL),(1182,4076,122,0,309,NULL,'2016-05-11 10:16:52',NULL),(1183,4077,65,0,186,NULL,'2016-05-11 10:20:37',NULL),(1184,4077,122,74,79,NULL,'2016-05-11 10:23:12',NULL),(1185,4078,122,0,182,NULL,'2016-05-11 10:25:18',NULL),(1186,4079,122,0,283,NULL,'2016-05-11 10:27:34',NULL),(1187,4080,122,93,94,NULL,'2016-05-11 15:52:01',NULL),(1194,4083,122,74,75,NULL,'2016-05-11 20:42:17',NULL),(1195,4083,56,31,42,NULL,'2016-05-11 20:45:58',NULL),(1197,4086,56,0,234,NULL,'2016-05-14 17:28:30',NULL),(1198,4087,547,153,156,NULL,'2016-05-15 10:13:38',NULL),(1199,4088,224,0,304,NULL,'2016-05-15 10:32:08',NULL),(1200,4089,224,0,228,NULL,'2016-05-15 20:18:03',NULL),(1201,4090,463,0,229,NULL,'2016-05-15 20:43:21',NULL),(1202,4091,515,0,211,NULL,'2016-05-15 22:06:59',NULL),(1203,4092,481,222,239,NULL,'2016-05-15 22:28:56',NULL),(1204,4093,481,122,133,NULL,'2016-05-15 22:32:14',NULL),(1205,4094,481,43,45,NULL,'2016-05-15 22:45:57',NULL),(1206,4095,481,144,146,NULL,'2016-05-16 23:18:53',NULL),(1207,3967,268,95,97,NULL,'2016-05-17 07:53:05',NULL),(1208,3967,266,97,98,NULL,'2016-05-17 07:53:40',NULL),(1209,3967,287,98,100,NULL,'2016-05-17 07:54:57',NULL),(1210,4096,481,16,22,NULL,'2016-05-17 07:59:04',NULL),(1245,4130,197,86,98,NULL,'2016-07-11 16:43:10',NULL),(1246,4131,197,0,179,NULL,'2016-07-11 16:52:20',NULL),(1248,4132,197,32,122,NULL,'2016-07-12 14:25:04',NULL),(1249,4133,197,100,115,NULL,'2016-07-12 14:29:04',NULL),(1250,4135,197,0,254,NULL,'2016-07-12 14:38:03',NULL),(1251,4136,197,79,248,NULL,'2016-07-12 14:42:30',NULL),(1252,4137,197,133,165,NULL,'2016-07-12 14:48:45',NULL),(1253,4138,197,96,214,NULL,'2016-07-12 14:56:52',NULL),(1254,4139,566,80,114,NULL,'2016-07-12 17:31:54',NULL),(1255,4139,464,114,190,NULL,'2016-07-12 17:33:47',NULL),(1256,4140,197,133,174,NULL,'2016-07-13 13:00:33',NULL),(1257,4134,197,82,167,NULL,'2016-07-13 19:14:36',NULL),(1258,4141,197,120,140,NULL,'2016-07-13 19:30:02',NULL),(1259,4141,197,219,235,NULL,'2016-07-13 19:30:57',NULL),(1260,4142,197,0,201,NULL,'2016-07-13 19:53:50',NULL),(1261,4143,197,0,222,NULL,'2016-07-13 20:02:24',NULL),(1262,4144,197,211,215,NULL,'2016-07-13 20:07:11',NULL),(1263,4145,197,20,125,NULL,'2016-07-13 20:12:41',NULL),(1264,4145,17,13,19,NULL,'2016-07-13 20:15:40',NULL),(1265,4146,567,0,103,NULL,'2016-07-13 20:33:05',NULL),(1266,4146,197,98,101,NULL,'2016-07-13 20:34:11',NULL),(1267,4147,197,0,34,NULL,'2016-07-13 20:52:07',NULL),(1268,4148,197,0,222,NULL,'2016-07-13 21:29:31',NULL),(1269,4149,356,44,54,NULL,'2016-07-13 22:03:30',NULL),(1271,4153,569,22,319,NULL,'2016-07-15 08:13:59',NULL),(1272,4153,570,102,319,NULL,'2016-07-15 08:22:52',NULL),(1273,4152,197,133,171,NULL,'2016-07-15 08:38:19',NULL),(1274,4152,470,102,124,NULL,'2016-07-15 08:36:36',NULL),(1275,4154,51,0,240,NULL,'2016-07-15 09:45:25',NULL),(1276,4154,56,217,235,NULL,'2016-07-15 09:49:38',NULL),(1277,4155,572,0,45,NULL,'2016-07-15 09:54:18',NULL),(1278,4156,573,4,37,NULL,'2016-07-15 11:45:12',NULL),(1279,4156,573,90,114,NULL,'2016-07-15 11:46:14',NULL),(1280,4156,573,195,217,NULL,'2016-07-15 11:47:55',NULL),(1281,4157,503,31,41,NULL,'2016-07-15 12:59:29',NULL),(1282,4157,503,52,160,NULL,'2016-07-15 13:02:43',NULL),(1283,4158,503,0,278,NULL,'2016-07-15 13:26:22',NULL),(1284,4159,503,0,221,NULL,'2016-07-15 13:34:13',NULL),(1285,4160,503,0,38,NULL,'2016-07-15 13:35:50',NULL),(1286,4160,503,205,258,NULL,'2016-07-15 13:36:36',NULL),(1287,4161,574,20,213,NULL,'2016-07-15 14:03:57',NULL),(1288,4162,575,0,246,NULL,'2016-07-15 23:17:01',NULL),(1289,4163,576,0,280,NULL,'2016-07-17 00:59:58',NULL),(1290,3851,576,8,27,NULL,'2016-07-17 01:04:23',NULL),(1291,4164,577,104,176,NULL,'2016-07-17 09:17:51',NULL),(1292,4164,578,64,66,NULL,'2016-07-17 09:22:12',NULL),(1293,4165,579,0,272,NULL,'2016-07-17 20:05:53',NULL),(1294,4166,580,0,233,NULL,'2016-07-17 20:32:57',NULL),(1295,4167,341,61,68,NULL,'2016-07-18 08:54:41',NULL),(1296,4167,356,77,93,NULL,'2016-07-18 08:55:49',NULL),(1297,4167,581,144,163,NULL,'2016-07-18 09:00:17',NULL),(1298,4167,582,247,312,NULL,'2016-07-18 09:03:03',NULL),(1299,4168,583,0,77,NULL,'2016-07-18 18:21:22',NULL),(1300,4168,343,130,132,NULL,'2016-07-18 18:37:55',NULL),(1301,4168,584,137,151,NULL,'2016-07-18 18:44:53',NULL),(1302,4169,584,15,21,NULL,'2016-07-19 13:56:05',NULL),(1303,4169,575,20,26,NULL,'2016-07-19 13:56:48',NULL),(1304,4169,585,26,30,NULL,'2016-07-19 13:57:24',NULL),(1305,4169,586,41,49,NULL,'2016-07-19 14:00:11',NULL),(1306,4170,294,0,212,NULL,'2016-07-21 09:37:10',NULL),(1307,4171,587,0,9,NULL,'2016-07-21 10:10:15',NULL),(1308,4171,472,9,200,NULL,'2016-07-21 10:10:40',NULL),(1312,4176,590,0,243,NULL,'2016-07-21 18:39:36',NULL),(1317,4144,592,0,263,NULL,'2016-07-21 19:11:15',NULL),(1326,4210,480,0,222,NULL,'2016-07-22 05:41:03',NULL),(1327,4211,594,0,234,NULL,'2016-07-22 07:48:12',NULL),(1329,4212,595,0,228,NULL,'2016-07-22 09:29:09',NULL),(1330,3996,596,0,557,NULL,'2016-07-22 09:30:27',NULL),(1344,4215,600,98,100,NULL,'2016-07-23 22:16:23',NULL),(1345,4215,600,189,191,NULL,'2016-07-23 22:17:47',NULL),(1349,4219,604,0,233,NULL,'2016-07-24 10:36:47',NULL),(1350,4220,197,22,51,NULL,'2016-07-24 10:44:40',NULL),(1351,3876,605,0,176,NULL,'2016-07-24 14:48:59',NULL),(1352,4139,606,0,199,NULL,'2016-07-24 18:15:00',NULL),(1353,4221,606,0,286,NULL,'2016-07-24 18:15:32',NULL),(1354,4222,606,0,186,NULL,'2016-07-24 21:26:49',NULL),(1355,4223,606,0,246,NULL,'2016-07-24 21:55:43',NULL),(1356,4224,606,0,246,NULL,'2016-07-24 21:56:40',NULL),(1357,4225,607,0,224,NULL,'2016-07-25 14:58:54',NULL),(1358,4226,607,0,347,NULL,'2016-07-25 14:59:21',NULL),(1359,4227,607,0,222,NULL,'2016-07-25 15:02:45',NULL),(1360,4227,608,181,189,NULL,'2016-07-25 15:05:05',NULL),(1361,4228,609,59,62,NULL,'2016-07-25 15:11:29',NULL),(1362,4229,610,45,62,NULL,'2016-07-25 15:26:08',NULL),(1363,4230,480,0,189,NULL,'2016-07-26 14:26:11',NULL),(1364,4231,480,0,213,NULL,'2016-07-28 15:13:59',NULL),(1365,4232,611,0,209,NULL,'2016-07-29 11:39:05',NULL),(1366,4232,612,37,43,NULL,'2016-07-29 11:45:04',NULL),(1367,4233,613,8,156,NULL,'2016-07-30 08:38:35',NULL),(1368,4234,613,26,207,NULL,'2016-07-30 10:57:27',NULL),(1369,4236,480,0,259,NULL,'2016-08-01 06:19:55',NULL),(1371,4237,480,0,262,NULL,'2016-08-01 07:48:07',NULL),(1373,4237,614,103,107,NULL,'2016-08-01 08:43:06',NULL),(1374,4238,51,0,80,NULL,'2016-08-01 14:56:18',NULL),(1375,4239,581,0,243,NULL,'2016-08-02 13:58:26',NULL),(1376,4239,615,30,32,NULL,'2016-08-04 06:42:26',NULL),(1377,4240,454,0,322,NULL,'2016-08-04 07:23:31',NULL),(1378,4240,197,0,322,NULL,'2016-08-04 07:23:46',NULL),(1379,4241,616,20,50,NULL,'2016-08-04 07:36:50',NULL),(1380,4242,617,2,5,NULL,'2016-08-04 07:50:48',NULL),(1381,4243,618,0,25,NULL,'2016-08-04 08:00:41',NULL),(1382,4244,480,20,262,NULL,'2016-08-04 15:33:34',NULL),(1383,4245,480,0,243,NULL,'2016-08-05 07:19:12',NULL),(1384,4236,619,122,248,NULL,'2016-08-06 20:08:01',NULL),(1385,4246,620,0,198,NULL,'2016-08-08 07:32:40',NULL),(1386,4247,197,0,177,NULL,'2016-08-09 20:08:07',NULL),(1387,4248,476,0,231,NULL,'2016-08-09 20:16:25',NULL),(1388,4250,621,14,20,NULL,'2016-08-21 10:12:53',NULL),(1389,4251,201,0,216,NULL,'2016-08-21 10:55:47',NULL),(1390,4251,622,0,216,NULL,'2016-08-21 10:56:11',NULL),(1391,4252,623,0,235,NULL,'2016-08-21 11:04:17',NULL),(1392,4252,624,0,235,NULL,'2016-08-21 11:08:41',NULL),(1393,4253,433,0,240,NULL,'2016-08-22 09:06:07',NULL),(1394,4253,625,0,240,NULL,'2016-08-22 09:06:25',NULL),(1395,4254,612,0,254,NULL,'2016-08-22 14:57:06',NULL),(1396,4254,626,0,42,NULL,'2016-08-22 14:57:51',NULL),(1397,4255,480,0,184,NULL,'2016-08-22 16:13:33',NULL),(1401,4257,480,0,212,NULL,'2016-08-22 16:27:32',NULL),(1402,4254,197,232,249,NULL,'2016-08-22 19:54:40',NULL),(1403,4256,630,0,269,NULL,'2016-08-22 20:24:57',NULL),(1404,4258,631,0,243,NULL,'2016-08-23 07:59:20',NULL),(1405,4259,461,0,234,NULL,'2016-08-23 08:08:13',NULL),(1406,4260,581,0,219,NULL,'2016-08-23 08:25:58',NULL),(1407,4261,294,0,214,NULL,'2016-08-23 09:33:16',NULL),(1408,4262,373,0,209,NULL,'2016-08-23 12:28:25',NULL),(1409,4262,98,0,209,NULL,'2016-08-23 12:28:33',NULL),(1410,4263,632,0,195,NULL,'2016-08-24 08:10:01',NULL),(1411,4263,633,0,195,NULL,'2016-08-24 08:10:24',NULL),(1412,4263,634,0,195,NULL,'2016-08-24 08:12:12',NULL),(1413,4265,635,0,213,NULL,'2016-08-24 13:18:31',NULL),(1414,4263,636,0,195,NULL,'2016-08-24 17:12:21',NULL),(1415,4266,612,0,221,NULL,'2016-08-24 19:25:51',NULL),(1416,4267,637,0,207,NULL,'2016-08-24 19:29:51',NULL),(1417,4268,197,0,166,NULL,'2016-08-24 19:34:44',NULL),(1418,4269,56,0,253,NULL,'2016-08-26 08:55:53',NULL),(1419,4269,638,0,253,NULL,'2016-08-26 08:58:06',NULL),(1420,4269,639,0,253,NULL,'2016-08-26 09:01:06',NULL),(1421,4269,640,0,253,NULL,'2016-08-26 09:45:13',NULL),(1422,4270,640,0,145,NULL,'2016-08-26 09:47:15',NULL),(1448,4256,641,26,28,NULL,'2016-08-29 12:20:59',NULL),(1457,4256,642,43,46,NULL,'2016-08-29 12:55:26',NULL),(1460,4256,628,64,67,NULL,'2016-08-29 12:57:18',NULL),(1462,4256,643,150,153,NULL,'2016-08-29 13:07:18',NULL),(1464,4256,629,138,141,NULL,'2016-08-29 13:35:05',NULL),(1465,4256,627,162,165,NULL,'2016-08-29 13:50:47',NULL),(1473,4271,480,0,192,NULL,'2016-08-29 16:09:04',NULL),(1474,4272,433,0,295,NULL,'2016-08-31 06:58:14',NULL),(1475,4272,644,0,295,NULL,'2016-08-31 07:03:53',NULL),(1476,4272,645,0,295,NULL,'2016-08-31 07:04:04',NULL),(1477,4272,646,0,295,NULL,'2016-08-31 07:04:14',NULL),(1478,4272,647,0,295,NULL,'2016-08-31 07:09:53',NULL),(1479,4273,648,0,218,NULL,'2016-09-01 07:13:47',NULL),(1480,4274,649,0,238,NULL,'2016-09-01 12:30:10',NULL),(1484,4276,651,0,433,NULL,'2016-09-06 05:17:34',NULL),(1485,4276,652,0,433,NULL,'2016-09-06 05:31:43',NULL),(1486,4276,56,0,433,NULL,'2016-09-06 05:31:51',NULL),(1493,4278,651,0,416,NULL,'2016-09-06 08:09:40',NULL),(1495,4278,434,314,357,NULL,'2016-09-06 08:12:57',NULL),(1496,4278,650,357,371,NULL,'2016-09-06 08:14:17',NULL),(1498,4278,434,386,408,NULL,'2016-09-06 08:15:38',NULL),(1500,4278,653,158,187,NULL,'2016-09-06 08:19:36',NULL),(1501,4276,650,89,136,NULL,'2016-09-06 08:35:16',NULL),(1502,4276,650,147,157,NULL,'2016-09-06 08:36:30',NULL),(1503,4276,650,347,385,NULL,'2016-09-06 08:37:55',NULL),(1504,4279,650,105,108,NULL,'2016-09-06 09:09:08',NULL),(1505,4280,650,126,129,NULL,'2016-09-06 09:16:09',NULL),(1506,4280,650,138,155,NULL,'2016-09-06 09:17:03',NULL),(1509,4281,650,83,90,NULL,'2016-09-06 09:23:36',NULL),(1511,4282,654,0,294,NULL,'2016-09-08 08:18:33',NULL),(1513,4283,613,0,333,NULL,'2016-09-10 17:03:37',NULL),(1514,4284,434,0,251,NULL,'2016-09-11 08:52:40',NULL),(1515,4286,655,0,275,NULL,'2016-09-13 07:38:04',NULL),(1516,4287,656,123,126,NULL,'2016-09-13 08:27:05',NULL),(1517,4287,656,130,133,NULL,'2016-09-13 08:27:43',NULL),(1518,4287,656,160,164,NULL,'2016-09-13 08:28:54',NULL),(1520,4288,356,0,416,NULL,'2016-09-13 09:00:04',NULL),(1525,4290,197,0,261,NULL,'2016-09-13 15:32:32',NULL),(1526,4289,657,41,56,NULL,'2016-09-17 12:09:53',NULL),(1528,4289,356,66,103,NULL,'2016-09-17 13:06:22',NULL),(1530,4289,340,79,33,NULL,'2016-09-17 13:08:10',NULL),(1532,4289,584,79,17,NULL,'2016-09-17 13:08:39',NULL),(1534,4291,613,0,222,NULL,'2016-09-18 22:45:31',NULL),(1535,4291,658,0,222,NULL,'2016-09-18 22:46:19',NULL),(1536,4292,659,13,16,NULL,'2016-09-19 14:35:39',NULL),(1538,4292,660,34,36,NULL,'2016-09-19 14:37:03',NULL),(1540,4292,661,0,197,NULL,'2016-09-19 14:39:17',NULL),(1541,4293,659,0,243,NULL,'2016-09-20 14:01:28',NULL),(1542,4294,662,0,351,NULL,'2016-09-23 09:40:28',NULL),(1543,4295,663,0,172,NULL,'2016-09-23 09:58:50',NULL),(1544,4297,339,0,255,NULL,'2016-09-23 10:44:46',NULL),(1545,4298,339,0,302,NULL,'2016-09-23 10:48:30',NULL),(1546,4299,662,0,326,NULL,'2016-09-23 10:56:20',NULL),(1547,4300,355,0,204,NULL,'2016-09-27 09:29:54',NULL),(1548,4302,480,0,220,NULL,'2016-09-30 10:58:40',NULL),(1549,4303,480,0,207,NULL,'2016-10-02 00:41:13',NULL),(1550,4304,664,0,261,NULL,'2016-10-02 19:41:20',NULL),(1551,4306,457,222,247,NULL,'2016-10-02 21:27:31',NULL),(1553,4307,581,0,230,NULL,'2016-10-03 10:34:17',NULL),(1555,4308,433,0,189,NULL,'2016-10-06 12:40:06',NULL),(1557,4309,480,0,193,NULL,'2016-10-06 20:44:45',NULL),(1558,4310,665,0,172,NULL,'2016-10-07 21:55:23',NULL),(1559,4311,665,0,190,NULL,'2016-10-07 22:00:03',NULL),(1560,4312,665,0,287,NULL,'2016-10-07 22:07:13',NULL),(1561,4313,666,0,241,NULL,'2016-10-07 22:14:09',NULL),(1562,4314,666,0,299,NULL,'2016-10-07 22:15:30',NULL),(1563,4315,667,0,258,NULL,'2016-10-18 22:18:27',NULL),(1564,4315,668,0,258,NULL,'2016-10-18 22:18:51',NULL),(1565,4316,669,0,346,NULL,'2016-10-18 23:07:50',NULL),(1566,4317,651,97,102,NULL,'2016-10-27 07:06:18',NULL),(1568,4317,670,149,173,NULL,'2016-10-27 07:09:28',NULL),(1570,4317,671,0,196,NULL,'2016-10-27 07:11:39',NULL),(1571,4318,202,0,287,NULL,'2016-10-27 21:25:10',NULL),(1572,4095,481,157,159,NULL,'2016-11-12 12:48:25',NULL),(1573,4319,542,13,18,NULL,'2016-11-12 14:05:47',NULL),(1574,4319,672,0,190,NULL,'2016-11-12 15:04:59',NULL),(1575,4319,356,68,71,NULL,'2016-11-12 15:07:41',NULL),(1576,4319,356,120,125,NULL,'2016-11-12 15:09:24',NULL),(1577,4319,673,0,190,NULL,'2016-11-12 15:23:57',NULL),(1578,4320,674,0,172,NULL,'2016-11-12 15:55:29',NULL),(1579,4321,197,0,171,NULL,'2016-11-12 15:57:30',NULL),(1580,4321,480,0,171,NULL,'2016-11-12 15:57:38',NULL),(1581,4323,25,0,294,NULL,'2016-11-14 15:07:27',NULL),(1582,4324,480,0,178,NULL,'2016-11-14 16:55:55',NULL),(1583,4325,480,0,232,NULL,'2016-11-14 16:59:04',NULL),(1584,4326,480,0,191,NULL,'2016-11-14 17:02:53',NULL),(1585,4327,480,0,224,NULL,'2016-11-14 17:04:08',NULL),(1586,4328,675,225,261,NULL,'2016-11-27 17:10:37',NULL),(1587,4329,676,NULL,NULL,NULL,'2018-07-24 22:36:50',NULL),(1588,4329,677,NULL,NULL,NULL,'2018-07-24 22:36:50',NULL),(1589,4329,678,NULL,NULL,NULL,'2018-07-24 22:36:50',NULL),(1590,4329,98,NULL,NULL,NULL,'2018-07-24 22:36:50',NULL),(1591,4329,547,NULL,NULL,NULL,'2018-07-24 22:36:50',NULL),(1592,4330,679,0,275,NULL,'2016-12-15 06:46:59',NULL),(1593,4331,433,0,253,NULL,'2016-12-15 06:55:45',NULL),(1594,4331,680,0,253,NULL,'2016-12-15 06:57:12',NULL),(1595,4332,681,0,278,NULL,'2016-12-16 06:58:16',NULL),(1596,4332,682,0,278,NULL,'2016-12-16 07:26:36',NULL),(1597,4333,93,0,279,NULL,'2016-12-24 14:20:34',NULL),(1598,4333,683,138,148,NULL,'2016-12-24 14:27:57',NULL),(1599,4334,684,0,250,NULL,'2017-01-01 11:30:29',NULL),(1600,4335,684,0,268,NULL,'2017-01-01 11:33:34',NULL),(1601,4336,684,0,246,NULL,'2017-01-01 12:05:39',NULL),(1602,4337,684,0,263,NULL,'2017-01-01 12:11:06',NULL),(1603,4338,684,0,215,NULL,'2017-01-01 12:15:09',NULL),(1604,4339,684,0,266,NULL,'2017-01-01 12:16:25',NULL),(1605,4340,684,0,241,NULL,'2017-01-01 12:18:11',NULL),(1606,4341,684,0,208,NULL,'2017-01-01 12:20:11',NULL),(1607,4342,684,0,277,NULL,'2017-01-01 12:22:54',NULL),(1608,4343,684,0,200,NULL,'2017-01-01 12:56:07',NULL),(1609,4344,684,0,199,NULL,'2017-01-01 12:59:16',NULL),(1610,4345,480,0,236,NULL,'2017-01-22 19:29:51',NULL),(1611,4346,433,0,197,NULL,'2017-01-22 19:32:54',NULL),(1612,4346,685,57,197,NULL,'2017-01-22 19:39:48',NULL),(1613,4347,686,0,221,NULL,'2017-02-04 12:19:02',NULL),(1614,4244,687,0,262,NULL,'2017-02-16 07:54:06',NULL),(1615,4348,688,0,247,NULL,'2017-02-16 14:28:11',NULL),(1616,4349,480,0,209,NULL,'2017-02-17 21:44:43',NULL),(1617,4350,689,0,254,NULL,'2017-02-22 07:28:25',NULL),(1618,4351,480,0,229,NULL,'2017-02-22 07:30:49',NULL),(1619,4352,690,0,146,NULL,'2017-02-23 10:37:46',NULL),(1620,4353,690,0,209,NULL,'2017-02-23 12:28:09',NULL),(1621,4354,690,0,268,NULL,'2017-02-23 12:32:40',NULL),(1623,4355,56,0,328,NULL,'2017-02-25 09:04:30',NULL),(1624,4355,691,58,140,NULL,'2017-02-25 09:06:52',NULL),(1625,4356,692,0,8,NULL,'2017-02-28 20:02:13',NULL),(1626,4357,480,0,248,NULL,'2017-03-13 22:10:25',NULL),(1627,4358,202,0,241,NULL,'2017-03-13 22:13:12',NULL),(1628,4358,693,0,241,NULL,'2017-03-13 22:14:26',NULL),(1629,4359,343,0,260,NULL,'2017-03-19 13:31:03',NULL),(1630,4360,434,0,213,NULL,'2017-03-23 21:20:44',NULL),(1631,4361,613,0,217,NULL,'2017-03-23 21:55:42',NULL),(1632,4362,656,146,150,NULL,'2017-03-26 21:38:03',NULL),(1633,4363,694,0,191,NULL,'2017-03-30 07:13:28',NULL),(1634,4364,201,0,190,NULL,'2017-03-30 09:05:50',NULL),(1635,4364,294,0,190,NULL,'2017-03-30 09:05:58',NULL),(1636,4365,695,0,171,NULL,'2017-04-09 07:44:47',NULL),(1637,4365,6,135,171,NULL,'2017-04-09 07:50:23',NULL),(1638,4366,346,0,180,NULL,'2017-04-09 19:02:23',NULL),(1639,4367,480,0,208,NULL,'2017-04-09 19:09:34',NULL),(1640,4368,669,25,239,NULL,'2017-04-09 19:18:55',NULL),(1641,4368,696,0,239,NULL,'2018-07-21 03:34:20',NULL),(1642,4369,697,0,191,NULL,'2017-04-09 20:49:11',NULL),(1643,4370,697,0,271,NULL,'2017-04-09 20:52:55',NULL),(1644,4371,98,0,309,NULL,'2017-04-10 19:44:21',NULL),(1645,4372,575,0,182,NULL,'2017-04-10 20:23:55',NULL),(1646,4373,698,338,390,NULL,'2017-04-10 20:28:21',NULL),(1647,4374,699,0,213,NULL,'2017-04-11 21:13:46',NULL),(1648,4374,356,0,213,NULL,'2017-04-11 21:16:14',NULL),(1649,4375,700,0,185,NULL,'2017-04-12 19:42:38',NULL),(1650,4376,701,0,184,NULL,'2017-04-12 19:52:03',NULL),(1651,4376,702,0,184,NULL,'2017-04-12 19:54:29',NULL),(1652,4377,703,0,215,NULL,'2017-04-13 18:37:09',NULL),(1653,4377,699,0,215,NULL,'2017-04-13 18:37:22',NULL),(1654,4377,704,0,215,NULL,'2017-04-13 18:39:46',NULL),(1655,4377,356,0,215,NULL,'2017-04-13 18:40:22',NULL),(1656,4377,294,0,215,NULL,'2017-04-13 18:42:11',NULL),(1657,4378,307,0,175,NULL,'2017-04-14 06:51:47',NULL),(1658,4379,705,0,219,NULL,'2017-04-26 14:22:14',NULL),(1659,4381,446,0,285,NULL,'2017-05-14 07:12:10',NULL),(1660,4382,613,0,238,NULL,'2017-06-25 00:44:56',NULL),(1661,4161,51,0,216,NULL,'2017-06-26 12:19:24',NULL),(1662,4161,675,0,216,NULL,'2017-06-26 12:19:36',NULL),(1663,4383,706,0,171,NULL,'2017-06-27 07:16:30',NULL),(1664,4384,456,0,193,NULL,'2017-07-07 15:19:05',NULL),(1665,4385,17,212,218,NULL,'2017-07-10 07:45:14',NULL),(1666,4386,348,0,283,NULL,'2017-07-10 07:54:50',NULL),(1667,4387,348,0,192,NULL,'2017-07-10 14:34:19',NULL),(1668,4387,707,0,192,NULL,'2017-07-10 14:34:26',NULL),(1669,4388,454,0,229,NULL,'2017-07-10 14:43:44',NULL),(1670,4389,708,0,205,NULL,'2017-07-10 15:01:50',NULL),(1671,4390,709,176,186,NULL,'2017-07-11 19:59:48',NULL),(1672,4391,710,0,284,NULL,'2017-07-13 05:52:40',NULL),(1673,4392,711,0,195,NULL,'2017-07-16 11:54:19',NULL),(1674,4393,356,0,227,NULL,'2017-07-16 12:03:46',NULL),(1675,4393,480,0,227,NULL,'2017-07-16 13:25:36',NULL),(1676,4394,712,0,261,NULL,'2017-07-16 13:57:36',NULL),(1677,4395,712,0,250,NULL,'2017-07-16 14:04:22',NULL),(1678,4396,343,0,247,NULL,'2017-07-16 14:11:02',NULL),(1679,4397,693,0,222,NULL,'2017-07-16 14:16:19',NULL),(1680,4397,712,0,222,NULL,'2017-07-16 14:16:27',NULL),(1681,4398,712,0,202,NULL,'2017-07-16 14:20:45',NULL),(1682,4399,712,0,224,NULL,'2017-07-16 17:13:58',NULL),(1683,4400,712,0,218,NULL,'2017-07-16 17:26:59',NULL),(1684,4394,713,76,78,NULL,'2017-07-18 18:34:03',NULL),(1686,4394,655,170,212,NULL,'2017-07-18 18:40:09',NULL),(1688,4401,278,33,36,NULL,'2017-07-18 18:51:16',NULL),(1690,4401,714,39,42,NULL,'2017-07-18 18:52:38',NULL),(1695,4401,715,0,254,NULL,'2017-07-18 19:42:02',NULL),(1696,4401,716,192,195,NULL,'2017-07-18 19:44:27',NULL),(1698,4402,717,0,200,NULL,'2017-07-19 14:02:43',NULL),(1699,4403,718,0,238,NULL,'2017-07-19 14:38:59',NULL),(1700,4403,719,0,238,NULL,'2017-07-19 14:39:08',NULL),(1701,4404,613,0,539,NULL,'2017-11-26 17:12:42',NULL),(1702,4405,613,0,260,NULL,'2017-11-26 17:12:48',NULL),(1703,4406,461,0,382,NULL,'2017-07-22 14:08:29',NULL),(1704,4407,721,0,235,NULL,'2017-07-23 13:36:22',NULL),(1705,4407,722,0,235,NULL,'2017-07-23 13:36:50',NULL),(1706,4408,723,32,33,NULL,'2017-07-23 16:14:32',NULL),(1707,4408,718,39,44,NULL,'2017-07-23 16:17:56',NULL),(1708,4408,724,0,248,NULL,'2017-07-23 16:48:53',NULL),(1709,4408,725,0,248,NULL,'2017-07-23 16:49:15',NULL),(1710,4409,721,0,209,NULL,'2017-07-23 19:30:18',NULL),(1711,4410,612,0,176,NULL,'2017-07-23 19:44:00',NULL),(1712,4411,726,185,186,NULL,'2017-07-24 14:49:39',NULL),(1714,4411,727,41,42,NULL,'2017-07-25 07:42:29',NULL),(1715,4411,728,41,42,NULL,'2017-07-25 07:44:34',NULL),(1716,4411,729,42,43,NULL,'2017-07-25 07:48:02',NULL),(1717,4411,730,0,257,NULL,'2017-07-25 07:53:18',NULL),(1718,4412,731,0,285,NULL,'2017-07-25 23:03:12',NULL),(1719,4412,732,0,285,NULL,'2017-07-25 23:03:30',NULL),(1720,4413,733,47,48,NULL,'2017-07-29 19:21:05',NULL),(1721,4413,734,61,63,NULL,'2017-07-29 19:28:31',NULL),(1722,4413,735,0,166,NULL,'2017-07-29 19:32:27',NULL),(1723,4413,736,0,166,NULL,'2017-07-29 19:32:37',NULL),(1724,4414,735,0,211,NULL,'2017-07-29 19:41:41',NULL),(1725,4414,724,0,211,NULL,'2017-07-29 19:41:53',NULL),(1726,4415,735,0,287,NULL,'2017-07-29 19:52:46',NULL),(1727,4415,737,120,123,NULL,'2017-07-29 19:55:14',NULL),(1728,4416,542,0,262,NULL,'2017-07-31 13:04:07',NULL),(1729,4417,737,133,135,NULL,'2017-07-31 14:42:55',NULL),(1730,4418,456,0,252,NULL,'2017-08-07 23:15:46',NULL),(1731,4420,738,0,219,NULL,'2017-08-20 10:54:47',NULL),(1732,4421,739,0,289,NULL,'2017-08-20 11:05:01',NULL),(1733,4422,740,22,31,NULL,'2017-08-20 11:18:56',NULL),(1734,4423,741,0,286,NULL,'2017-08-23 21:10:35',NULL),(1735,4427,480,0,215,NULL,'2017-08-27 15:55:06',NULL),(1736,4428,742,0,209,NULL,'2017-08-30 12:57:23',NULL),(1737,3926,369,0,268,NULL,'2017-08-30 13:33:03',NULL),(1738,3858,743,0,248,NULL,'2017-08-30 13:38:11',NULL),(1739,4428,683,80,87,NULL,'2017-08-30 18:17:34',NULL),(1740,4368,668,NULL,NULL,NULL,'2018-07-22 22:41:06',NULL),(1741,4368,197,41,58,NULL,'2017-08-31 21:22:28',NULL),(1742,4368,744,171,173,NULL,'2017-08-31 21:27:35',NULL),(1743,4368,745,173,175,NULL,'2017-08-31 21:34:38',NULL),(1744,4368,746,175,179,NULL,'2017-08-31 21:35:46',NULL),(1745,4368,747,179,184,NULL,'2017-08-31 21:37:23',NULL),(1746,4429,17,0,252,NULL,'2017-09-02 19:43:54',NULL),(1747,4430,343,0,200,NULL,'2017-09-10 20:33:15',NULL),(1748,4431,480,0,206,NULL,'2017-09-10 20:43:08',NULL),(1749,4432,612,0,317,NULL,'2017-09-20 20:13:12',NULL),(1750,4433,748,0,216,NULL,'2017-09-23 10:08:05',NULL),(1751,4434,352,0,304,NULL,'2017-09-25 12:59:00',NULL),(1752,4435,749,0,301,NULL,'2017-09-25 13:39:09',NULL),(1753,4436,750,0,199,NULL,'2017-10-03 22:42:02',NULL),(1754,4437,751,0,239,NULL,'2017-10-04 16:30:25',NULL),(1755,4438,752,0,263,NULL,'2017-10-09 19:23:53',NULL),(1756,4151,197,78,92,NULL,'2017-10-10 05:58:43',NULL),(1757,4151,753,105,115,NULL,'2017-10-10 05:59:45',NULL),(1758,4439,754,64,83,NULL,'2017-10-10 06:10:03',NULL),(1759,4440,755,0,183,NULL,'2017-10-10 12:03:03',NULL),(1760,4441,347,0,252,NULL,'2017-10-12 14:53:17',NULL),(1761,4442,756,0,220,NULL,'2017-10-12 15:03:26',NULL),(1762,4443,756,0,294,NULL,'2017-10-12 15:06:14',NULL),(1763,4443,503,0,294,NULL,'2017-10-12 15:06:43',NULL),(1764,4443,757,130,132,NULL,'2017-10-12 15:08:51',NULL),(1765,4443,758,0,294,NULL,'2017-10-12 15:12:03',NULL),(1766,4444,756,0,201,NULL,'2017-10-12 15:16:22',NULL),(1767,4444,759,0,201,NULL,'2017-10-12 15:18:06',NULL),(1768,4445,352,0,308,NULL,'2017-10-12 20:47:03',NULL),(1769,4445,760,0,308,NULL,'2017-10-12 20:47:42',NULL),(1770,4446,756,0,200,NULL,'2017-10-13 11:48:48',NULL),(1771,4448,579,0,257,NULL,'2017-10-17 13:12:21',NULL),(1772,4449,352,0,210,NULL,'2017-10-18 07:35:59',NULL),(1773,4450,753,0,241,NULL,'2017-10-18 08:08:25',NULL),(1774,4450,761,0,241,NULL,'2017-10-18 08:09:13',NULL),(1775,4451,762,0,209,NULL,'2017-10-22 19:09:53',NULL),(1776,4453,763,0,276,NULL,'2017-10-24 06:18:46',NULL),(1777,4454,93,0,272,NULL,'2017-10-25 07:28:35',NULL),(1778,4455,703,0,257,NULL,'2017-10-26 23:58:52',NULL),(1779,4456,735,158,167,NULL,'2017-10-27 01:01:55',NULL),(1781,4427,17,15,20,NULL,'2017-10-27 01:09:50',NULL),(1783,4458,197,0,318,NULL,'2017-10-29 10:03:00',NULL),(1784,4458,56,0,318,NULL,'2017-10-29 10:03:08',NULL),(1785,4458,764,0,318,NULL,'2017-10-29 10:03:26',NULL),(1786,4458,481,161,165,NULL,'2017-10-29 10:05:05',NULL),(1787,4458,370,0,318,NULL,'2017-10-29 10:08:38',NULL),(1788,4459,448,0,186,NULL,'2017-10-29 11:06:29',NULL),(1789,4459,434,0,186,NULL,'2017-10-29 11:06:56',NULL),(1790,4460,695,0,211,NULL,'2017-10-29 11:15:10',NULL),(1791,4461,765,0,272,NULL,'2017-10-29 12:21:19',NULL),(1792,4462,766,0,283,NULL,'2017-10-29 22:14:50',NULL),(1793,4462,767,93,104,NULL,'2017-10-30 07:12:23',NULL),(1795,4231,339,0,213,NULL,'2017-10-31 07:37:22',NULL),(1796,4463,756,0,227,NULL,'2017-11-04 19:21:22',NULL),(1797,4464,756,0,188,NULL,'2017-11-09 10:33:26',NULL),(1798,3885,768,0,548,NULL,'2017-11-09 11:49:01',NULL),(1799,4465,356,0,177,NULL,'2017-11-09 14:00:15',NULL),(1800,4465,307,0,177,NULL,'2017-11-09 14:00:30',NULL),(1801,4465,56,0,177,NULL,'2017-11-09 14:00:40',NULL),(1802,4466,756,0,255,NULL,'2017-11-09 14:01:19',NULL),(1803,4468,338,0,167,NULL,'2017-11-23 12:40:54',NULL),(1804,4468,769,0,167,NULL,'2017-11-23 12:41:23',NULL),(1805,4469,613,0,240,NULL,'2017-11-26 15:38:41',NULL),(1806,4470,613,0,202,NULL,'2017-11-26 18:18:08',NULL),(1807,4471,613,0,399,NULL,'2017-11-26 18:19:50',NULL),(1808,4472,770,0,210,NULL,'2017-12-01 09:37:44',NULL),(1809,4474,612,0,221,NULL,'2017-11-28 19:47:20',NULL),(1810,4475,480,0,196,NULL,'2017-12-01 08:56:16',NULL),(1811,4476,771,0,233,NULL,'2017-12-01 09:02:17',NULL),(1812,4477,613,0,172,NULL,'2017-12-03 12:49:23',NULL),(1813,4478,689,0,130,NULL,'2017-12-05 13:05:23',NULL),(1814,4479,17,0,281,NULL,'2017-12-07 15:25:04',NULL),(1815,4480,613,0,266,NULL,'2017-12-08 15:00:41',NULL),(1816,4480,772,0,266,NULL,'2017-12-08 15:01:11',NULL),(1817,4481,480,0,302,NULL,'2017-12-08 16:45:56',NULL),(1818,4481,773,0,302,NULL,'2017-12-08 16:46:05',NULL),(1819,4482,756,0,266,NULL,'2017-12-11 07:11:11',NULL),(1820,4483,774,0,248,NULL,'2017-12-13 01:13:16',NULL),(1821,4483,17,0,248,NULL,'2017-12-13 01:13:23',NULL),(1822,4483,458,0,248,NULL,'2017-12-13 01:13:51',NULL),(1823,4483,775,0,248,NULL,'2017-12-13 01:17:33',NULL),(1824,4484,480,0,233,NULL,'2017-12-22 20:00:26',NULL),(1825,4381,776,0,285,NULL,'2017-12-28 07:39:46',NULL),(1826,4485,776,0,316,NULL,'2017-12-28 07:41:12',NULL),(1827,4485,777,0,316,NULL,'2017-12-28 07:42:16',NULL),(1829,4486,443,0,6,NULL,'2017-12-29 10:33:28',NULL),(1830,4486,443,211,230,NULL,'2017-12-29 10:34:08',NULL),(1831,4487,754,110,148,NULL,'2017-12-29 15:35:37',NULL),(1832,4488,365,0,285,NULL,'2018-01-01 22:25:12',NULL),(1833,4489,356,0,265,NULL,'2018-01-03 12:27:10',NULL),(1834,4489,621,0,265,NULL,'2018-01-03 12:27:16',NULL),(1835,4490,201,0,258,NULL,'2018-01-03 12:51:53',NULL),(1836,4491,778,0,322,NULL,'2018-01-03 14:24:52',NULL),(1837,4492,721,0,183,NULL,'2018-01-03 14:42:40',NULL),(1838,4493,358,0,242,NULL,'2018-01-09 15:32:29',NULL),(1839,4494,472,0,227,NULL,'2018-01-11 14:44:05',NULL),(1840,4495,771,0,175,NULL,'2018-01-11 17:36:03',NULL),(1841,4496,779,0,200,NULL,'2018-01-11 18:06:39',NULL),(1842,4497,780,50,53,NULL,'2018-01-14 12:37:48',NULL),(1843,4497,781,246,248,NULL,'2018-01-14 12:43:43',NULL),(1844,4497,782,251,292,NULL,'2018-01-14 12:45:20',NULL),(1845,4498,781,0,311,NULL,'2018-01-14 12:50:09',NULL),(1846,4499,480,0,340,NULL,'2018-01-25 19:03:38',NULL),(1847,4499,722,0,340,NULL,'2018-01-28 10:41:21',NULL),(1848,4500,613,0,192,NULL,'2018-01-29 21:37:58',NULL),(1849,4501,480,0,219,NULL,'2018-02-10 21:44:11',NULL),(1850,4502,783,0,200,NULL,'2018-02-12 09:26:54',NULL),(1851,4502,784,0,200,NULL,'2018-02-12 09:27:50',NULL),(1852,4503,785,26,28,NULL,'2018-02-12 09:30:13',NULL),(1853,4504,786,0,255,NULL,'2018-02-18 04:07:18',NULL),(1854,4504,651,0,255,NULL,'2018-02-18 04:07:23',NULL),(1855,4505,613,0,415,NULL,'2018-02-18 19:45:38',NULL),(1856,4506,787,0,189,NULL,'2018-02-19 12:07:29',NULL),(1857,4507,356,0,276,NULL,'2018-02-19 12:31:41',NULL),(1858,4508,454,0,257,NULL,'2018-02-23 16:37:03',NULL),(1859,4508,339,0,257,NULL,'2018-02-23 16:38:02',NULL),(1860,4509,338,0,207,NULL,'2018-02-24 08:58:38',NULL),(1861,4510,338,0,297,NULL,'2018-02-24 09:04:05',NULL),(1862,4511,655,0,166,NULL,'2018-03-02 21:00:54',NULL),(1863,4512,727,0,223,NULL,'2018-03-02 21:22:42',NULL),(1864,4513,788,0,208,NULL,'2018-03-04 09:58:54',NULL),(1865,4513,789,0,208,NULL,'2018-03-04 10:00:11',NULL),(1866,4514,480,0,203,NULL,'2018-03-04 10:05:04',NULL),(1867,4515,790,0,241,NULL,'2018-03-04 18:50:28',NULL),(1868,4516,791,0,196,NULL,'2018-03-07 18:02:16',NULL),(1869,4516,338,0,196,NULL,'2018-03-07 18:02:24',NULL),(1870,4235,197,0,184,NULL,'2018-03-08 01:51:16',NULL),(1871,4235,613,0,184,NULL,'2018-03-08 01:51:23',NULL),(1872,4517,792,0,183,NULL,'2018-03-08 03:20:05',NULL),(1873,4518,51,0,287,NULL,'2018-03-10 09:34:36',NULL),(1874,4519,793,0,182,NULL,'2018-03-10 09:38:52',NULL),(1875,4520,688,0,217,NULL,'2018-03-10 09:49:30',NULL),(1876,4521,794,0,220,NULL,'2018-03-11 12:14:47',NULL),(1877,4521,795,0,220,NULL,'2018-03-11 12:14:56',NULL),(1878,4521,65,0,220,NULL,'2018-03-11 12:15:05',NULL),(1879,4521,796,0,220,NULL,'2018-03-11 12:16:02',NULL),(1880,4522,434,0,258,NULL,'2018-03-11 21:38:15',NULL),(1881,4523,797,0,232,NULL,'2018-03-12 17:03:06',NULL),(1882,4523,748,0,232,NULL,'2018-03-12 17:03:17',NULL),(1883,4523,610,0,232,NULL,'2018-03-12 17:03:31',NULL),(1884,4524,798,0,226,NULL,'2018-03-13 07:50:06',NULL),(1885,4525,655,0,230,NULL,'2018-03-13 07:52:33',NULL),(1886,4526,799,0,206,NULL,'2018-03-13 07:59:18',NULL),(1887,4526,623,0,206,NULL,'2018-03-13 08:04:27',NULL),(1888,4527,800,0,221,NULL,'2018-03-13 13:40:11',NULL),(1889,4528,613,0,207,NULL,'2018-03-13 13:43:40',NULL),(1890,4529,613,0,179,NULL,'2018-03-13 21:07:40',NULL),(1891,4402,632,0,200,NULL,'2018-03-13 21:11:51',NULL),(1892,4530,338,0,213,NULL,'2018-03-14 09:07:48',NULL),(1893,4531,801,0,274,NULL,'2018-03-15 10:29:52',NULL),(1894,4533,802,0,233,NULL,'2018-03-16 10:02:24',NULL),(1895,4534,201,0,176,NULL,'2018-03-16 10:10:41',NULL),(1896,4535,17,118,120,NULL,'2018-03-16 10:31:05',NULL),(1898,4536,17,18,24,NULL,'2018-03-16 10:44:39',NULL),(1900,4537,481,0,189,NULL,'2018-03-17 08:12:57',NULL),(1901,4538,803,0,266,NULL,'2018-03-23 07:59:39',NULL),(1902,4539,804,0,222,NULL,'2018-05-05 08:36:04',NULL),(1903,4540,804,0,238,NULL,'2018-05-05 08:36:49',NULL),(1904,4541,805,0,245,NULL,'2018-05-13 07:29:24',NULL),(1905,4542,480,0,206,NULL,'2018-05-20 21:33:28',NULL),(1906,4543,480,0,249,NULL,'2018-05-30 21:33:55',NULL),(1907,4437,637,0,239,NULL,'2018-06-01 23:46:19',NULL),(1908,4437,503,0,239,NULL,'2018-06-01 23:46:30',NULL),(1909,4278,503,0,416,NULL,'2018-06-01 23:54:47',NULL),(1910,4278,806,0,416,NULL,'2018-06-01 23:57:56',NULL),(1911,4544,197,0,204,NULL,'2018-06-02 08:05:08',NULL),(1912,4545,807,0,298,NULL,'2018-06-02 08:07:09',NULL),(1913,4545,808,0,298,NULL,'2018-06-02 08:07:15',NULL),(1914,4546,197,0,432,NULL,'2018-06-02 09:03:46',NULL),(1915,4546,622,0,432,NULL,'2018-06-02 09:03:52',NULL),(1916,4547,809,0,177,NULL,'2018-06-02 11:23:28',NULL),(1917,4548,338,0,350,NULL,'2018-06-03 08:20:22',NULL),(1918,4548,613,0,350,NULL,'2018-06-03 08:20:27',NULL),(1919,4548,810,0,350,NULL,'2018-06-03 08:22:23',NULL),(1920,4312,810,0,287,NULL,'2018-06-03 08:23:11',NULL),(1921,4549,294,0,202,NULL,'2018-06-03 08:30:09',NULL),(1922,4550,640,0,220,NULL,'2018-06-04 09:33:21',NULL),(1923,4550,811,0,220,NULL,'2018-06-04 09:33:29',NULL),(1924,4551,194,0,218,NULL,'2018-06-04 09:55:54',NULL),(1925,4361,812,0,217,NULL,'2018-06-04 10:03:12',NULL),(1926,4552,813,0,211,NULL,'2018-06-05 20:40:49',NULL),(1927,4552,582,0,211,NULL,'2018-06-05 20:40:56',NULL),(1928,4552,814,0,211,NULL,'2018-06-05 20:41:05',NULL),(1929,4552,343,0,211,NULL,'2018-06-05 20:42:49',NULL),(1930,4553,815,0,185,NULL,'2018-06-15 15:43:10',NULL),(1931,4284,816,0,251,NULL,'2018-06-16 16:59:31',NULL),(1932,4554,612,0,285,NULL,'2018-06-18 15:29:30',NULL),(1933,4554,613,0,285,NULL,'2018-06-18 15:37:58',NULL),(1934,4554,352,0,285,NULL,'2018-06-18 15:42:38',NULL);
/*!40000 ALTER TABLE `tag_video` ENABLE KEYS */;
UNLOCK TABLES;

--
-- Table structure for table `tag_video_complete`
--

DROP TABLE IF EXISTS `tag_video_complete`;
/*!40101 SET @saved_cs_client     = @@character_set_client */;
/*!40101 SET character_set_client = utf8 */;
CREATE TABLE `tag_video_complete` (
  `id` int(11) NOT NULL AUTO_INCREMENT,
  `video_id` int(11) DEFAULT NULL,
  `tag_id` int(11) DEFAULT NULL,
  PRIMARY KEY (`id`),
  UNIQUE KEY `tag_video_is_complete_id_uindex` (`id`),
  KEY `tag_video_is_complete_video_video_id_fk` (`video_id`),
  KEY `tag_video_is_complete_tag_tag_id_fk` (`tag_id`),
  CONSTRAINT `tag_video_is_complete_tag_tag_id_fk` FOREIGN KEY (`tag_id`) REFERENCES `tag` (`tag_id`),
  CONSTRAINT `tag_video_is_complete_video_video_id_fk` FOREIGN KEY (`video_id`) REFERENCES `video` (`video_id`)
) ENGINE=InnoDB AUTO_INCREMENT=39 DEFAULT CHARSET=latin1;
/*!40101 SET character_set_client = @saved_cs_client */;

--
-- Dumping data for table `tag_video_complete`
--

LOCK TABLES `tag_video_complete` WRITE;
/*!40000 ALTER TABLE `tag_video_complete` DISABLE KEYS */;
INSERT INTO `tag_video_complete` VALUES (1,3878,347),(2,3902,229),(3,4229,610),(4,4256,642),(5,4256,628),(6,4256,643),(7,4256,627),(8,3925,462),(9,4256,629),(10,3967,266),(11,3967,287),(12,4278,650),(13,4278,434),(14,4280,650),(15,3902,443),(16,3887,6),(17,4287,656),(18,4289,657),(19,4289,356),(20,4289,340),(21,4289,584),(22,4292,659),(23,4292,660),(24,4306,457),(25,4232,612),(26,3902,265),(27,4317,651),(28,4317,670),(29,4394,713),(30,4394,655),(31,4401,278),(32,4401,714),(33,4401,716),(34,4456,735),(35,4427,17),(36,4462,767),(37,4535,17),(38,4536,17);
/*!40000 ALTER TABLE `tag_video_complete` ENABLE KEYS */;
UNLOCK TABLES;

--
-- Table structure for table `user`
--

DROP TABLE IF EXISTS `user`;
/*!40101 SET @saved_cs_client     = @@character_set_client */;
/*!40101 SET character_set_client = utf8 */;
CREATE TABLE `user` (
  `user_id` int(11) NOT NULL AUTO_INCREMENT,
  `username` varchar(50) NOT NULL,
  `password` varchar(60) NOT NULL,
  `email` varchar(100) DEFAULT NULL,
  `www` varchar(50) DEFAULT NULL,
  `facebook_id` varchar(30) DEFAULT NULL,
  PRIMARY KEY (`user_id`)
) ENGINE=InnoDB AUTO_INCREMENT=3 DEFAULT CHARSET=utf8;
/*!40101 SET character_set_client = @saved_cs_client */;

--
-- Dumping data for table `user`
--

LOCK TABLES `user` WRITE;
/*!40000 ALTER TABLE `user` DISABLE KEYS */;
INSERT INTO `user` VALUES (2,'slk','',NULL,NULL,NULL);
/*!40000 ALTER TABLE `user` ENABLE KEYS */;
UNLOCK TABLES;

--
-- Table structure for table `video`
--

DROP TABLE IF EXISTS `video`;
/*!40101 SET @saved_cs_client     = @@character_set_client */;
/*!40101 SET character_set_client = utf8 */;
CREATE TABLE `video` (
  `video_id` int(11) NOT NULL AUTO_INCREMENT,
  `youtube_id` varchar(11) COLLATE utf8_polish_ci NOT NULL,
  `name` varchar(100) COLLATE utf8_polish_ci DEFAULT NULL,
  `release_date` date DEFAULT NULL,
  `duration` smallint(6) DEFAULT NULL,
  `create_time` timestamp NOT NULL DEFAULT CURRENT_TIMESTAMP ON UPDATE CURRENT_TIMESTAMP,
  `user_id` int(11) DEFAULT NULL,
  PRIMARY KEY (`video_id`)
) ENGINE=InnoDB AUTO_INCREMENT=4555 DEFAULT CHARSET=utf8 COLLATE=utf8_polish_ci;
/*!40101 SET character_set_client = @saved_cs_client */;

--
-- Dumping data for table `video`
--

LOCK TABLES `video` WRITE;
/*!40000 ALTER TABLE `video` DISABLE KEYS */;
INSERT INTO `video` VALUES (3799,'6vYnas6q3Sg','CoCo','2014-10-13',240,'2016-03-12 12:11:23',NULL),(3817,'0hcEiEyylEA','Sinnerman (Felix Da Housecat\'s Heavenly House Mix)',NULL,216,'2016-03-12 12:11:15',NULL),(3820,'lrwBaJlvxEY','Fortune Player',NULL,256,'2016-03-12 12:11:07',NULL),(3822,'MSL6o8sePlg','Where Are We Runnin? ',NULL,277,'2016-03-12 12:11:46',NULL),(3825,'xt0V0_1MS0Q','Bicycle Race',NULL,196,'2016-03-12 13:47:40',NULL),(3826,'dnItgFWtbIw','Odile',NULL,167,'2016-03-12 13:52:36',NULL),(3827,'mMWBh0B9F0M','Lowrider',NULL,247,'2016-03-12 14:12:29',NULL),(3828,'LOZuxwVk7TU','Toxic',NULL,212,'2016-03-12 15:07:44',NULL),(3829,'YVkUvmDQ3HY','Without Me',NULL,300,'2016-03-12 15:17:03',NULL),(3834,'IwBS6QGsH_4','Miami',NULL,238,'2016-03-12 15:37:34',NULL),(3839,'qj5zT4t7S6c','Sweet Lovin\' Feat. Bryn Christopher',NULL,215,'2016-03-13 10:11:04',NULL),(3840,'-KPnyf8vwXI','Never Be Like You',NULL,233,'2016-03-13 10:21:26',NULL),(3841,'L_fCqg92qks','Call On Me',NULL,172,'2016-03-13 11:57:23',NULL),(3842,'7iH2eYFgDmg','Girls Of Summer',NULL,244,'2016-03-13 14:50:49',NULL),(3843,'JkK8g6FMEXE','I Don\'t Want to Miss a Thing',NULL,295,'2016-03-13 19:06:20',NULL),(3844,'vWz9VN40nCA','Physica',NULL,224,'2016-03-13 19:58:29',NULL),(3845,'7Y9UlEof6XI','Perfect (Exceeder) ',NULL,165,'2016-03-13 20:07:04',NULL),(3846,'Ua61XY84gGg','The New Workout Plan (Short Version)',NULL,315,'2016-03-13 20:11:26',NULL),(3847,'sVaRHJn_dgM','She\'s The One',NULL,316,'2016-03-13 20:18:26',NULL),(3848,'BnO3nijfYmU','Rock DJ',NULL,267,'2016-03-13 20:22:23',NULL),(3849,'ULTtWUZhD9c','Supreme',NULL,275,'2016-03-13 20:32:46',NULL),(3850,'TIy3n2b7V9k','Sk8er Boi',NULL,221,'2016-03-17 08:35:04',NULL),(3851,'5NPBIwQyPWE','Complicated',NULL,253,'2016-03-17 08:41:25',NULL),(3852,'LiaYDPRedWQ','Hello Kitty',NULL,199,'2016-03-17 08:56:54',NULL),(3853,'7RMQksXpQSk','This Is How We do',NULL,210,'2016-03-17 10:24:58',NULL),(3854,'nfWlot6h_JM','Shake It Off',NULL,242,'2016-03-17 12:04:38',NULL),(3855,'e-ORhEE9VVg','Blank Space',NULL,273,'2016-03-17 16:38:10',NULL),(3856,'9dcVOmEQzKA','Just Lose It',NULL,246,'2016-03-18 23:27:26',NULL),(3858,'sNPnbI1arSE','My Name Is',NULL,248,'2016-03-20 10:37:48',NULL),(3859,'TGtWWb9emYI','We Are One (Ole Ola) [The Official 2014 FIFA World Cup Song] (Olodum Mix)',NULL,246,'2016-03-20 10:49:46',NULL),(3861,'ZTidn2dBYbY','True Survivor (from Kung Fury)',NULL,244,'2016-03-20 11:18:19',NULL),(3863,'sOnqjkJTMaA','Thriller',NULL,823,'2016-03-20 11:23:27',NULL),(3874,'hR-NXv5Tma0','Bubble Butt (feat. Bruno Mars, 2 Chainz, Tyga & Mystic)',NULL,297,'2018-07-03 05:53:42',NULL),(3875,'LDZX4ooRsWs','Anaconda',NULL,290,'2016-03-20 21:39:47',NULL),(3876,'u38TqU5rAyk','Man Overboard',NULL,176,'2016-03-20 21:50:25',NULL),(3877,'_lK4cX5xGiQ','Tribute',NULL,293,'2016-03-20 21:58:49',NULL),(3878,'CduA0TULnow','Oops!...I Did It Again',NULL,252,'2016-03-20 23:10:37',NULL),(3879,'EVBsypHzF3U','Telephone ft. Beyoncé',NULL,571,'2016-03-21 18:06:22',NULL),(3880,'CDl9ZMfj6aE','Smooth Criminal',NULL,219,'2016-03-21 23:37:14',NULL),(3881,'ZyhrYis509A','Barbie Girl',NULL,202,'2016-03-21 23:50:59',NULL),(3882,'rMqayQ-U74s','Womanizer (Director\'s Cut)',NULL,226,'2016-03-22 06:53:31',NULL),(3883,'C-u5WLJ9Yk4','Baby One More Time',NULL,237,'2016-03-22 07:04:26',NULL),(3884,'aCHg5r6rFoI','The Flood',NULL,301,'2016-03-22 07:15:44',NULL),(3885,'8SbUC-UaAxE','November Rain',NULL,548,'2016-03-22 07:19:10',NULL),(3886,'3rFoGVkZ29w','St. Anger ',NULL,349,'2016-03-22 07:23:33',NULL),(3887,'IeMvUlxXyz8','Born Free',NULL,546,'2016-03-22 07:35:35',NULL),(3888,'mwq-T2CrJRU','Loca People',NULL,289,'2016-03-22 23:57:10',NULL),(3892,'bccKotFwzoY','Giving Up The Gun',NULL,304,'2016-03-23 18:52:26',NULL),(3893,'SmM0653YvXU','Rain Over Me ft.Marc Anthony',NULL,234,'2016-03-24 17:50:06',NULL),(3894,'WE7PJVZyBhU','Sin Sin Sin',NULL,285,'2016-03-24 18:07:39',NULL),(3896,'_CL6n0FJZpk','Still D.R.E. ft. Snoop Dogg',NULL,292,'2016-03-25 22:40:03',NULL),(3899,'WeYsTmIzjkw','Because I Got High',NULL,200,'2016-03-26 15:06:57',NULL),(3900,'Wa5B22KAkEk','Young, Wild and Free ft. Bruno Mars',NULL,258,'2016-03-26 16:06:08',NULL),(3902,'7-tNUur2YoU','We Come Together (ft. Sakhile Moleshe)',NULL,261,'2016-03-27 01:37:52',NULL),(3903,'VKOCH8OcwaI','The Spike',NULL,231,'2016-03-27 09:25:17',NULL),(3905,'dKSJN3WWR3E','Hate Me Now ft. Puff Daddy',NULL,318,'2016-03-27 11:07:53',NULL),(3906,'0KSOMA3QBU0','Dark Horse ft. Juicy J',NULL,226,'2016-03-27 14:14:17',NULL),(3907,'jqYxyd1iSNk','Birthday',NULL,216,'2016-03-27 18:55:36',NULL),(3908,'UDApZhXTpH8','P.I.M.P. (Snoop Dogg Remix) ft. Snoop Dogg, G-Unit',NULL,301,'2016-03-27 19:01:30',NULL),(3909,'bFLow5StvvU','Window Shopper',NULL,228,'2016-03-27 19:24:33',NULL),(3910,'i8BGAYXNW74','Irresistible',NULL,254,'2016-03-27 19:32:31',NULL),(3911,'_shxzlTRK44','Basketball',NULL,228,'2016-03-27 20:02:14',NULL),(3912,'iiiOqybRvsM','2.0h',NULL,178,'2016-03-27 20:11:57',NULL),(3913,'Ze7H_MEQVb8','Co Mam Powiedzieć',NULL,220,'2016-03-29 09:01:29',NULL),(3916,'z3YMxM1_S48','Natural Blues',NULL,263,'2016-03-29 21:49:37',NULL),(3917,'5wrwcEZ3Btw','In This World',NULL,207,'2016-03-29 21:57:33',NULL),(3918,'xsBu-FXkhEA','Say You Like Me',NULL,236,'2016-03-30 06:33:59',NULL),(3919,'SPlQpGeTbIE','Move Your Feet',NULL,199,'2016-03-30 06:43:16',NULL),(3920,'gPefy4xnNpk','Do The Whirlwind ',NULL,252,'2016-03-30 20:50:59',NULL),(3921,'Gf3bmQh8_dM','Don\'t Deny Your Heart',NULL,218,'2016-03-30 21:01:50',NULL),(3922,'AzyogHbZKX8','Wait For Me',NULL,254,'2016-03-30 21:05:30',NULL),(3923,'YlUKcNNmywk','Californication',NULL,322,'2016-03-30 21:07:50',NULL),(3924,'LZIc8VSonVY','Heat',NULL,263,'2016-03-30 21:10:03',NULL),(3925,'RSdKmX2BH7o','We Made You',NULL,283,'2016-03-30 22:11:24',NULL),(3926,'eJO5HU_7_1w','The Real Slim Shady (Edited)',NULL,268,'2016-03-31 12:51:39',NULL),(3927,'ubEublECnMU','Role Model',NULL,239,'2016-04-01 12:42:42',NULL),(3928,'3qQX1XxjoGY','Inspiracje',NULL,255,'2016-04-01 18:21:24',NULL),(3929,'TFXlWfzW9Uo','Sunlight feat. Years & Years',NULL,222,'2016-04-01 18:26:54',NULL),(3930,'egcXvqiho4w','Truckers Delight',NULL,200,'2016-04-01 21:13:05',NULL),(3931,'UbQgXeY_zi4','Lone Digger',NULL,171,'2016-04-01 21:28:56',NULL),(3932,'QwrbyVaC6EU','The Greeks',NULL,206,'2016-04-01 21:34:45',NULL),(3933,'0AqnCSdkjQ0','Guts Over Fear ft. Sia',NULL,333,'2016-04-02 11:37:28',NULL),(3934,'1hvEmhWdaXg','God, Girls, and Football',NULL,245,'2016-04-02 11:41:34',NULL),(3935,'zP50Ewh31E4','Too Close',NULL,261,'2016-04-02 11:46:20',NULL),(3936,'KlyXNRrsk4A','Last Friday Night (T.G.I.F)',NULL,491,'2016-04-02 23:44:53',NULL),(3937,'kTHNpusq654','Hot N Cold',NULL,284,'2016-04-03 09:41:07',NULL),(3939,'rgc_LRjlbTU','One Night In Bangkok',NULL,237,'2016-04-04 21:42:32',NULL),(3940,'0n7uVDQWrYs','Queen B',NULL,261,'2016-04-04 21:45:41',NULL),(3941,'NfzwM4pdyxU','Mountains',NULL,201,'2016-04-04 21:50:22',NULL),(3942,'IxkJHX7ukKE','No Myth',NULL,258,'2016-04-04 21:57:09',NULL),(3943,'hqwU7nv3hTM','Fade Out Lines',NULL,264,'2016-04-04 23:07:27',NULL),(3944,'Jz2gvAApY2A','(It\'s Not War) Just The End Of Love',NULL,215,'2016-04-04 23:25:57',NULL),(3945,'4emYaDbaJ8w','DONE',NULL,221,'2016-04-04 23:37:00',NULL),(3946,'CCIuQKDfkdY','Chess Piece',NULL,247,'2016-04-04 23:43:35',NULL),(3948,'qh9WuPzOjlI','Rock Star',NULL,225,'2016-04-06 00:06:19',NULL),(3949,'sS76eS34Y0c','Mr. Saxobeat',NULL,194,'2016-04-06 21:19:21',NULL),(3950,'M_Am8bSYIms','Fish',NULL,180,'2016-04-06 22:12:03',NULL),(3951,'mpdcKmaHk_s','When The Lights Go Out',NULL,243,'2016-04-06 22:25:35',NULL),(3952,'o4OD3IHs5jU','Domo 23',NULL,277,'2016-04-06 23:00:29',NULL),(3953,'mmi60Bd4jSs','Da Funk',NULL,335,'2016-04-08 00:24:20',NULL),(3954,'T97Ft3J48IU','Johnny Bravo',NULL,198,'2016-04-09 18:59:27',NULL),(3958,'6oqXVx3sBOk','Coffee And Tv',NULL,371,'2016-04-11 19:37:50',NULL),(3960,'5nOqvm_62rM','Cool Me Down',NULL,180,'2016-04-13 21:01:01',NULL),(3962,'98WtmW-lfeE','Teenage Dream',NULL,230,'2016-04-13 22:07:36',NULL),(3964,'QGJuMBdaqIw','Firework',NULL,234,'2016-04-17 12:52:30',NULL),(3966,'fH41vPVIVP0','Kapitan Kox','2016-04-15',224,'2016-04-18 07:12:59',NULL),(3967,'xAh6fk0KD1c','We Are All Made Of Stars','2009-03-05',222,'2016-04-18 21:49:00',NULL),(3995,'hRXc_-c_9Xc','We Exist','2014-05-16',383,'2016-04-22 23:04:45',NULL),(3996,'LeiFF0gvqcc','Remember The Time','2009-10-03',557,'2016-04-22 23:38:03',NULL),(3997,'WdgLMslbDuY','Make Some Noise','2011-04-21',321,'2016-04-22 23:41:08',NULL),(4006,'K2Y265KZR4g','Ale Tu Jebie Skunem','2016-04-22',223,'2016-04-24 08:58:36',NULL),(4010,'foE1mO2yM04','I Took A Pill In Ibiza (Seeb Remix) (Explicit)','2016-02-27',237,'2016-04-24 16:49:29',NULL),(4011,'5yXQJBU8A28','Fast Car Ft. Dakota','2016-01-15',216,'2016-04-24 16:52:23',NULL),(4051,'jp_XgZIaopk','Co Jest Ze Mną Nie Tak','2016-03-23',212,'2016-05-01 17:31:56',NULL),(4052,'YykjpeuMNEk','Hymn For The Weekend (Official Video)','2016-01-29',261,'2016-05-02 13:02:18',NULL),(4074,'VCnPe5bBnAU','Mieć Czy Być','2007-02-08',185,'2016-05-08 13:20:32',NULL),(4075,'FG1c7NeofXU','(feat. Tomson) Jak Nie My To Kto','2014-03-07',222,'2016-05-09 12:12:10',NULL),(4076,'Ydx3xjeAyjA','Mamy To W Kodach Dna (Prod. Ptk)','2012-05-23',309,'2016-05-11 10:16:36',NULL),(4077,'PCF-B6deZ7Q','Miasto Moje','2012-03-27',186,'2016-05-11 10:20:21',NULL),(4078,'Z2i7bR-lNaY','Czarna Elka','2011-12-27',182,'2016-05-11 10:25:07',NULL),(4079,'_rbyY0qvJ84','Jedno Miasto Jeden Klub','2011-12-18',283,'2016-05-11 10:27:25',NULL),(4080,'YjUk92LSzSo',' 2 Dzielnice 1 Życie','2012-09-05',384,'2016-05-11 10:35:54',NULL),(4083,'grEterXHNW8','Postawa Myślenia + Goście','2012-01-26',219,'2016-05-11 20:38:36',NULL),(4084,'LGZ3zZtb4S4','Pij I Graj Feat. V-unit, Dima, Sykario (Remix) New','2013-04-07',226,'2016-05-11 21:12:07',NULL),(4086,'EwlsmPJeBgw','Weekend Z Życia Dilera Ft. Syn Ulicy (Muz. Nws )','2011-11-11',234,'2016-05-14 17:28:13',NULL),(4087,'3hOZaTGnHU4','It Ain\'t Hard To Tell','2014-03-24',186,'2016-05-15 10:11:29',NULL),(4088,'jam_t-gj7HM','I Think I Can Beat Mike Tyson Ft. Mike Tyson, Don King','2013-10-29',304,'2016-05-15 10:31:30',NULL),(4089,'z63cQKWlDgQ','Second Round K.O.','2009-06-16',228,'2016-05-15 20:17:50',NULL),(4090,'kMOeTLLeaDU','Miserable','2009-10-25',229,'2016-05-15 20:43:06',NULL),(4091,'1tInbiCG1cI','James Bond Theme (Moby’s Re-version)','2009-03-05',211,'2016-05-15 22:06:44',NULL),(4092,'MwOchsxVuY0','Casual Sex','2012-02-16',253,'2016-05-15 22:27:58',NULL),(4093,'BR_DFMUzX4E','This Is What It Feels Like','2013-03-18',250,'2016-05-15 22:30:35',NULL),(4094,'wyx6JDQCslE','Sexy And I Know It','2011-09-16',204,'2016-05-15 22:43:42',NULL),(4095,'CeMeDihwyrg','Date Rape','1992-00-00',223,'2016-05-16 23:20:32',NULL),(4096,'oslBwpjxAJ8','Something For Joey','2003-00-00',244,'2016-05-17 07:57:53',NULL),(4112,'8BkYKwHLXiU','La Copa De La Vida','2009-10-03',247,'2016-06-12 12:11:43',NULL),(4130,'XWCwc1_sYMY','Party Ft. J. Cole','2011-10-26',221,'2016-07-11 16:41:51',NULL),(4131,'6QFwo57WKwg','Fantasy','2011-10-19',216,'2016-07-11 16:51:31',NULL),(4132,'dZLfasMPOU4','Stacy\'s Mom','2009-03-12',204,'2016-07-12 14:22:56',NULL),(4133,'oKsxPW6i3pM','The Middle','2010-07-08',174,'2016-07-12 14:27:29',NULL),(4134,'5Ft8yL7VLR4','Discopolis (Official Video)','2012-01-12',202,'2016-07-12 14:31:38',NULL),(4135,'XNtTEibFvlQ','Shots Ft. Lil Jon','2009-12-05',254,'2016-07-12 14:37:19',NULL),(4136,'_JZom_gVfuw','\"Juicy\" (Official Video)','2011-09-06',251,'2016-07-12 14:41:19',NULL),(4137,'AbPED9bisSc','Live While We\'re Young','2012-09-20',198,'2016-07-12 14:46:45',NULL),(4138,'bIRmyfKOAfM','Turn On Me [Official Video]','2007-08-13',225,'2016-07-12 14:56:23',NULL),(4139,'_ovdm2yX4MA','Levels','2011-11-29',199,'2016-07-12 17:14:20',NULL),(4140,'4aeETEoNfOg','1979','2011-08-03',262,'2016-07-13 11:32:30',NULL),(4141,'AgFeZr5ptV8','22','2013-03-13',244,'2016-07-13 19:27:07',NULL),(4142,'_5XfAYZAA7w','Breathe','2009-02-26',201,'2016-07-13 19:53:13',NULL),(4143,'S85vl1xFx1o','Sabrina ','1987-05-29',222,'2016-07-13 20:02:09',NULL),(4144,'YqJAnQTwmJs','I Get Around','2011-07-05',263,'2016-07-13 20:06:06',NULL),(4145,'vraoiVCDdaM','Holiday','2010-05-27',139,'2016-07-13 20:11:42',NULL),(4146,'HL_WvOly7mY','Beverly Hills','2009-06-17',242,'2016-07-13 20:27:41',NULL),(4147,'nIjVuRTm-dc','She Will Be Loved','2009-06-17',268,'2016-07-13 20:50:23',NULL),(4148,'emGri7i8Y2Y','In Too Deep','2009-06-16',222,'2016-07-13 21:28:33',NULL),(4149,'K7l5ZeVVoCA','What\'s My Age Again?','2009-06-16',147,'2016-07-13 22:01:50',NULL),(4151,'9PnOG67flRA','The Bay (Music Video)','2011-06-10',231,'2016-07-14 14:51:02',NULL),(4152,'vVy9Lgpg1m8','First Date','2009-06-16',212,'2016-07-14 20:29:56',NULL),(4153,'UpsKGvPjAgw','Steal My Girl','2014-10-24',319,'2016-07-15 08:07:54',NULL),(4154,'LbARTyio_0Q','Wake Up','2016-05-27',240,'2016-07-15 09:45:10',NULL),(4155,'bsUWK-fixiA','M.I.L.F. $','2016-07-01',221,'2016-07-15 09:50:39',NULL),(4156,'pXRviuL6vMY','Stressed Out','2015-04-28',226,'2016-07-15 11:40:44',NULL),(4157,'7bO5h71TlMU','Lovin\' Each Day','2009-12-01',216,'2016-07-15 12:57:36',NULL),(4158,'JhY9GOhFwN4','Turbo Lover (Live From The \'Fuel For Life\' Tour)','2010-05-18',278,'2016-07-15 13:26:08',NULL),(4159,'0l0nzPpvbFs','The Lost Art Of Keeping A Secret','2009-12-23',221,'2016-07-15 13:33:23',NULL),(4160,'AOBs8dU4Pb8','Run','2009-06-26',267,'2016-07-15 13:35:22',NULL),(4161,'I6kfin-UeAQ','Josie','2009-06-16',216,'2016-07-15 14:00:18',NULL),(4162,'kkx-7fsiWgg','Nicky Jam','2016-01-15',246,'2016-07-15 23:12:21',NULL),(4163,'DL7-CKirWZE','You Get What You Give','2009-10-08',280,'2016-07-17 00:59:30',NULL),(4164,'xat1GVnl8-k','The Bad Touch','2009-11-23',245,'2016-07-17 08:24:46',NULL),(4165,'0NhqN0KcWAE','Naked Eye','2009-02-27',272,'2016-07-17 20:05:43',NULL),(4166,'v0CYB5V9e64','Malibu','2009-06-16',233,'2016-07-17 20:32:46',NULL),(4167,'h4UqMyldS7Q','It Was A Good Day','2009-02-24',313,'2016-07-18 08:48:55',NULL),(4168,'8qImH-0UCHI','Millionaire','2009-03-06',218,'2016-07-18 18:19:59',NULL),(4169,'ru0K8uYEZWw','Can\'t Stop The Feeling!','2016-05-16',286,'2016-07-19 13:54:55',NULL),(4170,'jsbeemdD2rQ','All In My Head (Flex) Ft. Fetty Wap','2016-06-23',212,'2016-07-22 05:43:15',NULL),(4171,'lFIIMEe2Ht0','Rise (NBC Olympics Video)','2016-07-15',201,'2016-07-22 05:42:07',NULL),(4172,'NhheiPTdZCw','The Music Scene','2010-05-21',322,'2016-07-21 14:44:52',NULL),(4175,'omCA2RN9x4I','Burn Hd','2011-05-30',512,'2016-07-21 18:37:01',NULL),(4176,'dqZs-DFtx9g','No Bitter End','2016-04-20',243,'2016-07-21 18:37:25',NULL),(4208,'w42c2XWr-P0','Otwarcie','2011-03-29',296,'2016-07-21 20:01:37',NULL),(4209,'KhMMHKzJmKc','Nie Ma Jak (Prod. Trepson) (Popkiller Młode Wilki 2013) [Official Video]','2014-09-15',267,'2016-07-21 20:42:51',NULL),(4210,'o66xQUqKzsc','Borro Cassette','2015-07-06',222,'2016-07-22 05:40:51',NULL),(4211,'3BLj9PVlLEw','Pezet X Jimek','2012-11-29',234,'2016-07-22 07:47:13',NULL),(4212,'jZny4yRbkKU','What Do You Mean? (Justin Bieber Cover In The Live Lounge)','2015-12-16',228,'2016-07-22 09:28:36',NULL),(4213,'dQw4w9WgXcQ','Never Gonna Give You Up','2009-10-25',213,'2016-07-22 12:03:05',NULL),(4215,'zwS9DxTn5Hs','Wyjebane (Tak Mocno)','2015-01-16',219,'2016-07-22 13:47:57',NULL),(4216,'eg1WUU74AUg','Zmysły','2015-03-18',256,'2016-07-22 15:01:30',NULL),(4219,'pIHR7rUeGTc','Lockjaw Ft. Kodak Black','2016-06-09',233,'2016-07-24 10:36:30',NULL),(4220,'ZB7Xjd34pjo','I’m The Man (Remix) (Explicit) Ft. Chris Brown','2016-05-06',274,'2016-07-24 10:43:37',NULL),(4221,'bek1y2uiQGA','I Could Be The One (Nicktim)','2012-12-24',286,'2016-07-24 18:08:29',NULL),(4222,'2eng2xORfSs','Dorothy At Forty','2006-12-15',186,'2016-07-24 21:26:40',NULL),(4223,'mgQV8BBAkqA','Working This Job (This Fucking Job) - Version Fucking 2','2010-05-28',246,'2016-07-24 21:55:29',NULL),(4224,'mgQV8BBAkqA','Working This Job (This Fucking Job) - Version 1','2010-05-28',246,'2016-07-24 21:56:30',NULL),(4225,'Jrd25gjyDhE','Seek Bromance','2010-09-30',224,'2016-07-25 14:57:47',NULL),(4226,'7tm_zX8Nj2E','Secretly','2009-08-08',347,'2016-07-25 14:59:10',NULL),(4227,'mMfxI3r_LyA','Lady (Hear Me Tonight)','2013-10-01',222,'2016-07-25 15:02:17',NULL),(4228,'JgHskTnwnd4','Broken Car','2014-09-05',320,'2016-07-25 15:08:11',NULL),(4229,'Qc9c12q3mrc','Addicted To You','2014-02-14',204,'2016-07-25 15:24:27',NULL),(4230,'a59gmGkq_pw','Cold Water (Feat. Justin Bieber & Mø) (Official Lyric Video)','2016-07-22',189,'2016-07-26 14:25:04',NULL),(4231,'qRK3u5X-N1s','A Thing For Me','2011-02-04',213,'2016-07-28 15:13:39',NULL),(4232,'ZTEfInwgxVs','Straight To The Bank','2009-12-14',209,'2016-07-29 11:38:43',NULL),(4233,'ZyuOYHWWr3U','Wstawaj (Prod. Koń)','2016-05-11',170,'2016-07-30 08:05:13',NULL),(4234,'uuCJDn1L6Ps','Samodyscyplina prod. Fabster','2015-04-05',232,'2016-07-30 08:48:23',NULL),(4235,'RwEZXEU0wRg','Jak Zaczynasz Dzień feat. Sokól','2012-02-25',184,'2016-07-30 11:08:54',NULL),(4236,'c3t9hM6jcbY','Hit Or Miss','2016-07-25',259,'2016-08-01 06:19:34',NULL),(4237,'PT2_F-1esPk','Closer Ft. Halsey','2016-07-29',262,'2016-08-01 07:43:15',NULL),(4238,'YQ1LI-NTa2s','Bizness','2011-03-24',266,'2016-08-01 14:55:20',NULL),(4239,'OzvasAJIHb4','I Apologize','2016-07-22',243,'2016-08-02 13:57:39',NULL),(4240,'mDU-5jwPKmQ','No Shopping Ft. Drake','2016-07-29',322,'2016-08-04 07:22:54',NULL),(4241,'PJniSb91tvo','El Perdedor','2016-04-22',268,'2016-08-04 07:32:15',NULL),(4242,'3AtDnEC4zak','We Don\'t Talk Anymore (Feat. Selena Gomez) [Official Video]','2016-08-02',231,'2016-08-04 07:48:46',NULL),(4243,'lkN51aqPOzU','Obsesionado','2016-02-22',257,'2016-08-04 07:55:49',NULL),(4244,'nYh-n7EOtMA','Cheap Thrills Ft. Sean Paul','2016-02-11',262,'2016-08-04 15:32:06',NULL),(4245,'Q4KZaI_jtKs','Into You','2016-08-03',243,'2016-08-05 07:18:53',NULL),(4246,'hdw1uKiTI5c','Rise','2016-08-05',198,'2016-08-07 22:08:34',NULL),(4247,'QNsPI6V4Iec','So Freakin\' Tight','2015-02-04',177,'2016-08-09 20:07:27',NULL),(4248,'hTl0F2cKzLk','Chillin\'','2013-09-29',231,'2016-08-09 20:15:41',NULL),(4249,'ZkqyIoYAXV8','Purple Lamborghini','2016-08-05',262,'2016-08-09 20:43:11',NULL),(4250,'rhcc1KQlCS4','Why','2016-08-11',179,'2016-08-21 10:11:49',NULL),(4251,'82cgNJBu_Jk','Do Następnego','2016-08-09',216,'2016-08-21 10:51:41',NULL),(4252,'aVgptqVwUcQ','Jeden Żyć (Prod. Lanek)','2016-08-15',235,'2016-08-21 10:59:51',NULL),(4253,'XsFneCExrCQ','Cool Girl','2016-08-19',240,'2016-08-22 08:35:23',NULL),(4254,'HkVS79y4p4Y','Why You Always Hatin? Ft. Drake, Kamaiyah','2016-08-15',254,'2016-08-22 14:56:46',NULL),(4255,'HXeYRs_zR6w','Nobody But Me','2016-08-19',184,'2016-08-22 16:07:35',NULL),(4256,'hyeYUDqeadQ','Habitat (Christofer Luca Rmx)','2016-08-16',269,'2016-08-22 16:14:16',NULL),(4257,'mg5Bp_Gzs0s','Bang Bang','2016-08-12',212,'2016-08-22 16:27:04',NULL),(4258,'Qt6Lkgs0kiU','The Boys Of Summer','2014-10-06',243,'2016-08-23 07:57:27',NULL),(4259,'8BMnz4i2dM8','Mas Macarena Ft. Los Del Rio','2016-08-19',234,'2016-08-23 08:05:23',NULL),(4260,'_Ri2KEiXlNk','This House Is Not For Sale','2016-08-12',219,'2016-08-23 08:25:33',NULL),(4261,'hv44srAsAo4','Superlove','2016-08-12',214,'2016-08-23 09:32:54',NULL),(4262,'tkClJp0jSgA','Set The Roof Ft. Lil\' Jon','2016-08-08',209,'2016-08-23 12:26:18',NULL),(4263,'wl6k_h2drK8','My Trigger','2016-08-22',195,'2016-08-24 08:05:48',NULL),(4264,'5JxgDJvqGmM','The Ocean Ft. Shy Martin','2016-07-20',185,'2016-08-24 08:23:43',NULL),(4265,'bN5sl1r_cyY','Król Cyganów','2016-08-23',213,'2016-08-24 13:18:11',NULL),(4266,'hjusmxc8yAQ','Butter','2016-08-07',221,'2016-08-24 19:25:25',NULL),(4267,'xKv9cmynyoY','Powiedzcie To Dalej','2016-08-10',207,'2016-08-24 19:29:33',NULL),(4268,'ZSgnDb3BsCw','Dobry Dzien','2016-08-15',166,'2016-08-24 19:34:25',NULL),(4269,'UDCT6ta_54k','Żyj Swoim Rytmem','2016-08-24',253,'2016-08-26 08:55:27',NULL),(4270,'aZcSCT34H84','Satisfaction','2012-04-07',145,'2016-08-26 09:46:59',NULL),(4271,'ecP-XLv1Rv0','Fireflies','2016-08-25',192,'2016-08-29 16:08:40',NULL),(4272,'a4NYSwNAo08','Cookin Ft. Rysovalid','2016-08-29',295,'2016-08-31 06:57:55',NULL),(4273,'jtL3Jsl2ieE','Don\'t Leave Me','2016-08-23',218,'2016-09-01 07:13:26',NULL),(4274,'SXiSVQZLje8','Side To Side Ft. Nicki Minaj','2016-08-30',238,'2016-09-01 12:29:45',NULL),(4275,'elsAYGFVMdY','Grass Ain\'t Greener','2016-08-26',294,'2016-09-02 07:41:46',NULL),(4276,'XXlZfc1TrD0','Banana Brain','2016-08-31',433,'2016-09-06 05:16:41',NULL),(4278,'HcXNPI-IPPM','Baby\'s On Fire','2012-06-05',416,'2016-09-06 08:09:09',NULL),(4279,'JvMXVHVr72A','Pitbull Terrier','2014-05-20',260,'2016-09-06 09:08:43',NULL),(4280,'qSMnrAJpEeo','Kountry Gentleman','2009-08-04',228,'2016-09-06 09:15:13',NULL),(4281,'wESgcExetso','Bebot','2010-07-09',285,'2016-09-06 09:19:22',NULL),(4282,'wltRoy_rxMQ','Testament Żołnierzy Z AK','2015-10-02',294,'2016-09-08 07:42:08',NULL),(4283,'KXUuxMYBm8k','Sobota, Bonson, Bilon, Ania Karwan, Kieru, Wini (Prod. Matheo)','2016-09-01',333,'2016-09-10 17:03:19',NULL),(4284,'3Yuqxl284cg','Bad Girls','2012-02-05',251,'2016-09-11 08:44:25',NULL),(4285,'Pk7_5YzkouU','Fade Away','2013-04-26',283,'2016-09-11 19:28:42',NULL),(4286,'bfPWRV1tOrY','Pseudoephedrine','2016-09-07',275,'2016-09-13 07:37:30',NULL),(4287,'qrO4YZeyl0I','Bad Romance','2009-11-24',308,'2016-09-13 08:20:24',NULL),(4288,'bkhLzHuUYmo','The Yabba','2015-09-09',416,'2016-09-13 08:59:49',NULL),(4289,'bxWxXncl53U','Soy Yo','2016-09-07',176,'2016-09-13 11:31:14',NULL),(4290,'EgqUJOudrcM','How Deep Is Your Love','2015-08-06',261,'2016-09-13 15:32:19',NULL),(4291,'sJiRwDgZbjM','No Mercy','2010-10-04',222,'2016-09-18 22:45:14',NULL),(4292,'aAVRd5q8Ltg','Wspin','2015-10-25',197,'2016-09-19 14:30:54',NULL),(4293,'gbHTaPk8Qmk','Dawned On Me','2012-01-12',243,'2016-09-20 14:00:47',NULL),(4294,'cNAdtkSjSps','Pong','2009-11-19',351,'2016-09-23 09:40:14',NULL),(4295,'9Riq6IMqXz8','Pong Dance','2016-03-11',172,'2016-09-23 09:51:00',NULL),(4297,'Z8V5GfFeUDs','Ping Pong','2014-05-02',255,'2016-09-23 10:43:05',NULL),(4298,'UqON44CLaQM','Do You Know? (The Ping Pong Song)','2009-12-20',302,'2016-09-23 10:48:13',NULL),(4299,'XIictPv-5MI','Нельзя сказать короче','2014-09-10',326,'2016-09-23 10:55:49',NULL),(4300,'CncbXK6vURA','Romeo','2015-12-07',204,'2016-09-27 09:28:35',NULL),(4302,'MGaEf0CZfbQ','My Way',NULL,220,'2016-09-30 10:56:35',NULL),(4303,'SMs0GnYze34','Let Me Love You',NULL,207,'2016-10-02 00:40:52',NULL),(4304,'QCqAYTMF61I','All Wet',NULL,261,'2016-10-02 19:34:07',NULL),(4306,'ymNFyxvIdaM','Freestyler',NULL,293,'2016-10-02 21:24:24',NULL),(4307,'498zUzNGQxY','Doing It To Death',NULL,230,'2016-10-03 10:33:53',NULL),(4308,'iTno21crSsY','Not Nice',NULL,189,'2016-10-06 12:39:47',NULL),(4309,'F82W3tKtr8c','Taste The Feeling',NULL,193,'2016-10-06 20:44:34',NULL),(4310,'L1KworDaCqs','Under Control',NULL,172,'2016-10-07 21:54:23',NULL),(4311,'0ymI54DuMj8','At All',NULL,190,'2016-10-07 21:59:50',NULL),(4312,'gOb-EjyXRPQ','Manchmal Haben Frauen',NULL,287,'2016-10-07 22:06:49',NULL),(4313,'kWbN3-6o3WQ','Mensch ',NULL,241,'2016-10-07 22:13:11',NULL),(4314,'bIIGKV27FaY','Eisbaer',NULL,299,'2016-10-07 22:15:17',NULL),(4315,'bw5pi9nUGJ8','Only Getting Younger Ft. Skrillex',NULL,258,'2016-10-18 22:18:13',NULL),(4316,'CW5oGRx9CLM','False Alarm',NULL,346,'2016-10-18 23:00:42',NULL),(4317,'VASywEuqFd8','Are You Lost In The World Like Me',NULL,196,'2016-10-27 07:03:54',NULL),(4318,'yrfo_KhbgAA','Real One',NULL,287,'2016-10-27 21:24:53',NULL),(4319,'Oy9V_4im0wg','Cutting Shapes',NULL,190,'2016-11-07 06:23:48',NULL),(4320,'N38hzg4wAho','Big Bird',NULL,172,'2016-11-12 15:55:13',NULL),(4321,'OyI2q6-B2UE','All Life',NULL,171,'2016-11-12 15:57:18',NULL),(4323,'g6DdX51fnxM','Don\'t Need You','2016-11-06',294,'2016-11-14 15:00:14',NULL),(4324,'eAoqWu6wmfI','We The People....','2016-11-11',178,'2016-11-14 16:55:24',NULL),(4325,'dMMUH_ZpbB0','Starboy Ft. Daft Punk','2016-11-11',232,'2016-11-14 16:58:49',NULL),(4326,'o10EV4PG40U','Take My Breath Away','2016-11-02',191,'2016-11-14 17:02:35',NULL),(4327,'kf9M5AET4ac','Conrad','2016-11-07',224,'2016-11-14 17:03:55',NULL),(4328,'PiBX-ESFDF0','Sunday Morning','2009-10-09',261,'2016-11-27 17:09:04',NULL),(4329,'-nC5TBv3sfU','Tech Noir','2015-11-03',319,'2016-11-29 19:06:53',NULL),(4330,'J_8xCOSekog','My Favorite Part (Feat. Ariana Grande)','2016-12-13',275,'2016-12-15 06:46:25',NULL),(4331,'en2D_5TzXCA','Million Reasons','2016-12-14',253,'2016-12-15 06:55:22',NULL),(4332,'yuBbGyWSc-c','St. Brick Intro','2016-12-02',278,'2016-12-16 06:55:14',NULL),(4333,'jfLcPYA3Nlk','Baby Says','2011-10-28',279,'2016-12-23 10:40:05',NULL),(4334,'_66jPJVS4JE','Waiting For Tonight','2009-11-24',250,'2017-01-01 11:26:25',NULL),(4335,'3Uo0JAUWijM','Happy New Year','2009-10-08',268,'2017-01-01 11:33:21',NULL),(4336,'aXjhsn59NoI','Happy New Year | Raghu Dixit | Pannaga Bharana','2016-12-30',246,'2017-01-01 12:05:29',NULL),(4337,'luUUnuaxIFQ','Happy New Year','2012-12-17',263,'2017-01-01 12:10:56',NULL),(4338,'4T5km19zUG4','New Year','2012-12-09',215,'2017-01-01 12:14:59',NULL),(4339,'_i5fBY3a5Q0','New Year\'s Day','2016-12-30',266,'2017-01-01 12:16:07',NULL),(4340,'NSgHGFuPNus','The New Year','2009-01-13',241,'2017-01-01 12:18:01',NULL),(4341,'IJ-I7S86ASQ','New Years Eve  Ft. Marty James','2010-12-29',208,'2017-01-01 12:20:03',NULL),(4342,'GvXpkH-gl3Q','What Are You Doing New Year\'s Eve?','2016-12-06',277,'2017-01-01 12:22:44',NULL),(4343,'27R_goWiAAU','This Is The New Year','2013-04-24',200,'2017-01-01 12:55:51',NULL),(4344,'jGhZxKDN7P8','New Year','2015-11-01',199,'2017-01-01 12:59:03',NULL),(4345,'_dK2tDK9grQ','Shape Of You','2017-01-06',236,'2017-01-22 19:29:13',NULL),(4346,'uEJuoEs1UxY','I Got You','2017-01-06',197,'2017-01-22 19:32:35',NULL),(4347,'qdeWQIM1FgY','Tape Song','2008-11-03',221,'2017-02-04 12:17:43',NULL),(4348,'VAWjsVoDpm0','Got The Life','2009-10-25',247,'2017-02-16 14:27:32',NULL),(4349,'4zdt32VHO5I','The Thing','2014-10-02',209,'2017-02-17 21:44:26',NULL),(4350,'papuvlVeZg8','Rockabye Ft. Sean Paul & Anne-Marie','2016-10-21',254,'2017-02-22 07:28:09',NULL),(4351,'RhU9MZ98jxo','Paris','2017-01-13',229,'2017-02-22 07:30:34',NULL),(4352,'fC3Cthm0HFU','Last Donut Of The Night','2011-08-16',146,'2017-02-23 10:37:32',NULL),(4353,'rYuhWd4QI0k','Donuts (Prod. Esta)','2013-10-07',209,'2017-02-23 12:27:53',NULL),(4354,'ihLdxPLPIKI','Donuts In A Lambo','2016-08-17',268,'2017-02-23 12:32:19',NULL),(4355,'QetvK6ldl2s','Smooth Sailing','2014-04-08',328,'2017-02-25 08:37:25',NULL),(4356,'sPLEbAVjiLA','Paranoid Android','2009-03-04',399,'2017-02-28 20:01:17',NULL),(4357,'FM7MFYoylVs','Something Just Like This','2017-02-22',248,'2017-03-13 22:10:03',NULL),(4358,'Um7pMggPnug','Chained To The Rhythm Ft. Skip Marley','2017-02-21',241,'2017-03-13 22:12:58',NULL),(4359,'hi4pzKvuEQM','Gold','2014-08-12',260,'2017-03-19 13:30:47',NULL),(4360,'rjr42vJSrcY','Beta W Benzie','2017-03-16',213,'2017-03-23 21:20:30',NULL),(4361,'7wtfhZwyrcc','Believer','2017-03-07',217,'2017-03-23 21:55:27',NULL),(4362,'JkD0wILd5hE','Bigstar (Prod. Secretrank)','2016-06-06',226,'2017-03-26 21:35:35',NULL),(4363,'Y1_VsyLAGuk','Tuesday Ft. Danelle Sandoval','2016-07-16',191,'2017-03-30 07:07:48',NULL),(4364,'jGflUbPQfW8','Cheerleader (Felix Jaehn Remix)','2015-04-08',190,'2017-03-30 09:05:34',NULL),(4365,'NlEfCUIAfc4','Ham','2016-05-13',171,'2017-04-09 07:44:18',NULL),(4366,'dwGO-wwKSjg','Restless','2011-07-21',180,'2017-04-09 19:01:18',NULL),(4367,'KDxJlW6cxRk','Ocean Drive','2015-09-15',208,'2017-04-09 19:09:08',NULL),(4368,'FHCYHldJi_g','I Got U Ft. Jax Jones','2014-02-19',239,'2017-04-09 19:18:15',NULL),(4369,'BS46C2z5lVE','My Love Ft. Jess Glynne','2014-01-27',191,'2017-04-09 20:46:16',NULL),(4370,'tZ5Mu2gs-M8','Grief','2015-03-17',271,'2017-04-09 20:52:41',NULL),(4371,'t5Sd5c4o9UM','E.T.  Ft. Kanye West','2011-03-31',309,'2017-04-10 19:44:08',NULL),(4372,'lfEVLXu3NXs','House Every Weekend','2015-05-01',182,'2017-04-10 20:23:00',NULL),(4373,'SCcVrLcGD7k','Fucking Young','2015-04-09',390,'2017-04-10 20:26:28',NULL),(4374,'RNuUgbUzM8U','Gold Dust','2010-06-22',213,'2017-04-11 21:13:11',NULL),(4375,'Gevj5LNWx6c','The Blues Feat. Dan Reeder','2017-01-14',185,'2017-04-12 19:42:20',NULL),(4376,'tvTRZJ-4EyI','Humble.','2017-03-30',184,'2017-04-12 19:51:42',NULL),(4377,'hu9pTGFjA4c','Ultralife','2017-04-12',215,'2017-04-13 18:22:43',NULL),(4378,'9GFI6Rf-IkI','The Fight Song','2009-10-08',175,'2017-04-14 06:51:06',NULL),(4379,'jvipPYFebWc','Lindsey Stirling','2014-10-20',219,'2017-04-26 14:20:25',NULL),(4380,'8gsGhdZDC-0','Chained To The Rhythm Ft. Skip Marley','2017-02-10',236,'2017-04-28 18:11:56',NULL),(4381,'n6P0SitRwy8','Heart-Shaped Box','2009-06-16',285,'2017-05-14 07:11:51',NULL),(4382,'QIc-7BFPwSU','Jak Lew','2016-07-13',238,'2017-06-25 00:44:42',NULL),(4383,'sT0g16_LQaQ','Dammit','2009-06-16',171,'2017-06-27 07:10:08',NULL),(4384,'06wmI1sto34','Analogpunk 2.0','2017-07-05',193,'2017-07-07 15:18:45',NULL),(4385,'Tg-Q-Acv4qs','Nikita','2016-11-25',293,'2017-07-10 07:43:58',NULL),(4386,'DtVBCG6ThDk','Rocket Man','2017-05-22',283,'2017-07-10 07:54:16',NULL),(4387,'Jwgf3wmiA04','Drag Me Down','2015-08-21',192,'2017-07-10 14:34:06',NULL),(4388,'dmJefsOErr0','Swang','2017-02-16',229,'2017-07-10 14:43:29',NULL),(4389,'ewRjZoRtu0Y','Paper Planes','2009-06-17',205,'2017-07-10 15:01:26',NULL),(4390,'zRIbf6JqkNc','Don\'t Cry','2009-10-09',315,'2017-07-11 19:52:55',NULL),(4391,'h6KYAVn8ons','I Guess That\'s Why They Call It The Blues','2010-09-01',284,'2017-07-13 05:52:27',NULL),(4392,'RqcjBLMaWCg','2u (The Victoria’s Secret Angels Lip Sync)','2017-06-09',195,'2017-07-16 11:54:02',NULL),(4393,'X0ZVaFO7cGE','Swish Swish (Lyric Video Starring Gretchen) Ft. Nicki Minaj','2017-07-03',227,'2017-07-16 12:03:32',NULL),(4394,'ZAufONAig6w','#Ctzk / Skrrrt / 2017','2017-06-12',261,'2017-07-16 13:53:21',NULL),(4395,'DPtfsk4ETjM','These Boots Are Made For Walkin\'','2009-10-03',250,'2017-07-16 14:04:06',NULL),(4396,'irxZsKBTXCQ','A Public Affair','2009-10-03',247,'2017-07-16 14:10:49',NULL),(4397,'CpaaHXDaRgU','Blue Suede Shoes','2017-04-18',222,'2017-07-16 14:16:04',NULL),(4398,'o41A91X5pns','Goody Two Shoes','2010-12-20',202,'2017-07-16 14:20:32',NULL),(4399,'hmbUNF1Q4R8','New Shoes','2007-06-15',224,'2017-07-16 17:13:45',NULL),(4400,'RM_DON9L5No','Louboutins','2010-01-04',218,'2017-07-16 17:26:45',NULL),(4401,'D0LyJqzaT2Q','Rezzi (Lata Dans)','2017-05-08',254,'2017-07-18 18:47:26',NULL),(4402,'q76EfgGXvIY','Pażałsta (Prod. Sir Mich)','2015-01-14',200,'2017-07-19 13:35:23',NULL),(4403,'ayGh05yrZDA','Wunder-Baum (Prod. Sir Mich)','2015-02-24',238,'2017-07-19 14:38:36',NULL),(4404,'p3ELX-nPeVo','Sportowa Warszawa (+Goście)','2013-06-01',539,'2017-07-21 16:56:32',NULL),(4405,'N1y27xUPEOE','ŻYcie Na Patencie + Goście','2013-03-21',260,'2017-07-21 18:06:10',NULL),(4406,'ifwc5xgI3QM','Run','2017-06-01',382,'2017-07-22 14:07:41',NULL),(4407,'aVK-kiSae2g','NFZ','2017-01-15',235,'2017-07-23 13:35:32',NULL),(4408,'Wy2w8GtRBKg','Nie Dla Ciebie (Prod. 101 Decybeli)','2016-10-23',248,'2017-07-23 15:31:57',NULL),(4409,'Wdq_2uBlLTE','Kawa I Xanax (Prod. Notime)','2017-05-30',209,'2017-07-23 19:30:06',NULL),(4410,'MILQ4kOzw3k','Lambo','2016-08-03',176,'2017-07-23 19:43:44',NULL),(4411,'MLjjMgmWl4A','Biały I Młody','2016-12-16',258,'2017-07-24 14:40:09',NULL),(4412,'aJBu5tc_HcA','T-Killa','2017-06-21',285,'2017-07-25 23:02:51',NULL),(4413,'B0dM1JxSJ5g','Ta Dama','2015-10-12',166,'2017-07-28 14:50:55',NULL),(4414,'1lfFF0joUqI','Mała Mi','2015-02-02',211,'2017-07-29 19:41:22',NULL),(4415,'Kk4MqCg7F3s','Supergirl (Auer Remix)','2012-10-02',287,'2017-07-29 19:52:31',NULL),(4416,'e-ASfL31Dv4','Zwariowane Życie','2013-07-14',262,'2017-07-31 13:01:42',NULL),(4417,'Yxz5G4foV0E','Obsesja','2013-03-25',217,'2017-07-31 14:41:09',NULL),(4418,'p2EFLevSBCI','Ou Est Le Soleil','2014-06-21',252,'2017-08-07 23:15:27',NULL),(4419,'KhzGSHNhnbI','undefined','2017-07-07',3672,'2017-08-17 21:14:14',NULL),(4420,'3tUh-x-fp8Q','Bad Habit','2014-10-17',219,'2017-08-20 10:54:36',NULL),(4421,'6366dxFf-Os','Why\'d You Only Call Me When You\'re High?','2013-08-10',289,'2017-08-20 11:04:48',NULL),(4422,'ttWQK5VXskA','My Band Ft. Cameo','2009-06-17',338,'2017-08-20 11:17:16',NULL),(4423,'_zPlr-o-YEQ','You & Me  Feat. Eliza Doolittle  (Flume Remix)','2014-02-24',286,'2017-08-23 21:10:12',NULL),(4424,'tw429JGL5zo','Move Bitch Ft. Mystikal, I-20','2009-10-08',231,'2017-08-23 21:19:34',NULL),(4425,'6WJFjXtHcy4','Gucci Gucci','2011-05-17',191,'2017-08-25 22:31:50',NULL),(4426,'JxLS-cpgbe0','Dolce & Gabbana','2013-09-17',204,'2017-08-25 22:32:50',NULL),(4427,'3K0RzZGpyds','Look What You Made Me Do','2017-08-25',215,'2017-08-27 15:54:56',NULL),(4428,'oh2LWWORoiM','Habits (Stay High)','2014-03-17',209,'2017-08-30 12:56:48',NULL),(4429,'NHydngA5C4E','The Power Of Good-bye','2009-10-27',252,'2017-09-02 19:43:39',NULL),(4430,'fIQVVGJeIzA','Roller Skate','2017-09-07',200,'2017-09-10 20:33:01',NULL),(4431,'qh7QJ_jLam0','Too Dumb To Die','2017-09-08',206,'2017-09-10 20:42:54',NULL),(4432,'WDaNJW_jEBo','I Know What You Want Ft. Flipmode Squad','2014-01-22',317,'2017-09-20 20:13:00',NULL),(4433,'RrU2DThhsZI','Feeling For You','2016-05-03',216,'2017-09-23 10:03:35',NULL),(4434,'Q0oIoR9mLwc','Dark Necessities','2016-06-17',304,'2017-09-25 12:56:52',NULL),(4435,'oDNcL1VP3rY','Tell Me Baby','2011-07-19',301,'2017-09-25 13:38:57',NULL),(4436,'cvChjHcABPA','Sos','2009-10-08',199,'2017-10-03 22:41:11',NULL),(4437,'r8BsuT0PWdI','Flashed Junk Mind','2014-09-19',239,'2017-10-04 16:30:08',NULL),(4438,'4TV_128Fz2g','The Cigarette Duet','2011-06-07',263,'2017-10-09 19:12:00',NULL),(4439,'MsduHmjQlgI','Heartbreaker','2008-08-11',235,'2017-10-10 06:05:46',NULL),(4440,'9P2w_hq8YTk','Everything Goes My Way','2011-09-29',183,'2017-10-10 12:02:50',NULL),(4441,'iQS4oa-dgLY','I\'m Aquarius','2013-12-18',252,'2017-10-12 14:51:24',NULL),(4442,'Azf0BVBrJ0c','Reservoir','2014-05-07',220,'2017-10-12 14:59:32',NULL),(4443,'Qok9Ialei4c','Miss Atomic Bomb','2012-12-11',294,'2017-10-12 15:05:56',NULL),(4444,'wycjnCCgUes','Feels Like We Only Go Backwards','2012-11-08',201,'2017-10-12 15:16:08',NULL),(4445,'_opF2Dn6Fk4','The Moment','2015-11-07',308,'2017-10-12 20:46:40',NULL),(4446,'wzI8XmXvjkY','Ghosts Are Dancing','2012-10-31',200,'2017-10-13 11:48:31',NULL),(4447,'kg_EYc3SFuQ','The Ancestor','2012-10-09',215,'2017-10-13 12:27:55',NULL),(4448,'pFptt7Cargc','Let It Happen','2015-08-17',257,'2017-10-17 13:12:07',NULL),(4449,'b0eFx5a-FMg','Young & Unafraid','2015-05-04',210,'2017-10-18 07:32:15',NULL),(4450,'xmUZ6nCFNoU','Today','2011-08-03',241,'2017-10-18 08:08:04',NULL),(4451,'hZSrzL-kb38','Sleepless','2013-04-02',209,'2017-10-22 19:09:40',NULL),(4452,'_U5IhEAFGwQ','You Could Be Mine','2014-01-19',376,'2017-10-23 06:09:39',NULL),(4453,'1VQ_3sBZEm0','Learn To Fly','2009-10-03',276,'2017-10-24 06:17:26',NULL),(4454,'f4Mc-NYPHaQ','I Want To Break Free','2008-09-01',272,'2017-10-25 07:28:17',NULL),(4455,'31mlEEs9_Vk','Look At Me','2011-07-30',257,'2017-10-26 23:58:11',NULL),(4456,'P5mtclwloEQ','I\'m Too Sexy','2009-06-14',180,'2017-10-27 01:00:33',NULL),(4457,'3tmd-ClpJxA','Look What You Made Me Do','2017-08-28',256,'2017-10-27 01:08:25',NULL),(4458,'roRcksH2_HQ','Party Like Tomorrow Is The End Of The World (Explicit)','2013-10-28',318,'2017-10-29 10:02:40',NULL),(4459,'wQRV5omnBBU','Do It Right Ft. Tkay Maidza','2016-06-02',186,'2017-10-29 11:06:15',NULL),(4460,'8wRW57nBLMI','I Wanna Feel','2014-04-25',211,'2017-10-29 11:14:35',NULL),(4461,'KDPW_g2AhAU','Free Ft. Emeli Sandé','2013-10-24',272,'2017-10-29 12:21:04',NULL),(4462,'CJinWua98NA','Kangaroo Court','2013-09-05',283,'2017-10-29 22:14:18',NULL),(4463,'I2XfVml6o24','Sick Love','2016-12-05',227,'2017-11-04 19:21:05',NULL),(4464,'VrDfSZ_6f4U','Day \'N\' Nite','2009-10-09',188,'2017-11-09 10:33:12',NULL),(4465,'YJ8Z9v4jr_M','Dis Finna Be A Breeze!','2017-11-03',177,'2017-11-09 13:59:05',NULL),(4466,'h_kNovMUJ6o','Super Crip','2017-03-18',255,'2017-11-09 14:01:07',NULL),(4467,'Ki0mCtfVtdU','Bubblegum Free Prod.@tsksomd','2016-08-30',177,'2017-11-22 00:11:01',NULL),(4468,'nO37LQq_qPM','Arnold','2017-11-21',167,'2017-11-23 12:40:44',NULL),(4469,'4Y0OjXN095Q','Dopóki Jestem','2011-11-16',240,'2017-11-26 15:37:40',NULL),(4470,'WWkdUU8Ayfk','Еще до старта далеко (Feat. Павел Мурашов) [премьера клипа, 2015]','2015-07-29',202,'2017-11-26 18:17:55',NULL),(4471,'YZuHSgjT4JM','Nigdy Się Nie Poddaj (Prod. Nest Beatz)','2017-09-12',399,'2017-11-26 18:19:39',NULL),(4472,'lgxOvmzpCts','КАЙФУЮ','2012-02-04',210,'2017-11-28 19:35:48',NULL),(4473,'V2hlQkVJZhE','Likey','2017-10-30',222,'2017-11-28 19:45:06',NULL),(4474,'pOHQdIDds6s','It\'s Everyday Bro (Remix) [Feat. Gucci Mane]','2017-11-23',221,'2017-11-28 19:47:11',NULL),(4475,'_whGk6HjUAQ','Got U (Ready Or Not)','2017-07-03',196,'2017-12-01 08:56:02',NULL),(4476,'0n5kgP-O83k','Pasja Prod. Swr','2015-01-01',233,'2017-12-01 08:58:35',NULL),(4477,'wtMyRroOS-o','Sporty Walki Gostyń (Prod. Kakoy)','2015-03-08',172,'2017-12-03 12:49:11',NULL),(4478,'pFoja4b0ZFo','Go Fuck Yourself','2017-10-31',130,'2017-12-05 13:05:00',NULL),(4479,'OGGwv3Zjq88','The Satanist','2015-09-15',281,'2017-12-07 15:24:51',NULL),(4480,'dGZmNRMjIRk','Nie Śpię Bo Trzymam Gardę (Prod. Got Barss)','2016-11-23',266,'2017-12-08 15:00:32',NULL),(4481,'NZmmZobqWG4','Dead Man Walking','2014-01-15',302,'2017-12-08 16:45:41',NULL),(4482,'bpOSxM0rNPM','Do I Wanna Know?','2013-06-19',266,'2017-12-11 07:10:57',NULL),(4483,'cVv2ZOXVYkQ','Kontrola Jakości ft. Szpaku Prod. soSpecial','2017-10-30',248,'2017-12-13 01:12:57',NULL),(4484,'YLMJW62HE8A','My (O Mnie, O Tobie, O Nas)','2017-06-08',233,'2017-12-22 20:00:04',NULL),(4485,'6Ejga4kJUts','Zombie','2009-06-16',316,'2017-12-28 07:40:15',NULL),(4486,'HAWSBEhPiY8','05:05','2017-12-21',231,'2017-12-28 16:00:57',NULL),(4487,'78yMTyUz_Wk','Incepcja','2017-12-19',231,'2017-12-29 15:35:06',NULL),(4488,'Pjg3AOIbKO4','Murrrda (Warszawa Hotël)','2017-12-31',285,'2018-01-01 22:25:02',NULL),(4489,'Od6Y--1jrKY','Eldorado [Official Video]','2017-10-19',265,'2018-01-03 12:27:01',NULL),(4490,'cgUjuGI4XJM','Mogłem (Prod. Louis Villain)','2017-12-20',258,'2018-01-03 12:51:40',NULL),(4491,'ryr75N0nki0','Walk On Water Ft. Beyoncé','2017-12-24',322,'2018-01-03 14:24:01',NULL),(4492,'EbfK7dei7ec','Betrayed (Dir. By @_colebennett_)','2017-08-28',183,'2018-01-03 14:42:32',NULL),(4493,'2CXD8PK6Djc','Sunday','2009-10-07',242,'2018-01-09 15:32:19',NULL),(4494,'mHWr4WY9o24','Walk This Way','2014-06-16',227,'2018-01-11 14:43:57',NULL),(4495,'E2Qe3_gSG8Y','Filipiny','2018-01-04',175,'2018-01-11 17:35:55',NULL),(4496,'bNEOwb9YA54','Moc Energia I Papryka (Skoki Song)','2018-01-06',200,'2018-01-11 18:06:05',NULL),(4497,'Q7JiG2z7pio','Mhm - Lecę, Chwila, Spadam','2014-05-08',314,'2018-01-14 12:35:48',NULL),(4498,'W4ZVTUePMmc','Zbyt Dziabnięty','2014-05-22',311,'2018-01-14 12:49:51',NULL),(4499,'-fGoW73hLLg','Pola Ar','2016-11-18',340,'2018-01-25 18:57:27',NULL),(4500,'352IcwNtYTQ','Keep On Dancing','2013-08-27',192,'2018-01-29 21:37:41',NULL),(4501,'G005RC4tlVc','Clockwise (Feat. Nick Row)','2018-02-02',219,'2018-02-10 21:43:58',NULL),(4502,'fQHEBL9Izn0','404 Prod. White House Skr. Dj Jaroz | Reset','2018-02-08',200,'2018-02-12 09:26:39',NULL),(4503,'Bij1mFZv98M','Czarne Lustra Prod. White House | Reset','2017-11-30',249,'2018-02-12 09:29:05',NULL),(4504,'r1NSg1_ObSE','Lassie Wróć (Prod.Friz + Olek)','2018-02-15',255,'2018-02-18 04:06:54',NULL),(4505,'wfWIs2gFTAM','River Ft. Ed Sheeran','2018-02-14',415,'2018-02-18 19:45:24',NULL),(4506,'4SxYxzndyGY','Cesarz Prod. Boryrobibity','2018-02-05',189,'2018-02-19 12:06:40',NULL),(4507,'nLEGbZI3Grc','Pompuj Pompuj (Official Video) Prod. Donde | Rekontakt','2013-06-01',276,'2018-02-19 12:31:28',NULL),(4508,'oZbo4l0BvwQ','DMT','2018-02-23',257,'2018-02-23 16:36:51',NULL),(4509,'ftOsgV5s78o','Zawsze Dobra Passa','2018-01-02',207,'2018-02-24 08:58:18',NULL),(4510,'42RpIcaGMgM','Idę Na Całość','2017-05-16',297,'2018-02-24 09:03:51',NULL),(4511,'Px6pBgYmd7w','Pogba (Prod. Got Barss)','2018-02-22',166,'2018-03-02 21:00:42',NULL),(4512,'GjkqNwYEzN0','Guczi Sruczi Look','2018-02-01',223,'2018-03-02 21:22:32',NULL),(4513,'ZVRxh7mo3iY','Alcatraz','2018-02-22',208,'2018-03-04 09:58:06',NULL),(4514,'WfPu9Jrcpuk','Like I Do','2018-02-22',203,'2018-03-04 10:04:52',NULL),(4515,'kREQJCEfGIY','Tic Tac Toe','2017-05-19',241,'2018-03-04 18:50:18',NULL),(4516,'yOV5D5_RZzE','Sportowa Dama','2017-02-20',196,'2018-03-07 18:01:34',NULL),(4517,'AzAtim0o7Sw','Muay Thai','2014-09-01',183,'2018-03-08 03:19:44',NULL),(4518,'ikh2r7b8CAI','15 Centymetrów','2014-08-29',287,'2018-03-10 09:34:22',NULL),(4519,'p90H575__bY','Mam Małego!','2017-05-01',182,'2018-03-10 09:37:10',NULL),(4520,'7p7vmwAMYgM','Daj Mi Siebie','2014-08-10',217,'2018-03-10 09:49:17',NULL),(4521,'cl28Dk0I62E','Tequila','2015-09-15',220,'2018-03-11 12:14:22',NULL),(4522,'xc7PZyOaB1s','Cardio','2017-10-12',258,'2018-03-11 21:38:03',NULL),(4523,'x9BILEBcx5c','Supergirl','2017-06-22',232,'2018-03-12 17:02:18',NULL),(4524,'HDTl9grOBdw','Audi w LPG (el pe dżi)','2016-11-04',226,'2018-03-13 07:49:53',NULL),(4525,'qdmoBy3ud7U','Merol','2017-08-11',230,'2018-03-13 07:52:21',NULL),(4526,'qalEMMQooNk','Piąta Osiemnastka','2016-05-05',206,'2018-03-13 07:59:07',NULL),(4527,'wGs4YcVyKtQ','Co Gdyby Nie Sport (Prod. Dos)','2014-08-15',221,'2018-03-13 13:38:01',NULL),(4528,'0JSt7RCgHic','Trenuj (Prod. M.C.)','2013-04-22',207,'2018-03-13 13:43:22',NULL),(4529,'mkgqJn-Hj98','Na Rozgrzewkę','2017-04-03',179,'2018-03-13 21:07:27',NULL),(4530,'BmqfygwiHqg','Ostra Pompa','2017-01-02',213,'2018-03-14 09:07:34',NULL),(4531,'NqULoKkyhnU','Eternal (Ft. Zedion)','2018-02-16',274,'2018-03-15 10:29:16',NULL),(4532,'kXYiU_JCYtU','Numb','2007-03-05',187,'2018-03-15 14:46:18',NULL),(4533,'y6120QOlsfU','Sandstorm','2009-07-05',233,'2018-03-16 10:01:27',NULL),(4534,'LLyvBHeeono','Watch Out','2012-03-21',176,'2018-03-16 10:10:25',NULL),(4535,'oIWV3WKpC2U','Hype (Prod. Chris Carson)','2014-07-15',273,'2018-03-16 10:30:06',NULL),(4536,'Evug3WXIdak','ŚLepcy (Feat. Sylwia Dynek) [Kooza Mash-up]','2016-04-20',190,'2018-03-16 10:43:31',NULL),(4537,'HPP0yB-_blA','Show Me','2017-06-07',189,'2018-03-17 08:12:42',NULL),(4538,'IUOBnU57f9c','Sam Przeciwko Wszystkim','2013-01-04',266,'2018-03-23 07:57:59',NULL),(4539,'My2FRPA3Gf8','Wrecking Ball','2013-09-09',222,'2018-05-05 08:35:05',NULL),(4540,'k1BFHYtZlAU','Stay Together For The Kids','2009-06-17',238,'2018-05-05 08:36:38',NULL),(4541,'TjB-JpeF18s','Czeski Film // Skrecze: Dj Shoodee // Prod. Nws & Wowo.','2017-10-19',245,'2018-05-13 07:28:31',NULL),(4542,'CY8E6N5Nzec','Friends *Official Friendzone Anthem*','2018-02-09',206,'2018-05-20 21:33:09',NULL),(4543,'5JqY-6q-RNA','The Phoenix (Kinetic Typography Lyrics)','2017-02-27',249,'2018-05-30 21:33:38',NULL),(4544,'xPliEy0-2xI','Mi Mi Mi','2013-07-02',204,'2018-06-02 08:04:53',NULL),(4545,'n_I72uiqwa0','Alkoholizm','2012-04-03',298,'2018-06-02 08:06:54',NULL),(4546,'-sNWKbnaFkg','Bad Karma','2017-01-13',432,'2018-06-02 09:03:34',NULL),(4547,'8bdeizHM9OU','Rich Bitch','2011-03-08',177,'2018-06-02 11:23:08',NULL),(4548,'JeGP5uGMn-g','Naked','2017-09-14',350,'2018-06-03 08:20:10',NULL),(4549,'wqi7YGePjZU','Hold You','2015-07-03',202,'2018-06-03 08:29:57',NULL),(4550,'5GL9JoH4Sws','Work From Home Ft. Ty Dolla $Ign','2016-02-26',220,'2018-06-04 09:31:22',NULL),(4551,'UprcpdwuwCg','Heathens','2016-06-21',218,'2018-06-04 09:55:46',NULL),(4552,'lVb_t_ao9gw','Day \'N\' Nite','2008-12-04',211,'2018-06-05 20:40:24',NULL),(4553,'dTAAsCNK7RA','Here It Goes Again','2009-02-27',185,'2018-06-15 15:43:01',NULL),(4554,'_i_qxQztHRI','Gold Cobra','2011-06-28',285,'2018-06-18 15:29:18',NULL);
/*!40000 ALTER TABLE `video` ENABLE KEYS */;
UNLOCK TABLES;

--
-- Dumping routines for database 'culture'
--
/*!50003 DROP FUNCTION IF EXISTS `clean_time` */;
/*!50003 SET @saved_cs_client      = @@character_set_client */ ;
/*!50003 SET @saved_cs_results     = @@character_set_results */ ;
/*!50003 SET @saved_col_connection = @@collation_connection */ ;
/*!50003 SET character_set_client  = utf8mb4 */ ;
/*!50003 SET character_set_results = utf8mb4 */ ;
/*!50003 SET collation_connection  = utf8mb4_unicode_ci */ ;
/*!50003 SET @saved_sql_mode       = @@sql_mode */ ;
/*!50003 SET sql_mode              = '' */ ;
DELIMITER ;;
CREATE DEFINER=`szkola_admin`@`localhost` FUNCTION `clean_time`(`s` INT(5)) RETURNS varchar(11) CHARSET utf8
    DETERMINISTIC
BEGIN
DECLARE hours, minutes, seconds INT;
SET hours = s DIV 3600;
SET minutes = (s MOD 3600) DIV 60;
SET seconds = s MOD 60;
IF hours > 0 THEN
	RETURN CONCAT_WS(':',hours, LPAD(minutes,2,'0'), LPAD(seconds, 2, '0'));
ELSE
	RETURN CONCAT_WS(':', minutes, LPAD(seconds,2,'0'));
END IF;
END ;;
DELIMITER ;
/*!50003 SET sql_mode              = @saved_sql_mode */ ;
/*!50003 SET character_set_client  = @saved_cs_client */ ;
/*!50003 SET character_set_results = @saved_cs_results */ ;
/*!50003 SET collation_connection  = @saved_col_connection */ ;
/*!50003 DROP FUNCTION IF EXISTS `f_episode` */;
/*!50003 SET @saved_cs_client      = @@character_set_client */ ;
/*!50003 SET @saved_cs_results     = @@character_set_results */ ;
/*!50003 SET @saved_col_connection = @@collation_connection */ ;
/*!50003 SET character_set_client  = utf8mb4 */ ;
/*!50003 SET character_set_results = utf8mb4 */ ;
/*!50003 SET collation_connection  = utf8mb4_unicode_ci */ ;
/*!50003 SET @saved_sql_mode       = @@sql_mode */ ;
/*!50003 SET sql_mode              = '' */ ;
DELIMITER ;;
CREATE DEFINER=`szkola_admin`@`localhost` FUNCTION `f_episode`(`number` INT(10)) RETURNS varchar(4) CHARSET utf8
    DETERMINISTIC
BEGIN
IF number <= 9 THEN
	RETURN CONCAT('E',LPAD(number, 2, 0));
ELSE
	RETURN CONCAT('E',number);
END IF;
END ;;
DELIMITER ;
/*!50003 SET sql_mode              = @saved_sql_mode */ ;
/*!50003 SET character_set_client  = @saved_cs_client */ ;
/*!50003 SET character_set_results = @saved_cs_results */ ;
/*!50003 SET collation_connection  = @saved_col_connection */ ;
/*!50003 DROP FUNCTION IF EXISTS `generate_slug` */;
/*!50003 SET @saved_cs_client      = @@character_set_client */ ;
/*!50003 SET @saved_cs_results     = @@character_set_results */ ;
/*!50003 SET @saved_col_connection = @@collation_connection */ ;
/*!50003 SET character_set_client  = utf8mb4 */ ;
/*!50003 SET character_set_results = utf8mb4 */ ;
/*!50003 SET collation_connection  = utf8mb4_unicode_ci */ ;
/*!50003 SET @saved_sql_mode       = @@sql_mode */ ;
/*!50003 SET sql_mode              = '' */ ;
DELIMITER ;;
CREATE DEFINER=`szkola_admin`@`localhost` FUNCTION `generate_slug`(`str` VARCHAR(512)) RETURNS varchar(512) CHARSET utf8
    NO SQL
    SQL SECURITY INVOKER
BEGIN
  SET str = tr(
            tr(
                LOWER(str)
                , 'áàäâãåéèëêíìïîóòöôõúùüûñýçğş'
                , 'aaaaaaeeeeiiiiooooouuuunycgs'
            )
            , '\\#$%&/¿?¡!¬|@~«<{[()]}>»·*+=.,;:ªº^°"''`´‘’”“'
            , NULL
  );

  WHILE str LIKE '%  %' DO
    SET str = REPLACE(str, '  ', ' ');
  END WHILE;

  RETURN REPLACE(
                  REPLACE(
                           str
                          ,'_'
                          ,'-'
                  )
                  , ' '
                  , '-'
  );
END ;;
DELIMITER ;
/*!50003 SET sql_mode              = @saved_sql_mode */ ;
/*!50003 SET character_set_client  = @saved_cs_client */ ;
/*!50003 SET character_set_results = @saved_cs_results */ ;
/*!50003 SET collation_connection  = @saved_col_connection */ ;
/*!40103 SET TIME_ZONE=@OLD_TIME_ZONE */;

/*!40101 SET SQL_MODE=@OLD_SQL_MODE */;
/*!40014 SET FOREIGN_KEY_CHECKS=@OLD_FOREIGN_KEY_CHECKS */;
/*!40014 SET UNIQUE_CHECKS=@OLD_UNIQUE_CHECKS */;
/*!40101 SET CHARACTER_SET_CLIENT=@OLD_CHARACTER_SET_CLIENT */;
/*!40101 SET CHARACTER_SET_RESULTS=@OLD_CHARACTER_SET_RESULTS */;
/*!40101 SET COLLATION_CONNECTION=@OLD_COLLATION_CONNECTION */;
/*!40111 SET SQL_NOTES=@OLD_SQL_NOTES */;

-- Dump completed on 2018-10-08  1:28:38
