-- MySQL dump 10.14  Distrib 5.5.60-MariaDB, for Linux (x86_64)
--
-- Host: localhost    Database: test
-- ------------------------------------------------------
-- Server version	5.5.60-MariaDB

/*!40101 SET @OLD_CHARACTER_SET_CLIENT=@@CHARACTER_SET_CLIENT */;
/*!40101 SET @OLD_CHARACTER_SET_RESULTS=@@CHARACTER_SET_RESULTS */;
/*!40101 SET @OLD_COLLATION_CONNECTION=@@COLLATION_CONNECTION */;
/*!40101 SET NAMES utf8 */;
/*!40103 SET @OLD_TIME_ZONE=@@TIME_ZONE */;
/*!40103 SET TIME_ZONE='+00:00' */;
/*!40014 SET @OLD_UNIQUE_CHECKS=@@UNIQUE_CHECKS, UNIQUE_CHECKS=0 */;
/*!40014 SET @OLD_FOREIGN_KEY_CHECKS=@@FOREIGN_KEY_CHECKS, FOREIGN_KEY_CHECKS=0 */;
/*!40101 SET @OLD_SQL_MODE=@@SQL_MODE, SQL_MODE='NO_AUTO_VALUE_ON_ZERO' */;
/*!40111 SET @OLD_SQL_NOTES=@@SQL_NOTES, SQL_NOTES=0 */;

--
-- Table structure for table `artist`
--

DROP TABLE IF EXISTS `artist`;
/*!40101 SET @saved_cs_client     = @@character_set_client */;
/*!40101 SET character_set_client = utf8 */;
CREATE TABLE `artist` (
  `artist_slug_id` varchar(255) NOT NULL,
  `name` varchar(100) NOT NULL,
  `created_at` timestamp NULL DEFAULT CURRENT_TIMESTAMP,
  PRIMARY KEY (`artist_slug_id`)
) ENGINE=InnoDB DEFAULT CHARSET=utf8;
/*!40101 SET character_set_client = @saved_cs_client */;

--
-- Dumping data for table `artist`
--

LOCK TABLES `artist` WRITE;
/*!40000 ALTER TABLE `artist` DISABLE KEYS */;
INSERT INTO `artist` VALUES ('18-tede','18. Tede',NULL),('2pac','2Pac',NULL),('50-cent','50 Cent',NULL),('a-great-big-world','A Great Big World',NULL),('a-tribe-called-quest','A Tribe Called Quest',NULL),('abba','Abba',NULL),('adam-ant','Adam Ant',NULL),('aerosmith','Aerosmith',NULL),('afroman','Afroman',NULL),('alesso','Alesso',NULL),('alex-clare','Alex Clare',NULL),('alex-gaudino-feat-shena','Alex Gaudino Feat.  Shena',NULL),('alexander-lewis','Alexander Lewis',NULL),('alexandra-stan','Alexandra Stan',NULL),('alien-ant-farm','Alien Ant Farm',NULL),('alt-j','alt-J','2018-10-30 13:54:06'),('andra','Andra',NULL),('andrzej-piaseczny','Andrzej Piaseczny',NULL),('angular-4-in-60-minutes','Angular 4 In 60 Minutes',NULL),('aqua','Aqua',NULL),('arcade-fire','Arcade Fire',NULL),('architecture-in-helsinki','Architecture In Helsinki',NULL),('arctic-monkeys','Arctic Monkeys',NULL),('ariana-grande','Ariana Grande',NULL),('armin-van-buuren','Armin Van Buuren',NULL),('armin-van-buuren-feat-trevor-guthrie','Armin Van Buuren Feat. Trevor Guthrie',NULL),('avicii','Avicii',NULL),('avicii-vs-conrad-sewell','Avicii Vs. Conrad Sewell',NULL),('avicii-vs-nicky-romero','Avicii Vs Nicky Romero',NULL),('avril-lavigne','Avril Lavigne',NULL),('axel-thesleff','Axel Thesleff',NULL),('bassjackers-ft-luciana','Bassjackers Ft. Luciana',NULL),('basto','Basto',NULL),('battles','Battles',NULL),('beastie-boys','Beastie Boys',NULL),('bebe-rexha','Bebe Rexha',NULL),('bedoes-kubi-producent','Bedoes & Kubi Producent',NULL),('beez','Beez',NULL),('behemoth','Behemoth',NULL),('benny-benassi','Benny Benassi',NULL),('beyonce','Beyoncé',NULL),('bialas','Białas',NULL),('biffy-clyro','Biffy Clyro',NULL),('blasterjaxx','Blasterjaxx',NULL),('blink-182','Blink-182',NULL),('blockhead','Blockhead',NULL),('bloodhound-gang','Bloodhound Gang',NULL),('blur','Blur',NULL),('bomba-estereo','Bomba Estéreo',NULL),('bomfunk-mc-s','Bomfunk Mc\'s',NULL),('bon-jovi','Bon Jovi',NULL),('bonus-rpk','Bonus Rpk',NULL),('bonus-rpk-arczi-szajka','Bonus Rpk & Arczi Szajka',NULL),('bonus-rpk-cs','Bonus Rpk / Cs',NULL),('boss-fight-ft-justin-roiland','Boss Fight (Ft. Justin Roiland)',NULL),('bosski-feat-sokol','Bosski',NULL),('boy6lue','Boy6lue',NULL),('boys-summertime-love','Boys (Summertime Love)',NULL),('britney-spears','Britney Spears',NULL),('bullet-for-my-valentine','Bullet For My Valentine',NULL),('burak-yeter','Burak Yeter',NULL),('busta-rhymes-mariah-carey','Busta Rhymes, Mariah Carey',NULL),('calvin-harris','Calvin Harris',NULL),('calvin-harris-disciples','Calvin Harris & Disciples',NULL),('canibus','Canibus',NULL),('capital-cities','Capital Cities',NULL),('caravan-palace','Caravan Palace',NULL),('cassius','Cassius',NULL),('chairlift','Chairlift',NULL),('charlie-puth','Charlie Puth',NULL),('chet-faker','Chet Faker',NULL),('chris-brown','Chris Brown',NULL),('chvrches','Chvrches',NULL),('ciemna-strefa','Ciemna Strefa',NULL),('clean-bandit','Clean Bandit',NULL),('coldplay','Coldplay',NULL),('covers','Covers',NULL),('craig-campbell','Craig Campbell',NULL),('cursive','Cursive',NULL),('cypress-hill','Cypress Hill',NULL),('d12','D12',NULL),('daft-punk','Daft Punk',NULL),('darlingside','Darlingside',NULL),('darude','Darude',NULL),('das-racist','Das Racist',NULL),('david-guetta-ft-justin-bieber','David Guetta Ft Justin Bieber',NULL),('david-guetta-martin-garrix-brooks','David Guetta, Martin Garrix & Brooks',NULL),('david-hasselhoff','David Hasselhoff',NULL),('david-zowie','David Zowie',NULL),('dawid-podsiadlo','Dawid Podsiadlo','2018-11-01 23:56:20'),('death-cab-for-cutie','Death Cab For Cutie',NULL),('deemz-x-bedoes-x-planbe','Deemz X Bedoes X Planbe',NULL),('deobson','Deobson',NULL),('die-aerzte','Die Ärzte',NULL),('die-antwoord','Die Antwoord',NULL),('disclosure','Disclosure',NULL),('dixo37-feat-hemp-gru-jlb','Dixo37 feat. Hemp Gru JLB',NULL),('dixon37-napalm-grupa','Dixon37 Napalm Grupa',NULL),('dj-fresh','Dj Fresh',NULL),('dj-jazzy-jeff-the-fresh-prince','Dj Jazzy Jeff & The Fresh Prince',NULL),('dj-pasza-x-kuban','Dj Pasza X Kuban',NULL),('dj-snake-ft-justin-bieber','Dj Snake Ft. Justin Bieber',NULL),('dm4-boski','DM4 - Boski',NULL),('dm4-bosski-pih','DM4 - Bosski, PIH',NULL),('don-diablo','Don Diablo',NULL),('doniu','Doniu',NULL),('dr-dre','Dr. Dre',NULL),('drive-by-truckers','Drive-By Truckers',NULL),('druzyna-mistrzow','Drużyna Mistrzów',NULL),('druzynamistrzow3-bosski-sobota','Drużynamistrzów3-Bosski & Sobota',NULL),('duke-dumont','Duke Dumont',NULL),('dye','DyE',NULL),('dziergi','Dziergi',NULL),('earl-sweatshirt','Earl Sweatshirt',NULL),('ed-sheeran','Ed Sheeran',NULL),('eisenfunk','Eisenfunk',NULL),('elliphant','Elliphant',NULL),('elton-john','Elton John',NULL),('eminem','Eminem',NULL),('enrique-iglesias','Enrique Iglesias',NULL),('eric-prydz','Eric Prydz',NULL),('eurythmics','Eurythmics','2018-10-31 08:41:09'),('fair-weather-friends','Fair Weather Friends',NULL),('fall-out-boy','Fall Out Boy',NULL),('family-force-5','Family Force 5',NULL),('farruko','Farruko',NULL),('faster','Faster',NULL),('fat-joe-remy-ma-french-montana','Fat Joe, Remy Ma, French Montana',NULL),('fergie','Fergie',NULL),('fetty-wap','Fetty Wap',NULL),('fifth-harmony','Fifth Harmony',NULL),('five','Five',NULL),('five-finger-death-punch','Five Finger Death Punch',NULL),('flairs','Flairs',NULL),('flume','Flume',NULL),('foo-fighters','Foo Fighters',NULL),('fountains-of-wayne','Fountains Of Wayne',NULL),('french-montana','French Montana',NULL),('gang-albanii','Gang Albanii',NULL),('gente-de-zona','Gente De Zona',NULL),('geri-halliwell','Geri Halliwell',NULL),('goldfish','Goldfish',NULL),('golf-boys','Golf Boys',NULL),('good-shoes','Good Shoes',NULL),('grauzone','Grauzone',NULL),('green-day','Green Day',NULL),('grzegorz-stawicki','Grzegorz Stawicki',NULL),('gucci-mane','Gucci Mane',NULL),('guns-n-roses','Guns N\' Roses',NULL),('gunship','Gunship',NULL),('guzior-ft-reto','GUZIOR ft. ReTo','2018-11-01 23:50:32'),('hans-solo','Hans Solo',NULL),('hasta-el-amanecer','Hasta El Amanecer',NULL),('hd-of-bearfaced','HD Of Bearfaced',NULL),('herbert-groenemeyer','Herbert Grönemeyer',NULL),('hole','Hole',NULL),('home-and-dry','Home And Dry',NULL),('hot-chip','Hot Chip',NULL),('hst-ft-fokus','Hst Ft. Fokus',NULL),('ice-cube','Ice Cube',NULL),('imagine-dragons','Imagine Dragons',NULL),('is-tropical','Is Tropical',NULL),('j-dilla','J Dilla',NULL),('jacob-sartorius','Jacob Sartorius',NULL),('jak-dziala-jamniczek','Jak Działa Jamniczek',NULL),('jake-paul','Jake Paul',NULL),('jarecki','Jarecki',NULL),('jay-eskar-justin-petti','Jay Eskar & Justin Petti',NULL),('jennifer-lopez','Jennifer Lopez',NULL),('jessica-simpson','Jessica Simpson',NULL),('jimmy-eat-world','Jimmy Eat World',NULL),('jonas-blue','Jonas Blue',NULL),('judas-priest','Judas Priest',NULL),('judith-holofernes-feat-maeckes','Judith Holofernes Feat. Maeckes',NULL),('junior-senior','Junior Senior',NULL),('jurad','Jurad',NULL),('juras','Juras',NULL),('justin-timberlake','Justin Timberlake',NULL),('kacey-musgraves','Kacey Musgraves',NULL),('kakkmaddafakka','Kakkmaddafakka',NULL),('kanye-west','Kanye West',NULL),('katy-perry','Katy Perry',NULL),('kaytranada','Kaytranada',NULL),('kaz-balagane-ft-belmondo','Kaz Bałagane Ft. Belmondo',NULL),('keke','Kękę',NULL),('kelis','Kelis',NULL),('kendrick-lamar','Kendrick Lamar',NULL),('kid-cudi','Kid Cudi',NULL),('kid-cudi-vs-crookers','Kid Cudi Vs Crookers',NULL),('kid-rock','Kid Rock',NULL),('kokab','Kokab',NULL),('komil-x-essex','Komil X Essex',NULL),('komodo','Komodo',NULL),('korn','Korn',NULL),('kreayshawn','Kreayshawn',NULL),('kris-menace-lifelike','Kris Menace & Lifelike',NULL),('krzysztof-napiorkowski','Krzysztof Napiorkowski',NULL),('kuba-knap','Kuba Knap',NULL),('kuban','Kuban',NULL),('kuban-x-essex','Kuban X Essex',NULL),('kurtis-blow','Kurtis Blow',NULL),('kyper','Kyper',NULL),('lady-gaga','Lady Gaga',NULL),('laki-lan','Łąki Łan',NULL),('layla','Layla',NULL),('lenny-kravitz','Lenny Kravitz',NULL),('lil-xan','Lil Xan',NULL),('limp-bizkit','Limp Bizkit',NULL),('linkin-park','Linkin Park',NULL),('lit','Lit',NULL),('litosc-to-zbrodnia','Litość To Zbrodnia',NULL),('lmfao','LMFAO',NULL),('lopez','Lopez',NULL),('loud-luxury-ft-nikki-s-wives','Loud Luxury Ft. Nikki\'s Wives',NULL),('ludacris','Ludacris',NULL),('luki','Luki',NULL),('luscious-jackson','Luscious Jackson',NULL),('m-i-a','M.I.A.',NULL),('mac-miller','Mac Miller',NULL),('madonna','Madonna',NULL),('major-lazer','Major Lazer',NULL),('malik-montana','Malik Montana',NULL),('maluma','Maluma',NULL),('mandarinki','Mandarinki',NULL),('manic-street-preachers','Manic Street Preachers',NULL),('marcin-czerwinski','Marcin Czerwiński',NULL),('margaret','Margaret',NULL),('marilyn-manson','Marilyn Manson',NULL),('marky-mark','Marky Mark',NULL),('maroon-5','Maroon 5',NULL),('marshmello-anne-marie','Marshmello & Anne-marie',NULL),('martin-solveig','Martin Solveig',NULL),('mason-vs-princess-superstar','Mason vs Princess Superstar',NULL),('matisyahu','Matisyahu',NULL),('mercury-rev','Mercury Rev',NULL),('metallica','Metallica',NULL),('metronomy','Metronomy',NULL),('michael-buble','Michael Bublé',NULL),('michael-jackson','Michael Jackson',NULL),('michael-penn','Michael Penn',NULL),('michalina-starosta','Michalina Starosta',NULL),('miike-snow','Miike Snow',NULL),('mike-perry','Mike Perry',NULL),('mike-posner','Mike Posner',NULL),('miley-cyrus','Miley Cyrus',NULL),('milky-chance','Milky Chance',NULL),('mitch-rossell','Mitch Rossell',NULL),('mlbb','MLBB',NULL),('mlody','Młody',NULL),('moby','Moby',NULL),('moby-the-void-pacific-choir','Moby & The Void Pacific Choir',NULL),('modjo','Modjo',NULL),('moe','Mø',NULL),('molesta-ewenement','Molesta Ewenement',NULL),('mr-oizo','Mr. Oizo',NULL),('mrozu','Mrozu',NULL),('murray-head','Murray Head',NULL),('my-darkest-days','My Darkest Days',NULL),('my-riot','My Riot',NULL),('myslovitz','Myslovitz',NULL),('n-e-r-d','N.E.R.D.',NULL),('nadeah','Nadéah',NULL),('nas','Nas',NULL),('nayan','Nayan',NULL),('new-radicals','New Radicals',NULL),('nicki-minaj','Nicki Minaj',NULL),('niklas-ibach','Niklas Ibach',NULL),('nina-simone','Nina Simone',NULL),('nirvana','Nirvana',NULL),('no-doubt','No Doubt',NULL),('nuits-d-etoiles','Nuits D\'etoiles',NULL),('o-s-t-r','O.S.T.R.',NULL),('o-s-t-r-hades','O.S.T.R & Hades',NULL),('o-t-genasis','O.T. Genasis',NULL),('oh-wonder','Oh Wonder',NULL),('ok-go','Ok Go',NULL),('olivia-newton-john','Olivia Newton-John',NULL),('omi','Omi',NULL),('one-direction','One Direction',NULL),('ostry-bezimienni-ft-kali-juras-pih-nest-beatz-remix','Ostry (Bezimienni) Ft. Kali, Juras, Pih, Nest Beatz Remix',NULL),('paluch','Paluch',NULL),('paolo-nutini','Paolo Nutini',NULL),('parov-stelar-feat-marvin-gaye','Parov Stelar Feat. Marvin Gaye',NULL),('partynextdoor','Partynextdoor',NULL),('paul-mccartney','Paul Mccartney',NULL),('peter-bjorn-and-john','Peter Bjorn And John','2018-10-31 08:43:28'),('pezet','Pezet',NULL),('pezet-czarny-hifi','Pezet & Czarny Hifi',NULL),('pezet-x-jimek-nie-musze-wracac','Pezet X Jimek \"Nie Muszę Wracać\"',NULL),('phora','Phora',NULL),('pitbull','Pitbull',NULL),('pod-gradobiciem-pytan','Pod Gradobiciem Pytań',NULL),('pokahontaz','Pokahantaz',NULL),('pokahontaz-ft-bob-one','Pokahontaz Ft. Bob One',NULL),('pokahontaz-ft-kaliber-44','Pokahontaz Ft. Kaliber 44',NULL),('popek-x-matheo','Popek X Matheo',NULL),('princess-chelsea','Princess Chelsea',NULL),('puscifer','Puscifer',NULL),('qbik','Qbik',NULL),('quebonafide','Quebonafide',NULL),('quebonafide-ft-planbe','Quebonafide Ft. Planbe',NULL),('queen','Queen',NULL),('queens-of-the-stone-age','Queens Of The Stone Age',NULL),('radiohead','Radiohead',NULL),('rae-sremmurd','Rae Sremmurd',NULL),('rahim-pokahontaz','Rahim / Pokahontaz',NULL),('rapoholika','Rapoholika',NULL),('red-hot-chili-peppers','Red Hot Chili Peppers',NULL),('rest-dix37-x-dudek-p56','Rest Dix37 X Dudek P56',NULL),('reto','Reto',NULL),('rick-astley','Rick Astley',NULL),('ricky-martin','Ricky Martin',NULL),('riff-raff','Riff Raff',NULL),('right-said-fred','Right Said Fred',NULL),('robbie-rivera-feat-vinny-z','Robbie Rivera Feat. Vinny Z',NULL),('robbie-williams','Robbie Williams',NULL),('ronan-keating','Ronan Keating',NULL),('roundtable-rival','Roundtable Rival',NULL),('route-94','Route 94',NULL),('rudimental','Rudimental',NULL),('sak-noel','Sak Noel',NULL),('samoe-bolshoe-prostoe-chislo','Самое Большое Простое Число',NULL),('secondcity','Secondcity',NULL),('serebro','Serebro',NULL),('shawn-mendees-zedd','Shawn Mendees, Zedd','2018-10-30 21:38:11'),('sheryl-crow','Sheryl Crow',NULL),('sia','Sia',NULL),('sigala','Sigala',NULL),('skrillex-rick-ross','Skrillex & Rick Ross',NULL),('skunk-anansie','Skunk Anansie',NULL),('slightly-left-of-centre','Slightly Left Of Centre',NULL),('snoop-dogg','Snoop Dogg',NULL),('snoop-dogg-wiz-khalifa','Snoop Dogg & Wiz Khalifa ',NULL),('snow-patrol','Snow Patrol',NULL),('sohn','Sohn',NULL),('solar-bialas-ft-wac-toja','Solar/białas Ft. Wac Toja',NULL),('sonic-for-hire','Sonic For Hire',NULL),('sonic-youth','Sonic Youth',NULL),('steel-panther','Steel Panther',NULL),('sublime','Sublime',NULL),('sum-41','Sum 41',NULL),('take-that','Take That',NULL),('tame-impala','Tame Impala',NULL),('tarja-no-bitter-end-official-music-video','Tarja No Bitter End Official Music Video',NULL),('taylor-swift','Taylor Swift',NULL),('tede','Tede',NULL),('tede-sir-mich','Tede & Sir Mich',NULL),('telepopmusik','Telepopmusik',NULL),('ten-typ-mes','Ten Typ Mes',NULL),('tenacious-d','Tenacious D ',NULL),('the-ataris','The Ataris',NULL),('the-avener','The Avener',NULL),('the-band-perry','The Band Perry',NULL),('the-black-eyed-peas','The Black Eyed Peas',NULL),('the-chainsmokers','The Chainsmokers',NULL),('the-chainsmokers-coldplay','The Chainsmokers & Coldplay',NULL),('the-cranberries','The Cranberries',NULL),('the-killers','The Killers',NULL),('the-kills','The Kills',NULL),('the-kooks','The Kooks',NULL),('the-magician','The Magician',NULL),('the-moth-the-flame','The Moth & The Flame',NULL),('the-music','The Music',NULL),('the-notorious-b-i-g','The Notorious B.I.G',NULL),('the-party-anthem','The Party Anthem',NULL),('the-shins','The Shins',NULL),('the-sixpounder','The Sixpounder',NULL),('the-smashing-pumpkins','The Smashing Pumpkins',NULL),('the-weeknd','The Weeknd',NULL),('tiger-lilly','Tiger Lilly',NULL),('tim-berg','Tim Berg',NULL),('timati-i-l-one','Тимати и L\'one',NULL),('tinashe','Tinashe',NULL),('tmk-aka-piekielny','Tmk Aka Piekielny',NULL),('tomasz-niecik','Tomasz Niecik',NULL),('tough-love','Tough Love',NULL),('tove-lo','Tove Lo',NULL),('trzy-korony','Trzy Korony',NULL),('tune-yards','Tune-Yards',NULL),('twenty-one-pilots','Twenty One Pilots',NULL),('twice','Twice',NULL),('two-feet','Two Feet',NULL),('tyler-the-creator','Tyler, The Creator',NULL),('vampire-weekend','Vampire Weekend',NULL),('vigiland','Vigiland',NULL),('vitalic','Vitalic',NULL),('we-the-kings','We The Kings',NULL),('weezer','Weezer',NULL),('whitesnake','Whitesnake',NULL),('wilco-popeye','Wilco & Popeye',NULL),('will-smith','Will Smith',NULL),('xxanaxx','Xxanaxx',NULL),('xxxtentacion-lil-pump-ft-maluma-swae-lee','XXXTENTACION & Lil Pump ft. Maluma & Swae Lee','2018-11-02 10:32:09'),('yg','Yg',NULL),('young-multi','Young Multi',NULL),('z-abson','Żabson',NULL),('zabson','Żabson',NULL),('zibo','Zibo',NULL),('zjednoczony-ursynow','Zjednoczony Ursynów',NULL);
/*!40000 ALTER TABLE `artist` ENABLE KEYS */;
UNLOCK TABLES;

--
-- Table structure for table `artist_video`
--

DROP TABLE IF EXISTS `artist_video`;
/*!40101 SET @saved_cs_client     = @@character_set_client */;
/*!40101 SET character_set_client = utf8 */;
CREATE TABLE `artist_video` (
  `video_youtube_id` varchar(11) NOT NULL DEFAULT '',
  `artist_slug_id` varchar(255) NOT NULL DEFAULT '',
  PRIMARY KEY (`video_youtube_id`,`artist_slug_id`),
  KEY `artist_video_artist_artist_slug_id_fk` (`artist_slug_id`),
  CONSTRAINT `artist_video_artist_artist_slug_id_fk` FOREIGN KEY (`artist_slug_id`) REFERENCES `artist` (`artist_slug_id`)
) ENGINE=InnoDB DEFAULT CHARSET=utf8;
/*!40101 SET character_set_client = @saved_cs_client */;

--
-- Dumping data for table `artist_video`
--

LOCK TABLES `artist_video` WRITE;
/*!40000 ALTER TABLE `artist_video` DISABLE KEYS */;
INSERT INTO `artist_video` VALUES ('-fGoW73hLLg','laki-lan'),('-KPnyf8vwXI','flume'),('-nC5TBv3sfU','gunship'),('-sNWKbnaFkg','axel-thesleff'),('06wmI1sto34','judith-holofernes-feat-maeckes'),('0AqnCSdkjQ0','eminem'),('0hcEiEyylEA','nina-simone'),('0JSt7RCgHic','lopez'),('0KSOMA3QBU0','katy-perry'),('0l0nzPpvbFs','queens-of-the-stone-age'),('0n5kgP-O83k','rapoholika'),('0n7uVDQWrYs','puscifer'),('0NhqN0KcWAE','luscious-jackson'),('0ymI54DuMj8','kaytranada'),('1hvEmhWdaXg','mitch-rossell'),('1lfFF0joUqI','kuban-x-essex'),('1tInbiCG1cI','moby'),('1VQ_3sBZEm0','foo-fighters'),('27R_goWiAAU','a-great-big-world'),('2CXD8PK6Djc','sonic-youth'),('2eng2xORfSs','cursive'),('31mlEEs9_Vk','geri-halliwell'),('352IcwNtYTQ','parov-stelar-feat-marvin-gaye'),('3AtDnEC4zak','charlie-puth'),('3BLj9PVlLEw','pezet-x-jimek-nie-musze-wracac'),('3hOZaTGnHU4','nas'),('3K0RzZGpyds','taylor-swift'),('3qQX1XxjoGY','molesta-ewenement'),('3rFoGVkZ29w','metallica'),('3tmd-ClpJxA','taylor-swift'),('3tUh-x-fp8Q','the-kooks'),('3Uo0JAUWijM','abba'),('3Yuqxl284cg','m-i-a'),('42RpIcaGMgM','druzyna-mistrzow'),('498zUzNGQxY','the-kills'),('4aeETEoNfOg','the-smashing-pumpkins'),('4emYaDbaJ8w','the-band-perry'),('4SxYxzndyGY','keke'),('4T5km19zUG4','layla'),('4TV_128Fz2g','princess-chelsea'),('4Y0OjXN095Q','hans-solo'),('4zdt32VHO5I','robbie-rivera-feat-vinny-z'),('5Ft8yL7VLR4','kris-menace-lifelike'),('5GL9JoH4Sws','fifth-harmony'),('5JqY-6q-RNA','fall-out-boy'),('5JxgDJvqGmM','mike-perry'),('5nOqvm_62rM','margaret'),('5NPBIwQyPWE','avril-lavigne'),('5wrwcEZ3Btw','moby'),('5yXQJBU8A28','jonas-blue'),('6366dxFf-Os','arctic-monkeys'),('6Ejga4kJUts','the-cranberries'),('6oqXVx3sBOk','blur'),('6QFwo57WKwg','dye'),('6vYnas6q3Sg','o-t-genasis'),('6WJFjXtHcy4','kreayshawn'),('6ZktNItwexo','no-doubt'),('7-tNUur2YoU','goldfish'),('78yMTyUz_Wk','z-abson'),('7bO5h71TlMU','ronan-keating'),('7iH2eYFgDmg','aerosmith'),('7p7vmwAMYgM','zibo'),('7RMQksXpQSk','katy-perry'),('7tm_zX8Nj2E','skunk-anansie'),('7wtfhZwyrcc','imagine-dragons'),('7Y9UlEof6XI','mason-vs-princess-superstar'),('82cgNJBu_Jk','kaz-balagane-ft-belmondo'),('8bdeizHM9OU','die-antwoord'),('8BkYKwHLXiU','ricky-martin'),('8BMnz4i2dM8','gente-de-zona'),('8gsGhdZDC-0','katy-perry'),('8qImH-0UCHI','kelis'),('8SbUC-UaAxE','guns-n-roses'),('8wRW57nBLMI','secondcity'),('98WtmW-lfeE','katy-perry'),('9dcVOmEQzKA','eminem'),('9GFI6Rf-IkI','marilyn-manson'),('9P2w_hq8YTk','metronomy'),('9PnOG67flRA','metronomy'),('9Riq6IMqXz8','vigiland'),('a4NYSwNAo08','fat-joe-remy-ma-french-montana'),('a59gmGkq_pw','major-lazer'),('aAVRd5q8Ltg','jarecki'),('AbPED9bisSc','one-direction'),('aCHg5r6rFoI','take-that'),('AgFeZr5ptV8','taylor-swift'),('aJBu5tc_HcA','tede-sir-mich'),('AOBs8dU4Pb8','snow-patrol'),('aVgptqVwUcQ','bialas'),('aVK-kiSae2g','bedoes-kubi-producent'),('aXjhsn59NoI','the-party-anthem'),('ayGh05yrZDA','tede'),('AzAtim0o7Sw','druzyna-mistrzow'),('aZcSCT34H84','benny-benassi'),('Azf0BVBrJ0c','metronomy'),('AzyogHbZKX8','moby'),('B0dM1JxSJ5g','dj-pasza-x-kuban'),('b0eFx5a-FMg','the-moth-the-flame'),('bccKotFwzoY','vampire-weekend'),('bek1y2uiQGA','avicii-vs-nicky-romero'),('bFLow5StvvU','50-cent'),('bfPWRV1tOrY','xxanaxx'),('bIIGKV27FaY','grauzone'),('Bij1mFZv98M','pokahontaz-ft-bob-one'),('bIRmyfKOAfM','the-shins'),('bkhLzHuUYmo','battles'),('BmqfygwiHqg','druzyna-mistrzow'),('bN5sl1r_cyY','popek-x-matheo'),('bNEOwb9YA54','faster'),('BnO3nijfYmU','robbie-williams'),('bpOSxM0rNPM','arctic-monkeys'),('BR_DFMUzX4E','armin-van-buuren-feat-trevor-guthrie'),('BS46C2z5lVE','route-94'),('bsUWK-fixiA','fergie'),('bw5pi9nUGJ8','elliphant'),('BxFvI-zpaRs','xxxtentacion-lil-pump-ft-maluma-swae-lee'),('bxWxXncl53U','bomba-estereo'),('C-u5WLJ9Yk4','britney-spears'),('c3t9hM6jcbY','jacob-sartorius'),('CCIuQKDfkdY','hd-of-bearfaced'),('CDl9ZMfj6aE','alien-ant-farm'),('CduA0TULnow','britney-spears'),('CeMeDihwyrg','sublime'),('cgUjuGI4XJM','rest-dix37-x-dudek-p56'),('CJinWua98NA','capital-cities'),('cl28Dk0I62E','zibo'),('cNAdtkSjSps','eisenfunk'),('CncbXK6vURA','chairlift'),('CpaaHXDaRgU','komodo'),('cvChjHcABPA','abba'),('cVv2ZOXVYkQ','paluch'),('CW5oGRx9CLM','the-weeknd'),('CY8E6N5Nzec','marshmello-anne-marie'),('D0LyJqzaT2Q','tede-sir-mich'),('d7qNZ_QAz0Y','dawid-podsiadlo'),('dGZmNRMjIRk','bialas'),('dKSJN3WWR3E','nas'),('DL7-CKirWZE','new-radicals'),('dmJefsOErr0','rae-sremmurd'),('dMMUH_ZpbB0','the-weeknd'),('dnItgFWtbIw','nadeah'),('DPtfsk4ETjM','jessica-simpson'),('dQw4w9WgXcQ','rick-astley'),('dqZs-DFtx9g','tarja-no-bitter-end-official-music-video'),('dTAAsCNK7RA','ok-go'),('DtVBCG6ThDk','elton-john'),('dwGO-wwKSjg','kakkmaddafakka'),('dZLfasMPOU4','fountains-of-wayne'),('e-ASfL31Dv4','ciemna-strefa'),('e-ORhEE9VVg','taylor-swift'),('E2Qe3_gSG8Y','bedoes-kubi-producent'),('eAoqWu6wmfI','a-tribe-called-quest'),('EbfK7dei7ec','lil-xan'),('ecP-XLv1Rv0','bassjackers-ft-luciana'),('eg1WUU74AUg','keke'),('egcXvqiho4w','flairs'),('EgqUJOudrcM','calvin-harris-disciples'),('eJO5HU_7_1w','eminem'),('elsAYGFVMdY','chris-brown'),('emGri7i8Y2Y','sum-41'),('en2D_5TzXCA','lady-gaga'),('EVBsypHzF3U','lady-gaga'),('Evug3WXIdak','komil-x-essex'),('EwlsmPJeBgw','bonus-rpk'),('ewRjZoRtu0Y','m-i-a'),('f4Mc-NYPHaQ','queen'),('F82W3tKtr8c','avicii-vs-conrad-sewell'),('fC3Cthm0HFU','j-dilla'),('FG1c7NeofXU','mrozu'),('fH41vPVIVP0','gang-albanii'),('FHCYHldJi_g','duke-dumont'),('fIQVVGJeIzA','sheryl-crow'),('FM7MFYoylVs','the-chainsmokers-coldplay'),('foE1mO2yM04','mike-posner'),('fQHEBL9Izn0','pokahontaz-ft-kaliber-44'),('ftOsgV5s78o','dm4-boski'),('G005RC4tlVc','alexander-lewis'),('g6DdX51fnxM','bullet-for-my-valentine'),('gbHTaPk8Qmk','wilco-popeye'),('Gevj5LNWx6c','niklas-ibach'),('Gf3bmQh8_dM','hot-chip'),('GjkqNwYEzN0','tede-sir-mich'),('gOb-EjyXRPQ','die-aerzte'),('gPefy4xnNpk','architecture-in-helsinki'),('grEterXHNW8','bonus-rpk-cs'),('GvXpkH-gl3Q','kacey-musgraves'),('GXRVX1AKAew','blur'),('h4UqMyldS7Q','ice-cube'),('h6KYAVn8ons','elton-john'),('HAWSBEhPiY8','bedoes-kubi-producent'),('HcXNPI-IPPM','die-antwoord'),('HDTl9grOBdw','faster'),('hdw1uKiTI5c','katy-perry'),('hi4pzKvuEQM','chet-faker'),('hjusmxc8yAQ','nayan'),('HkVS79y4p4Y','yg'),('HL_WvOly7mY','weezer'),('hmbUNF1Q4R8','paolo-nutini'),('HPP0yB-_blA','loud-luxury-ft-nikki-s-wives'),('hqwU7nv3hTM','the-avener'),('hR-NXv5Tma0','major-lazer'),('hRXc_-c_9Xc','arcade-fire'),('hTl0F2cKzLk','modjo'),('hu9pTGFjA4c','oh-wonder'),('hv44srAsAo4','tinashe'),('HXeYRs_zR6w','michael-buble'),('hyeYUDqeadQ','pokahontaz'),('hZSrzL-kb38','flume'),('h_kNovMUJ6o','snoop-dogg'),('I2XfVml6o24','red-hot-chili-peppers'),('I6kfin-UeAQ','blink-182'),('i8BGAYXNW74','fall-out-boy'),('iArXv64tCJA','peter-bjorn-and-john'),('IeMvUlxXyz8','m-i-a'),('ifwc5xgI3QM','foo-fighters'),('ihLdxPLPIKI','beez'),('iiiOqybRvsM','golf-boys'),('IJ-I7S86ASQ','snoop-dogg'),('ikh2r7b8CAI','covers'),('iQS4oa-dgLY','metronomy'),('irxZsKBTXCQ','jessica-simpson'),('iTno21crSsY','partynextdoor'),('IUOBnU57f9c','my-riot'),('IwBS6QGsH_4','will-smith'),('IxkJHX7ukKE','michael-penn'),('jam_t-gj7HM','dj-jazzy-jeff-the-fresh-prince'),('JeGP5uGMn-g','slightly-left-of-centre'),('jfLcPYA3Nlk','the-kills'),('jGflUbPQfW8','omi'),('JgHskTnwnd4','matisyahu'),('jGhZxKDN7P8','tiger-lilly'),('JhY9GOhFwN4','judas-priest'),('JkD0wILd5hE','reto'),('JkK8g6FMEXE','aerosmith'),('jp_XgZIaopk','pezet-czarny-hifi'),('jqYxyd1iSNk','katy-perry'),('Jrd25gjyDhE','tim-berg'),('jsbeemdD2rQ','fifth-harmony'),('jtL3Jsl2ieE','moby-the-void-pacific-choir'),('jvipPYFebWc','roundtable-rival'),('JvMXVHVr72A','die-antwoord'),('Jwgf3wmiA04','one-direction'),('JxLS-cpgbe0','riff-raff'),('Jz2gvAApY2A','manic-street-preachers'),('jZny4yRbkKU','chvrches'),('J_8xCOSekog','mac-miller'),('k1BFHYtZlAU','blink-182'),('K2Y265KZR4g','gang-albanii'),('K7l5ZeVVoCA','blink-182'),('KDPW_g2AhAU','rudimental'),('KDxJlW6cxRk','duke-dumont'),('kf9M5AET4ac','sohn'),('kg_EYc3SFuQ','darlingside'),('KhMMHKzJmKc','kuban'),('KhzGSHNhnbI','angular-4-in-60-minutes'),('Ki0mCtfVtdU','zabson'),('Kk4MqCg7F3s','pezet'),('kkx-7fsiWgg','hasta-el-amanecer'),('KlyXNRrsk4A','katy-perry'),('kMOeTLLeaDU','lit'),('kREQJCEfGIY','kyper'),('kTHNpusq654','katy-perry'),('kWbN3-6o3WQ','herbert-groenemeyer'),('KXUuxMYBm8k','trzy-korony'),('kXYiU_JCYtU','linkin-park'),('L1KworDaCqs','good-shoes'),('LbARTyio_0Q','fetty-wap'),('LDZX4ooRsWs','nicki-minaj'),('LeiFF0gvqcc','michael-jackson'),('lfEVLXu3NXs','david-zowie'),('lFIIMEe2Ht0','katy-perry'),('lgxOvmzpCts','mandarinki'),('LGZ3zZtb4S4','doniu'),('LiaYDPRedWQ','avril-lavigne'),('lkN51aqPOzU','farruko'),('LLyvBHeeono','alex-gaudino-feat-shena'),('LOZuxwVk7TU','britney-spears'),('lrwBaJlvxEY','fair-weather-friends'),('luUUnuaxIFQ','kid-rock'),('lVb_t_ao9gw','kid-cudi-vs-crookers'),('LZIc8VSonVY','50-cent'),('L_fCqg92qks','eric-prydz'),('mDU-5jwPKmQ','french-montana'),('mg5Bp_Gzs0s','green-day'),('MGaEf0CZfbQ','calvin-harris'),('mgQV8BBAkqA','drive-by-truckers'),('mHWr4WY9o24','moe'),('MILQ4kOzw3k','qbik'),('mkgqJn-Hj98','druzyna-mistrzow'),('MLjjMgmWl4A','bedoes-kubi-producent'),('mMfxI3r_LyA','modjo'),('mmi60Bd4jSs','daft-punk'),('mMWBh0B9F0M','cypress-hill'),('mpdcKmaHk_s','five'),('MsduHmjQlgI','metronomy'),('MSL6o8sePlg','lenny-kravitz'),('MwOchsxVuY0','my-darkest-days'),('mwq-T2CrJRU','sak-noel'),('My2FRPA3Gf8','miley-cyrus'),('M_Am8bSYIms','craig-campbell'),('N1y27xUPEOE','bonus-rpk'),('N38hzg4wAho','blasterjaxx'),('n6P0SitRwy8','nirvana'),('nfWlot6h_JM','taylor-swift'),('NfzwM4pdyxU','biffy-clyro'),('NhheiPTdZCw','blockhead'),('NHydngA5C4E','madonna'),('nIjVuRTm-dc','maroon-5'),('nLEGbZI3Grc','rahim-pokahontaz'),('nO37LQq_qPM','dm4-boski'),('NqULoKkyhnU','jay-eskar-justin-petti'),('NSgHGFuPNus','death-cab-for-cutie'),('nYh-n7EOtMA','sia'),('NZmmZobqWG4','the-sixpounder'),('n_I72uiqwa0','hst-ft-fokus'),('o10EV4PG40U','alesso'),('o41A91X5pns','adam-ant'),('o4OD3IHs5jU','tyler-the-creator'),('o66xQUqKzsc','maluma'),('Od6Y--1jrKY','deemz-x-bedoes-x-planbe'),('oDNcL1VP3rY','red-hot-chili-peppers'),('OGGwv3Zjq88','behemoth'),('oh2LWWORoiM','tove-lo'),('oIWV3WKpC2U','quebonafide'),('oKsxPW6i3pM','jimmy-eat-world'),('omCA2RN9x4I','whitesnake'),('oslBwpjxAJ8','mercury-rev'),('Oy9V_4im0wg','don-diablo'),('OyI2q6-B2UE','nuits-d-etoiles'),('oZbo4l0BvwQ','zabson'),('OzvasAJIHb4','five-finger-death-punch'),('p2EFLevSBCI','paul-mccartney'),('p3ELX-nPeVo','bonus-rpk'),('P5mtclwloEQ','right-said-fred'),('p90H575__bY','jurad'),('papuvlVeZg8','clean-bandit'),('PCF-B6deZ7Q','zjednoczony-ursynow'),('pFoja4b0ZFo','two-feet'),('pFptt7Cargc','tame-impala'),('PiBX-ESFDF0','no-doubt'),('pIHR7rUeGTc','french-montana'),('Pjg3AOIbKO4','tede-sir-mich'),('PJniSb91tvo','maluma'),('Pk7_5YzkouU','vitalic'),('pOHQdIDds6s','jake-paul'),('PT2_F-1esPk','the-chainsmokers'),('Px6pBgYmd7w','young-multi'),('pXRviuL6vMY','twenty-one-pilots'),('Q0oIoR9mLwc','red-hot-chili-peppers'),('Q4KZaI_jtKs','ariana-grande'),('q76EfgGXvIY','18-tede'),('Q7JiG2z7pio','kuba-knap'),('qalEMMQooNk','tomasz-niecik'),('Qc9c12q3mrc','avicii'),('QCqAYTMF61I','mr-oizo'),('qdeWQIM1FgY','the-kills'),('qdmoBy3ud7U','luki'),('qeMFqkcPYcg','eurythmics'),('QetvK6ldl2s','queens-of-the-stone-age'),('QGJuMBdaqIw','katy-perry'),('qh7QJ_jLam0','green-day'),('qh9WuPzOjlI','n-e-r-d'),('QIc-7BFPwSU','marcin-czerwinski'),('qj5zT4t7S6c','sigala'),('QNsPI6V4Iec','tough-love'),('Qok9Ialei4c','the-killers'),('qRK3u5X-N1s','metronomy'),('qrO4YZeyl0I','lady-gaga'),('qSMnrAJpEeo','family-force-5'),('Qt6Lkgs0kiU','the-ataris'),('QwrbyVaC6EU','is-tropical'),('r1NSg1_ObSE','malik-montana'),('r8BsuT0PWdI','milky-chance'),('rgc_LRjlbTU','murray-head'),('rhcc1KQlCS4','andra'),('RhU9MZ98jxo','the-chainsmokers'),('rjr42vJSrcY','faster'),('rMqayQ-U74s','britney-spears'),('RM_DON9L5No','jennifer-lopez'),('RNuUgbUzM8U','dj-fresh'),('roRcksH2_HQ','steel-panther'),('RqcjBLMaWCg','david-guetta-ft-justin-bieber'),('RrU2DThhsZI','cassius'),('RSdKmX2BH7o','eminem'),('ru0K8uYEZWw','justin-timberlake'),('rVeMiVU77wo','alt-j'),('RwEZXEU0wRg','bosski-feat-sokol'),('ryr75N0nki0','eminem'),('rYuhWd4QI0k','phora'),('S85vl1xFx1o','boys-summertime-love'),('SAWzXkV3hHo','shawn-mendees-zedd'),('SCcVrLcGD7k','tyler-the-creator'),('sJA3gQ6jmxc','mr-oizo'),('sJiRwDgZbjM','marky-mark'),('SmM0653YvXU','pitbull'),('SMs0GnYze34','dj-snake-ft-justin-bieber'),('sNPnbI1arSE','eminem'),('sOnqjkJTMaA','michael-jackson'),('sPLEbAVjiLA','radiohead'),('SPlQpGeTbIE','junior-senior'),('sS76eS34Y0c','alexandra-stan'),('sT0g16_LQaQ','blink-182'),('sVaRHJn_dgM','robbie-williams'),('SXiSVQZLje8','ariana-grande'),('t5Sd5c4o9UM','katy-perry'),('T97Ft3J48IU','tomasz-niecik'),('TFXlWfzW9Uo','the-magician'),('Tg-Q-Acv4qs','elton-john'),('TGtWWb9emYI','pitbull'),('TIy3n2b7V9k','avril-lavigne'),('TjB-JpeF18s','bonus-rpk-arczi-szajka'),('tkClJp0jSgA','rae-sremmurd'),('ttWQK5VXskA','d12'),('tvTRZJ-4EyI','kendrick-lamar'),('tw429JGL5zo','ludacris'),('tZ5Mu2gs-M8','earl-sweatshirt'),('u38TqU5rAyk','blink-182'),('Ua61XY84gGg','kanye-west'),('ubEublECnMU','eminem'),('UbQgXeY_zi4','caravan-palace'),('ubvV498pyIM','no-doubt'),('UDApZhXTpH8','50-cent'),('UDCT6ta_54k','grzegorz-stawicki'),('uEJuoEs1UxY','bebe-rexha'),('ULTtWUZhD9c','robbie-williams'),('Um7pMggPnug','katy-perry'),('UprcpdwuwCg','twenty-one-pilots'),('UpsKGvPjAgw','one-direction'),('UqON44CLaQM','enrique-iglesias'),('uuCJDn1L6Ps','druzynamistrzow3-bosski-sobota'),('v0CYB5V9e64','hole'),('V2hlQkVJZhE','twice'),('VASywEuqFd8','moby-the-void-pacific-choir'),('VAWjsVoDpm0','korn'),('VCnPe5bBnAU','myslovitz'),('VKOCH8OcwaI','the-music'),('vraoiVCDdaM','vampire-weekend'),('VrDfSZ_6f4U','kid-cudi'),('vVy9Lgpg1m8','blink-182'),('vWz9VN40nCA','olivia-newton-john'),('w42c2XWr-P0','ten-typ-mes'),('W4ZVTUePMmc','kuba-knap'),('Wa5B22KAkEk','snoop-dogg-wiz-khalifa'),('WDaNJW_jEBo','busta-rhymes-mariah-carey'),('WdgLMslbDuY','beastie-boys'),('Wdq_2uBlLTE','quebonafide-ft-planbe'),('WE7PJVZyBhU','robbie-williams'),('wESgcExetso','the-black-eyed-peas'),('WeYsTmIzjkw','afroman'),('WfPu9Jrcpuk','david-guetta-martin-garrix-brooks'),('wfWIs2gFTAM','eminem'),('wGs4YcVyKtQ','litosc-to-zbrodnia'),('wl6k_h2drK8','miike-snow'),('wltRoy_rxMQ','juras'),('wqi7YGePjZU','basto'),('wQRV5omnBBU','martin-solveig'),('wtMyRroOS-o','mlody'),('WWkdUU8Ayfk','timati-i-l-one'),('Wy2w8GtRBKg','solar-bialas-ft-wac-toja'),('wycjnCCgUes','tame-impala'),('wyx6JDQCslE','lmfao'),('wzI8XmXvjkY','home-and-dry'),('X0ZVaFO7cGE','katy-perry'),('x9BILEBcx5c','faster'),('xAh6fk0KD1c','moby'),('xat1GVnl8-k','bloodhound-gang'),('xc7PZyOaB1s','paluch'),('XIictPv-5MI','samoe-bolshoe-prostoe-chislo'),('xKv9cmynyoY','krzysztof-napiorkowski'),('xmUZ6nCFNoU','the-smashing-pumpkins'),('XNtTEibFvlQ','lmfao'),('xPliEy0-2xI','serebro'),('xsBu-FXkhEA','we-the-kings'),('XsFneCExrCQ','tove-lo'),('xt0V0_1MS0Q','queen'),('XWCwc1_sYMY','beyonce'),('XXlZfc1TrD0','die-antwoord'),('Y1_VsyLAGuk','burak-yeter'),('y6120QOlsfU','darude'),('Ydx3xjeAyjA','deobson'),('YJ8Z9v4jr_M','snoop-dogg'),('YjUk92LSzSo','dixo37-feat-hemp-gru-jlb'),('YLMJW62HE8A','andrzej-piaseczny'),('YlUKcNNmywk','red-hot-chili-peppers'),('ymNFyxvIdaM','bomfunk-mc-s'),('yOV5D5_RZzE','dm4-bosski-pih'),('YQ1LI-NTa2s','tune-yards'),('YqJAnQTwmJs','2pac'),('yrfo_KhbgAA','boy6lue'),('yuBbGyWSc-c','gucci-mane'),('YVkUvmDQ3HY','eminem'),('Yxz5G4foV0E','o-s-t-r-hades'),('YykjpeuMNEk','coldplay'),('YZuHSgjT4JM','ostry-bezimienni-ft-kali-juras-pih-nest-beatz-remix'),('Z2i7bR-lNaY','zjednoczony-ursynow'),('z3YMxM1_S48','moby'),('z63cQKWlDgQ','canibus'),('Z8V5GfFeUDs','armin-van-buuren'),('ZAufONAig6w','tede-sir-mich'),('ZB7Xjd34pjo','50-cent'),('Ze7H_MEQVb8','pezet'),('ZkqyIoYAXV8','skrillex-rick-ross'),('zP50Ewh31E4','alex-clare'),('zRIbf6JqkNc','guns-n-roses'),('ZSgnDb3BsCw','michalina-starosta'),('ZTEfInwgxVs','50-cent'),('ZTidn2dBYbY','david-hasselhoff'),('ZVRxh7mo3iY','o-s-t-r'),('zwS9DxTn5Hs','keke'),('ZyhrYis509A','aqua'),('ZyuOYHWWr3U','dziergi'),('_5XfAYZAA7w','telepopmusik'),('_66jPJVS4JE','jennifer-lopez'),('_an3mlqNjjY','guzior-ft-reto'),('_CL6n0FJZpk','dr-dre'),('_dK2tDK9grQ','ed-sheeran'),('_i5fBY3a5Q0','bon-jovi'),('_i_qxQztHRI','limp-bizkit'),('_JZom_gVfuw','the-notorious-b-i-g'),('_lK4cX5xGiQ','tenacious-d'),('_opF2Dn6Fk4','tame-impala'),('_ovdm2yX4MA','avicii'),('_rbyY0qvJ84','dixon37-napalm-grupa'),('_Ri2KEiXlNk','bon-jovi'),('_shxzlTRK44','kurtis-blow'),('_U5IhEAFGwQ','guns-n-roses'),('_whGk6HjUAQ','kokab'),('_zPlr-o-YEQ','disclosure');
/*!40000 ALTER TABLE `artist_video` ENABLE KEYS */;
UNLOCK TABLES;

--
-- Table structure for table `tag`
--

DROP TABLE IF EXISTS `tag`;
/*!40101 SET @saved_cs_client     = @@character_set_client */;
/*!40101 SET character_set_client = utf8 */;
CREATE TABLE `tag` (
  `tag_slug_id` varchar(255) NOT NULL,
  `name` varchar(100) DEFAULT NULL,
  `created_at` timestamp NULL DEFAULT CURRENT_TIMESTAMP,
  PRIMARY KEY (`tag_slug_id`)
) ENGINE=InnoDB DEFAULT CHARSET=utf8;
/*!40101 SET character_set_client = @saved_cs_client */;

--
-- Dumping data for table `tag`
--

LOCK TABLES `tag` WRITE;
/*!40000 ALTER TABLE `tag` DISABLE KEYS */;
INSERT INTO `tag` VALUES ('adderall','Adderall',NULL),('adobe-photoshop','Adobe Photoshop',NULL),('airplane','airplane',NULL),('airport','airport',NULL),('alcatraz','Alcatraz',NULL),('alien','alien',NULL),('american-football','American football',NULL),('amiga','Amiga',NULL),('amsterdam','Amsterdam',NULL),('ancient-egypt','Ancient Egypt',NULL),('angry-birds','Angry Birds',NULL),('animal-farm','animal farm',NULL),('animation','animation',NULL),('anthropomorphism','anthropomorphism',NULL),('army','army',NULL),('arnold-schwarzenegger','Arnold Schwarzenegger',NULL),('arson','arson',NULL),('asterix','Asterikx',NULL),('astronautics','astronautics',NULL),('atari','Atari',NULL),('audi','Audi',NULL),('audi-80','Audi 80',NULL),('back-to-the-future','Back to the Future',NULL),('ballet','ballet',NULL),('bank','bank',NULL),('barbie','Barbie',NULL),('basketball','basketball',NULL),('batman','Batman',NULL),('bbc','BBC',NULL),('beach','beach',NULL),('beer-pong','Beer pong',NULL),('being-high','being high',NULL),('big-red-button','Big Red Button',NULL),('bike','bike',NULL),('birthday','birthday',NULL),('blindness','blindness',NULL),('blink-182','Blink-182',NULL),('bmw','BMW',NULL),('bmx','BMX',NULL),('bodycount','bodycount',NULL),('bomberman','Bomberman',NULL),('bowling','bowling',NULL),('boxing','boxing',NULL),('braces','braces',NULL),('brad-pitt','Brad Pitt',NULL),('break-street','Break Street',NULL),('breaking-bad','Breaking Bad',NULL),('bridge','bridge',NULL),('britney-spears','Britney Spears',NULL),('broken-car','broken car',NULL),('bungee-jumping','bungee jumping',NULL),('camel','camel',NULL),('cameron-diaz','Cameron Diaz',NULL),('camper-trailer','camper trailer',NULL),('car-crash','car crash',NULL),('car-racing','car racing',NULL),('car-surfing','car surfing',NULL),('car-wash','car wash',NULL),('casting','casting',NULL),('catwoman','Catwoman',NULL),('charlie-sheen','Charlie Sheen',NULL),('cheerleading','cheerleading',NULL),('chess','chess',NULL),('chevrolet-corvette','Chevrolet Corvette',NULL),('christ-the-redeemer-statue','Christ the Redeemer (statue)',NULL),('christmas','Christmas',NULL),('church','church',NULL),('cigaret','cigaret',NULL),('cinema','cinema',NULL),('clay','clay',NULL),('climbing','climbing',NULL),('coffin','coffin',NULL),('construction-site','construction site',NULL),('construction-worker','construction worker',NULL),('court','court','2018-11-03 15:44:07'),('cover','cover',NULL),('cow','cow','2018-10-31 08:41:25'),('cowboy','cowboy',NULL),('cross','cross',NULL),('cue-billiard-sports','Cue (billiard) sports',NULL),('cygan','cygan',NULL),('czech-republic','Czech Republic',NULL),('danny-devito','Danny DeVito',NULL),('dariusz-michalczewski','Dariusz Michalczewski',NULL),('deer','deer',NULL),('dentist','dentist',NULL),('desert','desert',NULL),('devil','Devil',NULL),('dig-dug','Dig Dug',NULL),('dig-your-own-grave','dig your own grave',NULL),('dinosaur','dinosaur',NULL),('dodgeball','Dodgeball',NULL),('dolph-lundgren','Dolph Lundgren',NULL),('donald-trump','Donald Trump',NULL),('donkey-kong','Donkey Kong',NULL),('donut','donut',NULL),('drug','drug',NULL),('drugs','drugs',NULL),('drunk','drunk',NULL),('dubai','Dubai',NULL),('duck-hunt','Duck Hunt',NULL),('duke-nukem','Duke Nukem',NULL),('eagle','eagle',NULL),('eddie-murphy','Eddie Murphy',NULL),('eiffel-tower','Eiffel Tower',NULL),('electric-treadmill','electric treadmill',NULL),('elephant','elephant',NULL),('elevator-action/mission-elevator','Elevator Action/Mission Elevator',NULL),('elvis-presley','Elvis Presley',NULL),('erich-fromm','Erich Fromm',NULL),('ewa-minge','Ewa Minge',NULL),('excersise-bike','excersise bike',NULL),('excitebike','ExciteBike',NULL),('falling-star','falling star',NULL),('fast-food','fast food',NULL),('fed-up-with-job','fed up with job',NULL),('female-bodybuilder','female bodybuilder',NULL),('ferrari','Ferrari',NULL),('fiat','Fiat',NULL),('fiat-126','Fiat 126',NULL),('fidget-spinner','Fidget spinner',NULL),('first-person-perspective-fpp','first-person perspective (FPP)',NULL),('fishing','fishing',NULL),('fit','fit',NULL),('fitness','fitness',NULL),('flute','flute',NULL),('food-fight','Food Fight',NULL),('football','football',NULL),('ford-mustang','Ford Mustang',NULL),('forest','forest',NULL),('friday','friday',NULL),('friday-the-13th','Friday the 13th',NULL),('frogger','Frogger',NULL),('games-of-thrones','Games Of Thrones',NULL),('gangsta','gangsta',NULL),('garage','garage',NULL),('go-kart','go-kart',NULL),('golf','golf',NULL),('gothic-metal','Gothic Metal',NULL),('graveyard','graveyard',NULL),('gucci','Gucci',NULL),('guru','guru',NULL),('gym','gym',NULL),('hairdresser','hairdresser',NULL),('haiti','Haiti',NULL),('hammock','hammock',NULL),('hammurabi','Hammurabi',NULL),('hangover','hangover',NULL),('hans-christian-andersen','Hans Christian Andersen',NULL),('harem','harem',NULL),('helicopter','helicopter',NULL),('hello-kitty','Hello Kitty',NULL),('hijack','hijack',NULL),('hiking','hiking',NULL),('home-army-ak','Home Army (AK)',NULL),('horse','horse',NULL),('hospital','hospital',NULL),('http-404','HTTP 404',NULL),('hugh-hefner','Hugh Hefner',NULL),('human-as-animal','human as animal',NULL),('ibiza','Ibiza',NULL),('ice-cream','ice cream',NULL),('ice-cream-truck','ice cream truck',NULL),('ice-skate','ice skate',NULL),('instagram','Instagram',NULL),('j-r-r-tolkien','J. R. R. Tolkien',NULL),('james-bond','James Bond',NULL),('janis-joplin','Janis Joplin',NULL),('japan','Japan',NULL),('jeep-wrangler','Jeep Wrangler',NULL),('jesus','Jesus',NULL),('johnny-bravo','Johnny Bravo',NULL),('jump-rope','jump rope',NULL),('kamasutra','Kamasutra',NULL),('karaoke','karaoke',NULL),('karate','karate',NULL),('katowice','Katowice',NULL),('kayak','kayak',NULL),('kendo','kendo',NULL),('kids-play---war','kids play - war',NULL),('kiss','KISS',NULL),('kissing','kissing',NULL),('krav-maga','Krav Maga',NULL),('lamborghini','Lamborghini',NULL),('laundry','laundry',NULL),('led-shoes','LED shoes',NULL),('legia-warsaw','Legia Warsaw',NULL),('leisure-suit-larry','Leisure Suit Larry',NULL),('leonardo-dicaprio','Leonardo DiCaprio',NULL),('looney-tunes','Looney Tunes',NULL),('louis-vuitton','Louis Vuitton',NULL),('lowrider','lowrider',NULL),('lyric-video','lyric video',NULL),('malibu','Malibu',NULL),('man-in-women-clothes','man in women clothes',NULL),('marihuana','marihuana',NULL),('marilyn-manson','Marilyn Manson',NULL),('masturbation','masturbation',NULL),('men-in-black','Men In Black',NULL),('mercedes','Mercedes',NULL),('michael-j-fox','Michael J. Fox',NULL),('michael-jackson','Michael Jackson',NULL),('microsoft-windows','Microsoft Windows',NULL),('midas','Midas',NULL),('midget','midget',NULL),('mike-tyson','Mike Tyson',NULL),('military','military',NULL),('milkman','milkman',NULL),('mime','mime',NULL),('mini','MINI',NULL),('missing-person','missing person','2018-10-29 23:10:25'),('mixed-martial-arts-mma','mixed martial arts (MMA)',NULL),('mobile-phone-overuse','Mobile phone overuse',NULL),('monako','Monako',NULL),('morning-wake-up','morning wake up',NULL),('motocross','motocross',NULL),('motorcycle','motorcycle',NULL),('mr-t','Mr. T',NULL),('muay-thai','Muay Thai',NULL),('murder','murder','2018-11-03 15:44:29'),('mutang','Mutang',NULL),('nasa','NASA',NULL),('nerf','NERF',NULL),('new-year','New Year',NULL),('nintendo-wii','Nintendo Wii',NULL),('nun','nun',NULL),('pablo-escobar','Pablo Escobar',NULL),('pacman','PacMan',NULL),('pamela-anderson','Pamela Anderson',NULL),('paper-plane','paper plane',NULL),('paperboy','paperboy',NULL),('parachute','parachute',NULL),('paragliding','paragliding',NULL),('patrick-swayze','Patrick Swayze',NULL),('perla-beer','Perła (beer)',NULL),('personal-water-craft-water-scooter','personal water craft (water scooter)',NULL),('pikachu','Pikachu',NULL),('pimp','pimp',NULL),('pink-clothes','pink clothes',NULL),('playboy-mansion','Playboy Mansion','2018-11-02 15:27:55'),('playground','playground',NULL),('polar-bear','polar bear',NULL),('pole-dance','pole dance',NULL),('police','police',NULL),('pong','Pong',NULL),('popeye','Popeye',NULL),('porn','porn',NULL),('president','president',NULL),('priest','priest',NULL),('prison','prison',NULL),('prozac','Prozac',NULL),('psychodelic','psychodelic',NULL),('punk','punk',NULL),('pursuit','pursuit',NULL),('q-bert','Q*bert',NULL),('radom','radom',NULL),('rampage','Rampage',NULL),('rap','rap',NULL),('red-bull','Red Bull',NULL),('red-hair','red hair',NULL),('renegade','Renegade',NULL),('reservoir-dogs','Reservoir Dogs',NULL),('retirement-home','retirement home',NULL),('richard-pryor','Richard Pryor',NULL),('robocop','RoboCop',NULL),('rocky-balboa','Rocky Balboa',NULL),('roller-coaster','roller coaster',NULL),('roller-skates','roller skates',NULL),('rolls-royce','Rolls-Royce',NULL),('ron-jeremy','Ron Jeremy',NULL),('rowing','rowing',NULL),('rubber-duck','rubber duck',NULL),('running','running',NULL),('santa-claus','Santa Claus',NULL),('sauna','sauna',NULL),('school','school',NULL),('sea','sea',NULL),('seven-deadly-sins','seven deadly sins',NULL),('sex-cam','sex cam',NULL),('shelby-ac-cobra','Shelby AC Cobra',NULL),('shoes','shoes',NULL),('shop','shop',NULL),('shopping-mall','shopping mall',NULL),('shower','shower','2018-11-01 23:52:49'),('sisyphus','Sisyphus',NULL),('skateboarding','skateboarding',NULL),('ski-jumping','ski jumping',NULL),('skull','skull',NULL),('skull-face','skull face',NULL),('snake','snake','2018-11-04 13:12:16'),('snoop-dogg','snoop dogg',NULL),('snowmobile','snowmobile',NULL),('solarium','solarium',NULL),('sonic-the-hedgehog','Sonic The Hedgehog',NULL),('sony-playstation','Sony Playstation',NULL),('sos','SOS',NULL),('space','space',NULL),('spice-girls','Spice Girls',NULL),('spider-man','Spider-Man',NULL),('spodek','Spodek',NULL),('sport','sport',NULL),('stadium','stadium',NULL),('star-trek','Star Trek',NULL),('star-wars','Star Wars',NULL),('stay-away-from-my-daughter','stay away from my daughter',NULL),('stewardes','stewardes',NULL),('striptease','striptease',NULL),('subaru','Subaru',NULL),('suicide','suicide',NULL),('summer','summer',NULL),('sumo','sumo',NULL),('super-mario-bros.','Super Mario Bros.',NULL),('superhero','superhero',NULL),('supermarket','supermarket',NULL),('surfing','surfing',NULL),('sushi','sushi',NULL),('swimming-pool','swimming pool',NULL),('sylvester-stallone','Sylvester Stallone',NULL),('szampanskoje-igristoje','Szampanskoje Igristoje',NULL),('table-tennis-ping-pong','table tennis (ping pong)',NULL),('taj-mahal','Taj Mahal',NULL),('tekken','Tekken',NULL),('tennis','tennis',NULL),('tequila','tequila',NULL),('test','test',NULL),('tetris','Tetris',NULL),('the-flintstones','The Flintstones',NULL),('the-legend-of-zelda','The Legend of Zelda',NULL),('the-sopranos','The Sopranos)',NULL),('theme-park','theme park',NULL),('thermal-video','thermal video',NULL),('tic-tac-toe','Tic-tac-toe',NULL),('tiger','tiger',NULL),('tinder','Tinder',NULL),('tits','tits',NULL),('tricycle','tricycle',NULL),('tron','Tron',NULL),('tuesday','tuesday',NULL),('twerking','twerking',NULL),('two-guys-one-girl','two guys one girl',NULL),('typewriter','typewriter',NULL),('ufo','UFO',NULL),('usa-vs-russia','USA vs Russia',NULL),('vagine','vagine',NULL),('victoria-s-secret','Victoria’s Secret',NULL),('video-arcade','video arcade',NULL),('video-game','video game',NULL),('video-game-console','video game console',NULL),('violet-hair','violet hair',NULL),('virtual-reality-vr','Virtual reality (VR)',NULL),('vladimir-putin','Vladimir Putin',NULL),('vlog','vlog',NULL),('volleyball','volleyball',NULL),('volvo','Volvo',NULL),('warsaw','Warsaw',NULL),('warsaw-university-of-life-sciences-sggw','Warsaw University of Life Sciences (SGGW)',NULL),('wedding','wedding',NULL),('werewolf','werewolf',NULL),('wheelchair','wheelchair',NULL),('white-house','White House',NULL),('wikipedia','Wikipedia',NULL),('wild-west','Wild West',NULL),('woman-beat-man','woman beat man',NULL),('wrecking-ball','wrecking ball',NULL),('wrestling','wrestling',NULL),('xanax','Xanax',NULL),('yves-saint-laurent','Yves Saint Laurent',NULL),('zombie','zombie',NULL);
/*!40000 ALTER TABLE `tag` ENABLE KEYS */;
UNLOCK TABLES;

--
-- Table structure for table `user`
--

DROP TABLE IF EXISTS `user`;
/*!40101 SET @saved_cs_client     = @@character_set_client */;
/*!40101 SET character_set_client = utf8 */;
CREATE TABLE `user` (
  `user_id` int(11) NOT NULL AUTO_INCREMENT,
  `username` varchar(50) NOT NULL,
  `password` varchar(60) NOT NULL,
  `email` varchar(100) DEFAULT NULL,
  `www` varchar(50) DEFAULT NULL,
  `facebook_id` varchar(30) DEFAULT NULL,
  `created_at` timestamp NOT NULL DEFAULT CURRENT_TIMESTAMP,
  PRIMARY KEY (`user_id`)
) ENGINE=InnoDB AUTO_INCREMENT=3 DEFAULT CHARSET=utf8;
/*!40101 SET character_set_client = @saved_cs_client */;

--
-- Dumping data for table `user`
--

LOCK TABLES `user` WRITE;
/*!40000 ALTER TABLE `user` DISABLE KEYS */;
INSERT INTO `user` VALUES (1,'slk500','',NULL,NULL,NULL,'0000-00-00 00:00:00');
/*!40000 ALTER TABLE `user` ENABLE KEYS */;
UNLOCK TABLES;

--
-- Table structure for table `video`
--

DROP TABLE IF EXISTS `video`;
/*!40101 SET @saved_cs_client     = @@character_set_client */;
/*!40101 SET character_set_client = utf8 */;
CREATE TABLE `video` (
  `video_youtube_id` varchar(11) NOT NULL,
  `name` varchar(100) DEFAULT NULL,
  `release_date` date DEFAULT NULL,
  `duration` smallint(6) DEFAULT NULL,
  `created_at` timestamp NOT NULL DEFAULT CURRENT_TIMESTAMP,
  `user_id` int(11) DEFAULT NULL,
  PRIMARY KEY (`video_youtube_id`),
  UNIQUE KEY `video_video_youtube_id_uindex` (`video_youtube_id`)
) ENGINE=InnoDB DEFAULT CHARSET=utf8;
/*!40101 SET character_set_client = @saved_cs_client */;

--
-- Dumping data for table `video`
--

LOCK TABLES `video` WRITE;
/*!40000 ALTER TABLE `video` DISABLE KEYS */;
INSERT INTO `video` VALUES ('-fGoW73hLLg','Pola Ar','2016-11-18',340,'2018-01-25 18:57:27',NULL),('-KPnyf8vwXI','Never Be Like You',NULL,233,'2016-03-13 10:21:26',NULL),('-nC5TBv3sfU','Tech Noir','2015-11-03',319,'2016-11-29 19:06:53',NULL),('-sNWKbnaFkg','Bad Karma','2017-01-13',432,'2018-06-02 09:03:34',NULL),('06wmI1sto34','Analogpunk 2.0','2017-07-05',193,'2017-07-07 15:18:45',NULL),('0AqnCSdkjQ0','Guts Over Fear ft. Sia',NULL,333,'2016-04-02 11:37:28',NULL),('0hcEiEyylEA','Sinnerman (Felix Da Housecat\'s Heavenly House Mix)',NULL,216,'2016-03-12 12:11:15',NULL),('0JSt7RCgHic','Trenuj (Prod. M.C.)','2013-04-22',207,'2018-03-13 13:43:22',NULL),('0KSOMA3QBU0','Dark Horse ft. Juicy J',NULL,226,'2016-03-27 14:14:17',NULL),('0l0nzPpvbFs','The Lost Art Of Keeping A Secret','2009-12-23',221,'2016-07-15 13:33:23',NULL),('0n5kgP-O83k','Pasja Prod. Swr','2015-01-01',233,'2017-12-01 08:58:35',NULL),('0n7uVDQWrYs','Queen B',NULL,261,'2016-04-04 21:45:41',NULL),('0NhqN0KcWAE','Naked Eye','2009-02-27',272,'2016-07-17 20:05:43',NULL),('0ymI54DuMj8','At All',NULL,190,'2016-10-07 21:59:50',NULL),('1hvEmhWdaXg','God, Girls, and Football',NULL,245,'2016-04-02 11:41:34',NULL),('1lfFF0joUqI','Mała Mi','2015-02-02',211,'2017-07-29 19:41:22',NULL),('1tInbiCG1cI','James Bond Theme (Moby’s Re-version)','2009-03-05',211,'2016-05-15 22:06:44',NULL),('1VQ_3sBZEm0','Learn To Fly','2009-10-03',276,'2017-10-24 06:17:26',NULL),('27R_goWiAAU','This Is The New Year','2013-04-24',200,'2017-01-01 12:55:51',NULL),('2CXD8PK6Djc','Sunday','2009-10-07',242,'2018-01-09 15:32:19',NULL),('2eng2xORfSs','Dorothy At Forty','2006-12-15',186,'2016-07-24 21:26:40',NULL),('31mlEEs9_Vk','Look At Me','2011-07-30',257,'2017-10-26 23:58:11',NULL),('352IcwNtYTQ','Keep On Dancing','2013-08-27',192,'2018-01-29 21:37:41',NULL),('3AtDnEC4zak','We Don\'t Talk Anymore (Feat. Selena Gomez) [Official Video]','2016-08-02',231,'2016-08-04 07:48:46',NULL),('3BLj9PVlLEw','Pezet X Jimek','2012-11-29',234,'2016-07-22 07:47:13',NULL),('3hOZaTGnHU4','It Ain\'t Hard To Tell','2014-03-24',186,'2016-05-15 10:11:29',NULL),('3K0RzZGpyds','Look What You Made Me Do','2017-08-25',215,'2017-08-27 15:54:56',NULL),('3qQX1XxjoGY','Inspiracje',NULL,255,'2016-04-01 18:21:24',NULL),('3rFoGVkZ29w','St. Anger ',NULL,349,'2016-03-22 07:23:33',NULL),('3tmd-ClpJxA','Look What You Made Me Do','2017-08-28',256,'2017-10-27 01:08:25',NULL),('3tUh-x-fp8Q','Bad Habit','2014-10-17',219,'2017-08-20 10:54:36',NULL),('3Uo0JAUWijM','Happy New Year','2009-10-08',268,'2017-01-01 11:33:21',NULL),('3Yuqxl284cg','Bad Girls','2012-02-05',251,'2016-09-11 08:44:25',NULL),('42RpIcaGMgM','Idę Na Całość','2017-05-16',297,'2018-02-24 09:03:51',NULL),('498zUzNGQxY','Doing It To Death',NULL,230,'2016-10-03 10:33:53',NULL),('4aeETEoNfOg','1979','2011-08-03',262,'2016-07-13 11:32:30',NULL),('4emYaDbaJ8w','DONE',NULL,221,'2016-04-04 23:37:00',NULL),('4SxYxzndyGY','Cesarz Prod. Boryrobibity','2018-02-05',189,'2018-02-19 12:06:40',NULL),('4T5km19zUG4','New Year','2012-12-09',215,'2017-01-01 12:14:59',NULL),('4TV_128Fz2g','The Cigarette Duet','2011-06-07',263,'2017-10-09 19:12:00',NULL),('4Y0OjXN095Q','Dopóki Jestem','2011-11-16',240,'2017-11-26 15:37:40',NULL),('4zdt32VHO5I','The Thing','2014-10-02',209,'2017-02-17 21:44:26',NULL),('5Ft8yL7VLR4','Discopolis (Official Video)','2012-01-12',202,'2016-07-12 14:31:38',NULL),('5GL9JoH4Sws','Work From Home Ft. Ty Dolla $Ign','2016-02-26',220,'2018-06-04 09:31:22',NULL),('5JqY-6q-RNA','The Phoenix (Kinetic Typography Lyrics)','2017-02-27',249,'2018-05-30 21:33:38',NULL),('5JxgDJvqGmM','The Ocean Ft. Shy Martin','2016-07-20',185,'2016-08-24 08:23:43',NULL),('5nOqvm_62rM','Cool Me Down',NULL,180,'2016-04-13 21:01:01',NULL),('5NPBIwQyPWE','Complicated',NULL,253,'2016-03-17 08:41:25',NULL),('5wrwcEZ3Btw','In This World',NULL,207,'2016-03-29 21:57:33',NULL),('5yXQJBU8A28','Fast Car Ft. Dakota','2016-01-15',216,'2016-04-24 16:52:23',NULL),('6366dxFf-Os','Why\'d You Only Call Me When You\'re High?','2013-08-10',289,'2017-08-20 11:04:48',NULL),('6Ejga4kJUts','Zombie','2009-06-16',316,'2017-12-28 07:40:15',NULL),('6oqXVx3sBOk','Coffee And Tv',NULL,371,'2016-04-11 19:37:50',NULL),('6QFwo57WKwg','Fantasy','2011-10-19',216,'2016-07-11 16:51:31',NULL),('6vYnas6q3Sg','CoCo','2014-10-13',240,'2016-03-12 12:11:23',NULL),('6WJFjXtHcy4','Gucci Gucci','2011-05-17',191,'2017-08-25 22:31:50',NULL),('6ZktNItwexo','Spiderwebs',NULL,244,'2018-10-31 07:29:46',NULL),('7-tNUur2YoU','We Come Together (ft. Sakhile Moleshe)',NULL,261,'2016-03-27 01:37:52',NULL),('78yMTyUz_Wk','Incepcja','2017-12-19',231,'2017-12-29 15:35:06',NULL),('7bO5h71TlMU','Lovin\' Each Day','2009-12-01',216,'2016-07-15 12:57:36',NULL),('7iH2eYFgDmg','Girls Of Summer',NULL,244,'2016-03-13 14:50:49',NULL),('7p7vmwAMYgM','Daj Mi Siebie','2014-08-10',217,'2018-03-10 09:49:17',NULL),('7RMQksXpQSk','This Is How We do',NULL,210,'2016-03-17 10:24:58',NULL),('7tm_zX8Nj2E','Secretly','2009-08-08',347,'2016-07-25 14:59:10',NULL),('7wtfhZwyrcc','Believer','2017-03-07',217,'2017-03-23 21:55:27',NULL),('7Y9UlEof6XI','Perfect (Exceeder) ',NULL,165,'2016-03-13 20:07:04',NULL),('82cgNJBu_Jk','Do Następnego','2016-08-09',216,'2016-08-21 10:51:41',NULL),('8bdeizHM9OU','Rich Bitch','2011-03-08',177,'2018-06-02 11:23:08',NULL),('8BkYKwHLXiU','La Copa De La Vida','2009-10-03',247,'2016-06-12 12:11:43',NULL),('8BMnz4i2dM8','Mas Macarena Ft. Los Del Rio','2016-08-19',234,'2016-08-23 08:05:23',NULL),('8gsGhdZDC-0','Chained To The Rhythm Ft. Skip Marley','2017-02-10',236,'2017-04-28 18:11:56',NULL),('8qImH-0UCHI','Millionaire','2009-03-06',218,'2016-07-18 18:19:59',NULL),('8SbUC-UaAxE','November Rain',NULL,548,'2016-03-22 07:19:10',NULL),('8wRW57nBLMI','I Wanna Feel','2014-04-25',211,'2017-10-29 11:14:35',NULL),('98WtmW-lfeE','Teenage Dream',NULL,230,'2016-04-13 22:07:36',NULL),('9dcVOmEQzKA','Just Lose It',NULL,246,'2016-03-18 23:27:26',NULL),('9GFI6Rf-IkI','The Fight Song','2009-10-08',175,'2017-04-14 06:51:06',NULL),('9P2w_hq8YTk','Everything Goes My Way','2011-09-29',183,'2017-10-10 12:02:50',NULL),('9PnOG67flRA','The Bay (Music Video)','2011-06-10',231,'2016-07-14 14:51:02',NULL),('9Riq6IMqXz8','Pong Dance','2016-03-11',172,'2016-09-23 09:51:00',NULL),('a4NYSwNAo08','Cookin Ft. Rysovalid','2016-08-29',295,'2016-08-31 06:57:55',NULL),('a59gmGkq_pw','Cold Water (Feat. Justin Bieber & Mø) (Official Lyric Video)','2016-07-22',189,'2016-07-26 14:25:04',NULL),('aAVRd5q8Ltg','Wspin','2015-10-25',197,'2016-09-19 14:30:54',NULL),('AbPED9bisSc','Live While We\'re Young','2012-09-20',198,'2016-07-12 14:46:45',NULL),('aCHg5r6rFoI','The Flood',NULL,301,'2016-03-22 07:15:44',NULL),('AgFeZr5ptV8','22','2013-03-13',244,'2016-07-13 19:27:07',NULL),('aJBu5tc_HcA','T-Killa','2017-06-21',285,'2017-07-25 23:02:51',NULL),('AOBs8dU4Pb8','Run','2009-06-26',267,'2016-07-15 13:35:22',NULL),('aVgptqVwUcQ','Jeden Żyć (Prod. Lanek)','2016-08-15',235,'2016-08-21 10:59:51',NULL),('aVK-kiSae2g','NFZ','2017-01-15',235,'2017-07-23 13:35:32',NULL),('aXjhsn59NoI','Happy New Year | Raghu Dixit | Pannaga Bharana','2016-12-30',246,'2017-01-01 12:05:29',NULL),('ayGh05yrZDA','Wunder-Baum (Prod. Sir Mich)','2015-02-24',238,'2017-07-19 14:38:36',NULL),('AzAtim0o7Sw','Muay Thai','2014-09-01',183,'2018-03-08 03:19:44',NULL),('aZcSCT34H84','Satisfaction','2012-04-07',145,'2016-08-26 09:46:59',NULL),('Azf0BVBrJ0c','Reservoir','2014-05-07',220,'2017-10-12 14:59:32',NULL),('AzyogHbZKX8','Wait For Me',NULL,254,'2016-03-30 21:05:30',NULL),('B0dM1JxSJ5g','Ta Dama','2015-10-12',166,'2017-07-28 14:50:55',NULL),('b0eFx5a-FMg','Young & Unafraid','2015-05-04',210,'2017-10-18 07:32:15',NULL),('bccKotFwzoY','Giving Up The Gun',NULL,304,'2016-03-23 18:52:26',NULL),('bek1y2uiQGA','I Could Be The One (Nicktim)','2012-12-24',286,'2016-07-24 18:08:29',NULL),('bFLow5StvvU','Window Shopper',NULL,228,'2016-03-27 19:24:33',NULL),('bfPWRV1tOrY','Pseudoephedrine','2016-09-07',275,'2016-09-13 07:37:30',NULL),('bIIGKV27FaY','Eisbaer',NULL,299,'2016-10-07 22:15:17',NULL),('Bij1mFZv98M','Czarne Lustra Prod. White House | Reset','2017-11-30',249,'2018-02-12 09:29:05',NULL),('bIRmyfKOAfM','Turn On Me [Official Video]','2007-08-13',225,'2016-07-12 14:56:23',NULL),('bkhLzHuUYmo','The Yabba','2015-09-09',416,'2016-09-13 08:59:49',NULL),('BmqfygwiHqg','Ostra Pompa','2017-01-02',213,'2018-03-14 09:07:34',NULL),('bN5sl1r_cyY','Król Cyganów','2016-08-23',213,'2016-08-24 13:18:11',NULL),('bNEOwb9YA54','Moc Energia I Papryka (Skoki Song)','2018-01-06',200,'2018-01-11 18:06:05',NULL),('BnO3nijfYmU','Rock DJ',NULL,267,'2016-03-13 20:22:23',NULL),('bpOSxM0rNPM','Do I Wanna Know?','2013-06-19',266,'2017-12-11 07:10:57',NULL),('BR_DFMUzX4E','This Is What It Feels Like','2013-03-18',250,'2016-05-15 22:30:35',NULL),('BS46C2z5lVE','My Love Ft. Jess Glynne','2014-01-27',191,'2017-04-09 20:46:16',NULL),('bsUWK-fixiA','M.I.L.F. $','2016-07-01',221,'2016-07-15 09:50:39',NULL),('bw5pi9nUGJ8','Only Getting Younger Ft. Skrillex',NULL,258,'2016-10-18 22:18:13',NULL),('BxFvI-zpaRs','\"Arms Around You\" (Official Lyrics Video)',NULL,199,'2018-11-02 10:32:09',NULL),('bxWxXncl53U','Soy Yo','2016-09-07',176,'2016-09-13 11:31:14',NULL),('C-u5WLJ9Yk4','Baby One More Time',NULL,237,'2016-03-22 07:04:26',NULL),('c3t9hM6jcbY','Hit Or Miss','2016-07-25',259,'2016-08-01 06:19:34',NULL),('CCIuQKDfkdY','Chess Piece',NULL,247,'2016-04-04 23:43:35',NULL),('CDl9ZMfj6aE','Smooth Criminal',NULL,219,'2016-03-21 23:37:14',NULL),('CduA0TULnow','Oops!...I Did It Again',NULL,252,'2016-03-20 23:10:37',NULL),('CeMeDihwyrg','Date Rape','1992-00-00',223,'2016-05-16 23:20:32',NULL),('cgUjuGI4XJM','Mogłem (Prod. Louis Villain)','2017-12-20',258,'2018-01-03 12:51:40',NULL),('CJinWua98NA','Kangaroo Court','2013-09-05',283,'2017-10-29 22:14:18',NULL),('cl28Dk0I62E','Tequila','2015-09-15',220,'2018-03-11 12:14:22',NULL),('cNAdtkSjSps','Pong','2009-11-19',351,'2016-09-23 09:40:14',NULL),('CncbXK6vURA','Romeo','2015-12-07',204,'2016-09-27 09:28:35',NULL),('CpaaHXDaRgU','Blue Suede Shoes','2017-04-18',222,'2017-07-16 14:16:04',NULL),('cvChjHcABPA','Sos','2009-10-08',199,'2017-10-03 22:41:11',NULL),('cVv2ZOXVYkQ','Kontrola Jakości ft. Szpaku Prod. soSpecial','2017-10-30',248,'2017-12-13 01:12:57',NULL),('CW5oGRx9CLM','False Alarm',NULL,346,'2016-10-18 23:00:42',NULL),('CY8E6N5Nzec','Friends *Official Friendzone Anthem*','2018-02-09',206,'2018-05-20 21:33:09',NULL),('D0LyJqzaT2Q','Rezzi (Lata Dans)','2017-05-08',254,'2017-07-18 18:47:26',NULL),('d7qNZ_QAz0Y','Nie Ma Fal (Lyric Video)',NULL,239,'2018-11-01 23:56:20',NULL),('dGZmNRMjIRk','Nie Śpię Bo Trzymam Gardę (Prod. Got Barss)','2016-11-23',266,'2017-12-08 15:00:32',NULL),('dKSJN3WWR3E','Hate Me Now ft. Puff Daddy',NULL,318,'2016-03-27 11:07:53',NULL),('DL7-CKirWZE','You Get What You Give','2009-10-08',280,'2016-07-17 00:59:30',NULL),('dmJefsOErr0','Swang','2017-02-16',229,'2017-07-10 14:43:29',NULL),('dMMUH_ZpbB0','Starboy Ft. Daft Punk','2016-11-11',232,'2016-11-14 16:58:49',NULL),('dnItgFWtbIw','Odile',NULL,167,'2016-03-12 13:52:36',NULL),('DPtfsk4ETjM','These Boots Are Made For Walkin\'','2009-10-03',250,'2017-07-16 14:04:06',NULL),('dQw4w9WgXcQ','Never Gonna Give You Up','2009-10-25',213,'2016-07-22 12:03:05',NULL),('dqZs-DFtx9g','No Bitter End','2016-04-20',243,'2016-07-21 18:37:25',NULL),('dTAAsCNK7RA','Here It Goes Again','2009-02-27',185,'2018-06-15 15:43:01',NULL),('DtVBCG6ThDk','Rocket Man','2017-05-22',283,'2017-07-10 07:54:16',NULL),('dwGO-wwKSjg','Restless','2011-07-21',180,'2017-04-09 19:01:18',NULL),('dZLfasMPOU4','Stacy\'s Mom','2009-03-12',204,'2016-07-12 14:22:56',NULL),('e-ASfL31Dv4','Zwariowane Życie','2013-07-14',262,'2017-07-31 13:01:42',NULL),('e-ORhEE9VVg','Blank Space',NULL,273,'2016-03-17 16:38:10',NULL),('E2Qe3_gSG8Y','Filipiny','2018-01-04',175,'2018-01-11 17:35:55',NULL),('eAoqWu6wmfI','We The People....','2016-11-11',178,'2016-11-14 16:55:24',NULL),('EbfK7dei7ec','Betrayed (Dir. By @_colebennett_)','2017-08-28',183,'2018-01-03 14:42:32',NULL),('ecP-XLv1Rv0','Fireflies','2016-08-25',192,'2016-08-29 16:08:40',NULL),('eg1WUU74AUg','Zmysły','2015-03-18',256,'2016-07-22 15:01:30',NULL),('egcXvqiho4w','Truckers Delight',NULL,200,'2016-04-01 21:13:05',NULL),('EgqUJOudrcM','How Deep Is Your Love','2015-08-06',261,'2016-09-13 15:32:19',NULL),('eJO5HU_7_1w','The Real Slim Shady (Edited)',NULL,268,'2016-03-31 12:51:39',NULL),('elsAYGFVMdY','Grass Ain\'t Greener','2016-08-26',294,'2016-09-02 07:41:46',NULL),('emGri7i8Y2Y','In Too Deep','2009-06-16',222,'2016-07-13 21:28:33',NULL),('en2D_5TzXCA','Million Reasons','2016-12-14',253,'2016-12-15 06:55:22',NULL),('EVBsypHzF3U','Telephone ft. Beyoncé',NULL,571,'2016-03-21 18:06:22',NULL),('Evug3WXIdak','ŚLepcy (Feat. Sylwia Dynek) [Kooza Mash-up]','2016-04-20',190,'2018-03-16 10:43:31',NULL),('EwlsmPJeBgw','Weekend Z Życia Dilera Ft. Syn Ulicy (Muz. Nws )','2011-11-11',234,'2016-05-14 17:28:13',NULL),('ewRjZoRtu0Y','Paper Planes','2009-06-17',205,'2017-07-10 15:01:26',NULL),('f4Mc-NYPHaQ','I Want To Break Free','2008-09-01',272,'2017-10-25 07:28:17',NULL),('F82W3tKtr8c','Taste The Feeling',NULL,193,'2016-10-06 20:44:34',NULL),('fC3Cthm0HFU','Last Donut Of The Night','2011-08-16',146,'2017-02-23 10:37:32',NULL),('FG1c7NeofXU','(feat. Tomson) Jak Nie My To Kto','2014-03-07',222,'2016-05-09 12:12:10',NULL),('fH41vPVIVP0','Kapitan Kox','2016-04-15',224,'2016-04-18 07:12:59',NULL),('FHCYHldJi_g','I Got U Ft. Jax Jones','2014-02-19',239,'2017-04-09 19:18:15',NULL),('fIQVVGJeIzA','Roller Skate','2017-09-07',200,'2017-09-10 20:33:01',NULL),('FM7MFYoylVs','Something Just Like This','2017-02-22',248,'2017-03-13 22:10:03',NULL),('foE1mO2yM04','I Took A Pill In Ibiza (Seeb Remix) (Explicit)','2016-02-27',237,'2016-04-24 16:49:29',NULL),('fQHEBL9Izn0','404 Prod. White House Skr. Dj Jaroz | Reset','2018-02-08',200,'2018-02-12 09:26:39',NULL),('ftOsgV5s78o','Zawsze Dobra Passa','2018-01-02',207,'2018-02-24 08:58:18',NULL),('G005RC4tlVc','Clockwise (Feat. Nick Row)','2018-02-02',219,'2018-02-10 21:43:58',NULL),('g6DdX51fnxM','Don\'t Need You','2016-11-06',294,'2016-11-14 15:00:14',NULL),('gbHTaPk8Qmk','Dawned On Me','2012-01-12',243,'2016-09-20 14:00:47',NULL),('Gevj5LNWx6c','The Blues Feat. Dan Reeder','2017-01-14',185,'2017-04-12 19:42:20',NULL),('Gf3bmQh8_dM','Don\'t Deny Your Heart',NULL,218,'2016-03-30 21:01:50',NULL),('GjkqNwYEzN0','Guczi Sruczi Look','2018-02-01',223,'2018-03-02 21:22:32',NULL),('gOb-EjyXRPQ','Manchmal Haben Frauen',NULL,287,'2016-10-07 22:06:49',NULL),('gPefy4xnNpk','Do The Whirlwind ',NULL,252,'2016-03-30 20:50:59',NULL),('grEterXHNW8','Postawa Myślenia + Goście','2012-01-26',219,'2016-05-11 20:38:36',NULL),('GvXpkH-gl3Q','What Are You Doing New Year\'s Eve?','2016-12-06',277,'2017-01-01 12:22:44',NULL),('GXRVX1AKAew','Coffee and TV',NULL,371,'2018-10-29 23:08:56',NULL),('h4UqMyldS7Q','It Was A Good Day','2009-02-24',313,'2016-07-18 08:48:55',NULL),('h6KYAVn8ons','I Guess That\'s Why They Call It The Blues','2010-09-01',284,'2017-07-13 05:52:27',NULL),('HAWSBEhPiY8','05:05','2017-12-21',231,'2017-12-28 16:00:57',NULL),('HcXNPI-IPPM','Baby\'s On Fire','2012-06-05',416,'2016-09-06 08:09:09',NULL),('HDTl9grOBdw','Audi w LPG (el pe dżi)','2016-11-04',226,'2018-03-13 07:49:53',NULL),('hdw1uKiTI5c','Rise','2016-08-05',198,'2016-08-07 22:08:34',NULL),('hi4pzKvuEQM','Gold','2014-08-12',260,'2017-03-19 13:30:47',NULL),('hjusmxc8yAQ','Butter','2016-08-07',221,'2016-08-24 19:25:25',NULL),('HkVS79y4p4Y','Why You Always Hatin? Ft. Drake, Kamaiyah','2016-08-15',254,'2016-08-22 14:56:46',NULL),('HL_WvOly7mY','Beverly Hills','2009-06-17',242,'2016-07-13 20:27:41',NULL),('hmbUNF1Q4R8','New Shoes','2007-06-15',224,'2017-07-16 17:13:45',NULL),('HPP0yB-_blA','Show Me','2017-06-07',189,'2018-03-17 08:12:42',NULL),('hqwU7nv3hTM','Fade Out Lines',NULL,264,'2016-04-04 23:07:27',NULL),('hR-NXv5Tma0','Bubble Butt (feat. Bruno Mars, 2 Chainz, Tyga & Mystic)',NULL,297,'2018-07-03 05:53:42',NULL),('hRXc_-c_9Xc','We Exist','2014-05-16',383,'2016-04-22 23:04:45',NULL),('hTl0F2cKzLk','Chillin\'','2013-09-29',231,'2016-08-09 20:15:41',NULL),('hu9pTGFjA4c','Ultralife','2017-04-12',215,'2017-04-13 18:22:43',NULL),('hv44srAsAo4','Superlove','2016-08-12',214,'2016-08-23 09:32:54',NULL),('HXeYRs_zR6w','Nobody But Me','2016-08-19',184,'2016-08-22 16:07:35',NULL),('hyeYUDqeadQ','Habitat (Christofer Luca Rmx)','2016-08-16',269,'2016-08-22 16:14:16',NULL),('hZSrzL-kb38','Sleepless','2013-04-02',209,'2017-10-22 19:09:40',NULL),('h_kNovMUJ6o','Super Crip','2017-03-18',255,'2017-11-09 14:01:07',NULL),('I2XfVml6o24','Sick Love','2016-12-05',227,'2017-11-04 19:21:05',NULL),('I6kfin-UeAQ','Josie','2009-06-16',216,'2016-07-15 14:00:18',NULL),('i8BGAYXNW74','Irresistible',NULL,254,'2016-03-27 19:32:31',NULL),('iArXv64tCJA','Young Folks',NULL,278,'2018-10-31 08:43:28',NULL),('IeMvUlxXyz8','Born Free',NULL,546,'2016-03-22 07:35:35',NULL),('ifwc5xgI3QM','Run','2017-06-01',382,'2017-07-22 14:07:41',NULL),('ihLdxPLPIKI','Donuts In A Lambo','2016-08-17',268,'2017-02-23 12:32:19',NULL),('iiiOqybRvsM','2.0h',NULL,178,'2016-03-27 20:11:57',NULL),('IJ-I7S86ASQ','New Years Eve  Ft. Marty James','2010-12-29',208,'2017-01-01 12:20:03',NULL),('ikh2r7b8CAI','15 Centymetrów','2014-08-29',287,'2018-03-10 09:34:22',NULL),('iQS4oa-dgLY','I\'m Aquarius','2013-12-18',252,'2017-10-12 14:51:24',NULL),('irxZsKBTXCQ','A Public Affair','2009-10-03',247,'2017-07-16 14:10:49',NULL),('iTno21crSsY','Not Nice',NULL,189,'2016-10-06 12:39:47',NULL),('IUOBnU57f9c','Sam Przeciwko Wszystkim','2013-01-04',266,'2018-03-23 07:57:59',NULL),('IwBS6QGsH_4','Miami',NULL,238,'2016-03-12 15:37:34',NULL),('IxkJHX7ukKE','No Myth',NULL,258,'2016-04-04 21:57:09',NULL),('jam_t-gj7HM','I Think I Can Beat Mike Tyson Ft. Mike Tyson, Don King','2013-10-29',304,'2016-05-15 10:31:30',NULL),('JeGP5uGMn-g','Naked','2017-09-14',350,'2018-06-03 08:20:10',NULL),('jfLcPYA3Nlk','Baby Says','2011-10-28',279,'2016-12-23 10:40:05',NULL),('jGflUbPQfW8','Cheerleader (Felix Jaehn Remix)','2015-04-08',190,'2017-03-30 09:05:34',NULL),('JgHskTnwnd4','Broken Car','2014-09-05',320,'2016-07-25 15:08:11',NULL),('jGhZxKDN7P8','New Year','2015-11-01',199,'2017-01-01 12:59:03',NULL),('JhY9GOhFwN4','Turbo Lover (Live From The \'Fuel For Life\' Tour)','2010-05-18',278,'2016-07-15 13:26:08',NULL),('JkD0wILd5hE','Bigstar (Prod. Secretrank)','2016-06-06',226,'2017-03-26 21:35:35',NULL),('JkK8g6FMEXE','I Don\'t Want to Miss a Thing',NULL,295,'2016-03-13 19:06:20',NULL),('jp_XgZIaopk','Co Jest Ze Mną Nie Tak','2016-03-23',212,'2016-05-01 17:31:56',NULL),('jqYxyd1iSNk','Birthday',NULL,216,'2016-03-27 18:55:36',NULL),('Jrd25gjyDhE','Seek Bromance','2010-09-30',224,'2016-07-25 14:57:47',NULL),('jsbeemdD2rQ','All In My Head (Flex) Ft. Fetty Wap','2016-06-23',212,'2016-07-22 05:43:15',NULL),('jtL3Jsl2ieE','Don\'t Leave Me','2016-08-23',218,'2016-09-01 07:13:26',NULL),('jvipPYFebWc','Lindsey Stirling','2014-10-20',219,'2017-04-26 14:20:25',NULL),('JvMXVHVr72A','Pitbull Terrier','2014-05-20',260,'2016-09-06 09:08:43',NULL),('Jwgf3wmiA04','Drag Me Down','2015-08-21',192,'2017-07-10 14:34:06',NULL),('JxLS-cpgbe0','Dolce & Gabbana','2013-09-17',204,'2017-08-25 22:32:50',NULL),('Jz2gvAApY2A','(It\'s Not War) Just The End Of Love',NULL,215,'2016-04-04 23:25:57',NULL),('jZny4yRbkKU','What Do You Mean? (Justin Bieber Cover In The Live Lounge)','2015-12-16',228,'2016-07-22 09:28:36',NULL),('J_8xCOSekog','My Favorite Part (Feat. Ariana Grande)','2016-12-13',275,'2016-12-15 06:46:25',NULL),('k1BFHYtZlAU','Stay Together For The Kids','2009-06-17',238,'2018-05-05 08:36:38',NULL),('K2Y265KZR4g','Ale Tu Jebie Skunem','2016-04-22',223,'2016-04-24 08:58:36',NULL),('K7l5ZeVVoCA','What\'s My Age Again?','2009-06-16',147,'2016-07-13 22:01:50',NULL),('KDPW_g2AhAU','Free Ft. Emeli Sandé','2013-10-24',272,'2017-10-29 12:21:04',NULL),('KDxJlW6cxRk','Ocean Drive','2015-09-15',208,'2017-04-09 19:09:08',NULL),('kf9M5AET4ac','Conrad','2016-11-07',224,'2016-11-14 17:03:55',NULL),('kg_EYc3SFuQ','The Ancestor','2012-10-09',215,'2017-10-13 12:27:55',NULL),('KhMMHKzJmKc','Nie Ma Jak (Prod. Trepson) (Popkiller Młode Wilki 2013) [Official Video]','2014-09-15',267,'2016-07-21 20:42:51',NULL),('KhzGSHNhnbI','undefined','2017-07-07',3672,'2017-08-17 21:14:14',NULL),('Ki0mCtfVtdU','Bubblegum Free Prod.@tsksomd','2016-08-30',177,'2017-11-22 00:11:01',NULL),('Kk4MqCg7F3s','Supergirl (Auer Remix)','2012-10-02',287,'2017-07-29 19:52:31',NULL),('kkx-7fsiWgg','Nicky Jam','2016-01-15',246,'2016-07-15 23:12:21',NULL),('KlyXNRrsk4A','Last Friday Night (T.G.I.F)',NULL,491,'2016-04-02 23:44:53',NULL),('kMOeTLLeaDU','Miserable','2009-10-25',229,'2016-05-15 20:43:06',NULL),('kREQJCEfGIY','Tic Tac Toe','2017-05-19',241,'2018-03-04 18:50:18',NULL),('kTHNpusq654','Hot N Cold',NULL,284,'2016-04-03 09:41:07',NULL),('kWbN3-6o3WQ','Mensch ',NULL,241,'2016-10-07 22:13:11',NULL),('KXUuxMYBm8k','Sobota, Bonson, Bilon, Ania Karwan, Kieru, Wini (Prod. Matheo)','2016-09-01',333,'2016-09-10 17:03:19',NULL),('kXYiU_JCYtU','Numb','2007-03-05',187,'2018-03-15 14:46:18',NULL),('L1KworDaCqs','Under Control',NULL,172,'2016-10-07 21:54:23',NULL),('LbARTyio_0Q','Wake Up','2016-05-27',240,'2016-07-15 09:45:10',NULL),('LDZX4ooRsWs','Anaconda',NULL,290,'2016-03-20 21:39:47',NULL),('LeiFF0gvqcc','Remember The Time','2009-10-03',557,'2016-04-22 23:38:03',NULL),('lfEVLXu3NXs','House Every Weekend','2015-05-01',182,'2017-04-10 20:23:00',NULL),('lFIIMEe2Ht0','Rise (NBC Olympics Video)','2016-07-15',201,'2016-07-22 05:42:07',NULL),('lgxOvmzpCts','КАЙФУЮ','2012-02-04',210,'2017-11-28 19:35:48',NULL),('LGZ3zZtb4S4','Pij I Graj Feat. V-unit, Dima, Sykario (Remix) New','2013-04-07',226,'2016-05-11 21:12:07',NULL),('LiaYDPRedWQ','Hello Kitty',NULL,199,'2016-03-17 08:56:54',NULL),('lkN51aqPOzU','Obsesionado','2016-02-22',257,'2016-08-04 07:55:49',NULL),('LLyvBHeeono','Watch Out','2012-03-21',176,'2018-03-16 10:10:25',NULL),('LOZuxwVk7TU','Toxic',NULL,212,'2016-03-12 15:07:44',NULL),('lrwBaJlvxEY','Fortune Player',NULL,256,'2016-03-12 12:11:07',NULL),('luUUnuaxIFQ','Happy New Year','2012-12-17',263,'2017-01-01 12:10:56',NULL),('lVb_t_ao9gw','Day \'N\' Nite','2008-12-04',211,'2018-06-05 20:40:24',NULL),('LZIc8VSonVY','Heat',NULL,263,'2016-03-30 21:10:03',NULL),('L_fCqg92qks','Call On Me',NULL,172,'2016-03-13 11:57:23',NULL),('mDU-5jwPKmQ','No Shopping Ft. Drake','2016-07-29',322,'2016-08-04 07:22:54',NULL),('mg5Bp_Gzs0s','Bang Bang','2016-08-12',212,'2016-08-22 16:27:04',NULL),('MGaEf0CZfbQ','My Way',NULL,220,'2016-09-30 10:56:35',NULL),('mgQV8BBAkqA','Working This Job (This Fucking Job) - Version Fucking 2','2010-05-28',246,'2016-07-24 21:55:29',NULL),('mHWr4WY9o24','Walk This Way','2014-06-16',227,'2018-01-11 14:43:57',NULL),('MILQ4kOzw3k','Lambo','2016-08-03',176,'2017-07-23 19:43:44',NULL),('mkgqJn-Hj98','Na Rozgrzewkę','2017-04-03',179,'2018-03-13 21:07:27',NULL),('MLjjMgmWl4A','Biały I Młody','2016-12-16',258,'2017-07-24 14:40:09',NULL),('mMfxI3r_LyA','Lady (Hear Me Tonight)','2013-10-01',222,'2016-07-25 15:02:17',NULL),('mmi60Bd4jSs','Da Funk',NULL,335,'2016-04-08 00:24:20',NULL),('mMWBh0B9F0M','Lowrider',NULL,247,'2016-03-12 14:12:29',NULL),('mpdcKmaHk_s','When The Lights Go Out',NULL,243,'2016-04-06 22:25:35',NULL),('MsduHmjQlgI','Heartbreaker','2008-08-11',235,'2017-10-10 06:05:46',NULL),('MSL6o8sePlg','Where Are We Runnin? ',NULL,277,'2016-03-12 12:11:46',NULL),('MwOchsxVuY0','Casual Sex','2012-02-16',253,'2016-05-15 22:27:58',NULL),('mwq-T2CrJRU','Loca People',NULL,289,'2016-03-22 23:57:10',NULL),('My2FRPA3Gf8','Wrecking Ball','2013-09-09',222,'2018-05-05 08:35:05',NULL),('M_Am8bSYIms','Fish',NULL,180,'2016-04-06 22:12:03',NULL),('N1y27xUPEOE','ŻYcie Na Patencie + Goście','2013-03-21',260,'2017-07-21 18:06:10',NULL),('N38hzg4wAho','Big Bird',NULL,172,'2016-11-12 15:55:13',NULL),('n6P0SitRwy8','Heart-Shaped Box','2009-06-16',285,'2017-05-14 07:11:51',NULL),('nfWlot6h_JM','Shake It Off',NULL,242,'2016-03-17 12:04:38',NULL),('NfzwM4pdyxU','Mountains',NULL,201,'2016-04-04 21:50:22',NULL),('NhheiPTdZCw','The Music Scene','2010-05-21',322,'2016-07-21 14:44:52',NULL),('NHydngA5C4E','The Power Of Good-bye','2009-10-27',252,'2017-09-02 19:43:39',NULL),('nIjVuRTm-dc','She Will Be Loved','2009-06-17',268,'2016-07-13 20:50:23',NULL),('nLEGbZI3Grc','Pompuj Pompuj (Official Video) Prod. Donde | Rekontakt','2013-06-01',276,'2018-02-19 12:31:28',NULL),('nO37LQq_qPM','Arnold','2017-11-21',167,'2017-11-23 12:40:44',NULL),('NqULoKkyhnU','Eternal (Ft. Zedion)','2018-02-16',274,'2018-03-15 10:29:16',NULL),('NSgHGFuPNus','The New Year','2009-01-13',241,'2017-01-01 12:18:01',NULL),('nYh-n7EOtMA','Cheap Thrills Ft. Sean Paul','2016-02-11',262,'2016-08-04 15:32:06',NULL),('NZmmZobqWG4','Dead Man Walking','2014-01-15',302,'2017-12-08 16:45:41',NULL),('n_I72uiqwa0','Alkoholizm','2012-04-03',298,'2018-06-02 08:06:54',NULL),('o10EV4PG40U','Take My Breath Away','2016-11-02',191,'2016-11-14 17:02:35',NULL),('o41A91X5pns','Goody Two Shoes','2010-12-20',202,'2017-07-16 14:20:32',NULL),('o4OD3IHs5jU','Domo 23',NULL,277,'2016-04-06 23:00:29',NULL),('o66xQUqKzsc','Borro Cassette','2015-07-06',222,'2016-07-22 05:40:51',NULL),('Od6Y--1jrKY','Eldorado [Official Video]','2017-10-19',265,'2018-01-03 12:27:01',NULL),('oDNcL1VP3rY','Tell Me Baby','2011-07-19',301,'2017-09-25 13:38:57',NULL),('OGGwv3Zjq88','The Satanist','2015-09-15',281,'2017-12-07 15:24:51',NULL),('oh2LWWORoiM','Habits (Stay High)','2014-03-17',209,'2017-08-30 12:56:48',NULL),('oIWV3WKpC2U','Hype (Prod. Chris Carson)','2014-07-15',273,'2018-03-16 10:30:06',NULL),('oKsxPW6i3pM','The Middle','2010-07-08',174,'2016-07-12 14:27:29',NULL),('omCA2RN9x4I','Burn Hd','2011-05-30',512,'2016-07-21 18:37:01',NULL),('oslBwpjxAJ8','Something For Joey','2003-00-00',244,'2016-05-17 07:57:53',NULL),('Oy9V_4im0wg','Cutting Shapes',NULL,190,'2016-11-07 06:23:48',NULL),('OyI2q6-B2UE','All Life',NULL,171,'2016-11-12 15:57:18',NULL),('oZbo4l0BvwQ','DMT','2018-02-23',257,'2018-02-23 16:36:51',NULL),('OzvasAJIHb4','I Apologize','2016-07-22',243,'2016-08-02 13:57:39',NULL),('p2EFLevSBCI','Ou Est Le Soleil','2014-06-21',252,'2017-08-07 23:15:27',NULL),('p3ELX-nPeVo','Sportowa Warszawa (+Goście)','2013-06-01',539,'2017-07-21 16:56:32',NULL),('P5mtclwloEQ','I\'m Too Sexy','2009-06-14',180,'2017-10-27 01:00:33',NULL),('p90H575__bY','Mam Małego!','2017-05-01',182,'2018-03-10 09:37:10',NULL),('papuvlVeZg8','Rockabye Ft. Sean Paul & Anne-Marie','2016-10-21',254,'2017-02-22 07:28:09',NULL),('PCF-B6deZ7Q','Miasto Moje','2012-03-27',186,'2016-05-11 10:20:21',NULL),('pFoja4b0ZFo','Go Fuck Yourself','2017-10-31',130,'2017-12-05 13:05:00',NULL),('pFptt7Cargc','Let It Happen','2015-08-17',257,'2017-10-17 13:12:07',NULL),('PiBX-ESFDF0','Sunday Morning','2009-10-09',261,'2016-11-27 17:09:04',NULL),('pIHR7rUeGTc','Lockjaw Ft. Kodak Black','2016-06-09',233,'2016-07-24 10:36:30',NULL),('Pjg3AOIbKO4','Murrrda (Warszawa Hotël)','2017-12-31',285,'2018-01-01 22:25:02',NULL),('PJniSb91tvo','El Perdedor','2016-04-22',268,'2016-08-04 07:32:15',NULL),('Pk7_5YzkouU','Fade Away','2013-04-26',283,'2016-09-11 19:28:42',NULL),('pOHQdIDds6s','It\'s Everyday Bro (Remix) [Feat. Gucci Mane]','2017-11-23',221,'2017-11-28 19:47:11',NULL),('PT2_F-1esPk','Closer Ft. Halsey','2016-07-29',262,'2016-08-01 07:43:15',NULL),('Px6pBgYmd7w','Pogba (Prod. Got Barss)','2018-02-22',166,'2018-03-02 21:00:42',NULL),('pXRviuL6vMY','Stressed Out','2015-04-28',226,'2016-07-15 11:40:44',NULL),('Q0oIoR9mLwc','Dark Necessities','2016-06-17',304,'2017-09-25 12:56:52',NULL),('Q4KZaI_jtKs','Into You','2016-08-03',243,'2016-08-05 07:18:53',NULL),('q76EfgGXvIY','Pażałsta (Prod. Sir Mich)','2015-01-14',200,'2017-07-19 13:35:23',NULL),('Q7JiG2z7pio','Mhm - Lecę, Chwila, Spadam','2014-05-08',314,'2018-01-14 12:35:48',NULL),('qalEMMQooNk','Piąta Osiemnastka','2016-05-05',206,'2018-03-13 07:59:07',NULL),('Qc9c12q3mrc','Addicted To You','2014-02-14',204,'2016-07-25 15:24:27',NULL),('QCqAYTMF61I','All Wet',NULL,261,'2016-10-02 19:34:07',NULL),('qdeWQIM1FgY','Tape Song','2008-11-03',221,'2017-02-04 12:17:43',NULL),('qdmoBy3ud7U','Merol','2017-08-11',230,'2018-03-13 07:52:21',NULL),('qeMFqkcPYcg','Sweet Dreams (Are Made Of This) (Official Video)',NULL,215,'2018-10-31 08:41:09',NULL),('QetvK6ldl2s','Smooth Sailing','2014-04-08',328,'2017-02-25 08:37:25',NULL),('QGJuMBdaqIw','Firework',NULL,234,'2016-04-17 12:52:30',NULL),('qh7QJ_jLam0','Too Dumb To Die','2017-09-08',206,'2017-09-10 20:42:54',NULL),('qh9WuPzOjlI','Rock Star',NULL,225,'2016-04-06 00:06:19',NULL),('QIc-7BFPwSU','Jak Lew','2016-07-13',238,'2017-06-25 00:44:42',NULL),('qj5zT4t7S6c','Sweet Lovin\' Feat. Bryn Christopher',NULL,215,'2016-03-13 10:11:04',NULL),('QNsPI6V4Iec','So Freakin\' Tight','2015-02-04',177,'2016-08-09 20:07:27',NULL),('Qok9Ialei4c','Miss Atomic Bomb','2012-12-11',294,'2017-10-12 15:05:56',NULL),('qRK3u5X-N1s','A Thing For Me','2011-02-04',213,'2016-07-28 15:13:39',NULL),('qrO4YZeyl0I','Bad Romance','2009-11-24',308,'2016-09-13 08:20:24',NULL),('qSMnrAJpEeo','Kountry Gentleman','2009-08-04',228,'2016-09-06 09:15:13',NULL),('Qt6Lkgs0kiU','The Boys Of Summer','2014-10-06',243,'2016-08-23 07:57:27',NULL),('QwrbyVaC6EU','The Greeks',NULL,206,'2016-04-01 21:34:45',NULL),('r1NSg1_ObSE','Lassie Wróć (Prod.Friz + Olek)','2018-02-15',255,'2018-02-18 04:06:54',NULL),('r8BsuT0PWdI','Flashed Junk Mind','2014-09-19',239,'2017-10-04 16:30:08',NULL),('rgc_LRjlbTU','One Night In Bangkok',NULL,237,'2016-04-04 21:42:32',NULL),('rhcc1KQlCS4','Why','2016-08-11',179,'2016-08-21 10:11:49',NULL),('RhU9MZ98jxo','Paris','2017-01-13',229,'2017-02-22 07:30:34',NULL),('rjr42vJSrcY','Beta W Benzie','2017-03-16',213,'2017-03-23 21:20:30',NULL),('rMqayQ-U74s','Womanizer (Director\'s Cut)',NULL,226,'2016-03-22 06:53:31',NULL),('RM_DON9L5No','Louboutins','2010-01-04',218,'2017-07-16 17:26:45',NULL),('RNuUgbUzM8U','Gold Dust','2010-06-22',213,'2017-04-11 21:13:11',NULL),('roRcksH2_HQ','Party Like Tomorrow Is The End Of The World (Explicit)','2013-10-28',318,'2017-10-29 10:02:40',NULL),('RqcjBLMaWCg','2u (The Victoria’s Secret Angels Lip Sync)','2017-06-09',195,'2017-07-16 11:54:02',NULL),('RrU2DThhsZI','Feeling For You','2016-05-03',216,'2017-09-23 10:03:35',NULL),('RSdKmX2BH7o','We Made You',NULL,283,'2016-03-30 22:11:24',NULL),('ru0K8uYEZWw','Can\'t Stop The Feeling!','2016-05-16',286,'2016-07-19 13:54:55',NULL),('rVeMiVU77wo','J (∆) Breezeblocks',NULL,227,'2018-10-30 13:54:06',NULL),('RwEZXEU0wRg','Jak Zaczynasz Dzień feat. Sokól','2012-02-25',184,'2016-07-30 11:08:54',NULL),('ryr75N0nki0','Walk On Water Ft. Beyoncé','2017-12-24',322,'2018-01-03 14:24:01',NULL),('rYuhWd4QI0k','Donuts (Prod. Esta)','2013-10-07',209,'2017-02-23 12:27:53',NULL),('S85vl1xFx1o','Sabrina ','1987-05-29',222,'2016-07-13 20:02:09',NULL),('SAWzXkV3hHo','Lost In Japan (Original + Remix)',NULL,234,'2018-10-30 21:38:11',NULL),('SCcVrLcGD7k','Fucking Young','2015-04-09',390,'2017-04-10 20:26:28',NULL),('sJA3gQ6jmxc','Ham','2016-05-13',171,'2017-04-09 07:44:18',NULL),('sJiRwDgZbjM','No Mercy','2010-10-04',222,'2016-09-18 22:45:14',NULL),('SmM0653YvXU','Rain Over Me ft.Marc Anthony',NULL,234,'2016-03-24 17:50:06',NULL),('SMs0GnYze34','Let Me Love You',NULL,207,'2016-10-02 00:40:52',NULL),('sNPnbI1arSE','My Name Is',NULL,248,'2016-03-20 10:37:48',NULL),('sOnqjkJTMaA','Thriller',NULL,823,'2016-03-20 11:23:27',NULL),('sPLEbAVjiLA','Paranoid Android','2009-03-04',399,'2017-02-28 20:01:17',NULL),('SPlQpGeTbIE','Move Your Feet',NULL,199,'2016-03-30 06:43:16',NULL),('sS76eS34Y0c','Mr. Saxobeat',NULL,194,'2016-04-06 21:19:21',NULL),('sT0g16_LQaQ','Dammit','2009-06-16',171,'2017-06-27 07:10:08',NULL),('sVaRHJn_dgM','She\'s The One',NULL,316,'2016-03-13 20:18:26',NULL),('SXiSVQZLje8','Side To Side Ft. Nicki Minaj','2016-08-30',238,'2016-09-01 12:29:45',NULL),('t5Sd5c4o9UM','E.T.  Ft. Kanye West','2011-03-31',309,'2017-04-10 19:44:08',NULL),('T97Ft3J48IU','Johnny Bravo',NULL,198,'2016-04-09 18:59:27',NULL),('TFXlWfzW9Uo','Sunlight feat. Years & Years',NULL,222,'2016-04-01 18:26:54',NULL),('Tg-Q-Acv4qs','Nikita','2016-11-25',293,'2017-07-10 07:43:58',NULL),('TGtWWb9emYI','We Are One (Ole Ola) [The Official 2014 FIFA World Cup Song] (Olodum Mix)',NULL,246,'2016-03-20 10:49:46',NULL),('TIy3n2b7V9k','Sk8er Boi',NULL,221,'2016-03-17 08:35:04',NULL),('TjB-JpeF18s','Czeski Film // Skrecze: Dj Shoodee // Prod. Nws & Wowo.','2017-10-19',245,'2018-05-13 07:28:31',NULL),('tkClJp0jSgA','Set The Roof Ft. Lil\' Jon','2016-08-08',209,'2016-08-23 12:26:18',NULL),('ttWQK5VXskA','My Band Ft. Cameo','2009-06-17',338,'2017-08-20 11:17:16',NULL),('tvTRZJ-4EyI','Humble.','2017-03-30',184,'2017-04-12 19:51:42',NULL),('tw429JGL5zo','Move Bitch Ft. Mystikal, I-20','2009-10-08',231,'2017-08-23 21:19:34',NULL),('tZ5Mu2gs-M8','Grief','2015-03-17',271,'2017-04-09 20:52:41',NULL),('u38TqU5rAyk','Man Overboard',NULL,176,'2016-03-20 21:50:25',NULL),('Ua61XY84gGg','The New Workout Plan (Short Version)',NULL,315,'2016-03-13 20:11:26',NULL),('ubEublECnMU','Role DTO',NULL,239,'2016-04-01 12:42:42',NULL),('UbQgXeY_zi4','Lone Digger',NULL,171,'2016-04-01 21:28:56',NULL),('ubvV498pyIM','It\'s My Life',NULL,231,'2018-11-03 15:42:44',NULL),('UDApZhXTpH8','P.I.M.P. (Snoop Dogg Remix) ft. Snoop Dogg, G-Unit',NULL,301,'2016-03-27 19:01:30',NULL),('UDCT6ta_54k','Żyj Swoim Rytmem','2016-08-24',253,'2016-08-26 08:55:27',NULL),('uEJuoEs1UxY','I Got You','2017-01-06',197,'2017-01-22 19:32:35',NULL),('ULTtWUZhD9c','Supreme',NULL,275,'2016-03-13 20:32:46',NULL),('Um7pMggPnug','Chained To The Rhythm Ft. Skip Marley','2017-02-21',241,'2017-03-13 22:12:58',NULL),('UprcpdwuwCg','Heathens','2016-06-21',218,'2018-06-04 09:55:46',NULL),('UpsKGvPjAgw','Steal My Girl','2014-10-24',319,'2016-07-15 08:07:54',NULL),('UqON44CLaQM','Do You Know? (The Ping Pong Song)','2009-12-20',302,'2016-09-23 10:48:13',NULL),('uuCJDn1L6Ps','Samodyscyplina prod. Fabster','2015-04-05',232,'2016-07-30 08:48:23',NULL),('v0CYB5V9e64','Malibu','2009-06-16',233,'2016-07-17 20:32:46',NULL),('V2hlQkVJZhE','Likey','2017-10-30',222,'2017-11-28 19:45:06',NULL),('VASywEuqFd8','Are You Lost In The World Like Me',NULL,196,'2016-10-27 07:03:54',NULL),('VAWjsVoDpm0','Got The Life','2009-10-25',247,'2017-02-16 14:27:32',NULL),('VCnPe5bBnAU','Mieć Czy Być','2007-02-08',185,'2016-05-08 13:20:32',NULL),('VKOCH8OcwaI','The Spike',NULL,231,'2016-03-27 09:25:17',NULL),('vraoiVCDdaM','Holiday','2010-05-27',139,'2016-07-13 20:11:42',NULL),('VrDfSZ_6f4U','Day \'N\' Nite','2009-10-09',188,'2017-11-09 10:33:12',NULL),('vVy9Lgpg1m8','First Date','2009-06-16',212,'2016-07-14 20:29:56',NULL),('vWz9VN40nCA','Physica',NULL,224,'2016-03-13 19:58:29',NULL),('w42c2XWr-P0','Otwarcie','2011-03-29',296,'2016-07-21 20:01:37',NULL),('W4ZVTUePMmc','Zbyt Dziabnięty','2014-05-22',311,'2018-01-14 12:49:51',NULL),('Wa5B22KAkEk','Young, Wild and Free ft. Bruno Mars',NULL,258,'2016-03-26 16:06:08',NULL),('WDaNJW_jEBo','I Know What You Want Ft. Flipmode Squad','2014-01-22',317,'2017-09-20 20:13:00',NULL),('WdgLMslbDuY','Make Some Noise','2011-04-21',321,'2016-04-22 23:41:08',NULL),('Wdq_2uBlLTE','Kawa I Xanax (Prod. Notime)','2017-05-30',209,'2017-07-23 19:30:06',NULL),('WE7PJVZyBhU','Sin Sin Sin',NULL,285,'2016-03-24 18:07:39',NULL),('wESgcExetso','Bebot','2010-07-09',285,'2016-09-06 09:19:22',NULL),('WeYsTmIzjkw','Because I Got High',NULL,200,'2016-03-26 15:06:57',NULL),('WfPu9Jrcpuk','Like I Do','2018-02-22',203,'2018-03-04 10:04:52',NULL),('wfWIs2gFTAM','River Ft. Ed Sheeran','2018-02-14',415,'2018-02-18 19:45:24',NULL),('wGs4YcVyKtQ','Co Gdyby Nie Sport (Prod. Dos)','2014-08-15',221,'2018-03-13 13:38:01',NULL),('wl6k_h2drK8','My Trigger','2016-08-22',195,'2016-08-24 08:05:48',NULL),('wltRoy_rxMQ','Testament Żołnierzy Z AK','2015-10-02',294,'2016-09-08 07:42:08',NULL),('wqi7YGePjZU','Hold You','2015-07-03',202,'2018-06-03 08:29:57',NULL),('wQRV5omnBBU','Do It Right Ft. Tkay Maidza','2016-06-02',186,'2017-10-29 11:06:15',NULL),('wtMyRroOS-o','Sporty Walki Gostyń (Prod. Kakoy)','2015-03-08',172,'2017-12-03 12:49:11',NULL),('WWkdUU8Ayfk','Еще до старта далеко (Feat. Павел Мурашов) [премьера клипа, 2015]','2015-07-29',202,'2017-11-26 18:17:55',NULL),('Wy2w8GtRBKg','Nie Dla Ciebie (Prod. 101 Decybeli)','2016-10-23',248,'2017-07-23 15:31:57',NULL),('wycjnCCgUes','Feels Like We Only Go Backwards','2012-11-08',201,'2017-10-12 15:16:08',NULL),('wyx6JDQCslE','Sexy And I Know It','2011-09-16',204,'2016-05-15 22:43:42',NULL),('wzI8XmXvjkY','Ghosts Are Dancing','2012-10-31',200,'2017-10-13 11:48:31',NULL),('X0ZVaFO7cGE','Swish Swish (Lyric Video Starring Gretchen) Ft. Nicki Minaj','2017-07-03',227,'2017-07-16 12:03:32',NULL),('x9BILEBcx5c','Supergirl','2017-06-22',232,'2018-03-12 17:02:18',NULL),('xAh6fk0KD1c','We Are All Made Of Stars','2009-03-05',222,'2016-04-18 21:49:00',NULL),('xat1GVnl8-k','The Bad Touch','2009-11-23',245,'2016-07-17 08:24:46',NULL),('xc7PZyOaB1s','Cardio','2017-10-12',258,'2018-03-11 21:38:03',NULL),('XIictPv-5MI','Нельзя сказать короче','2014-09-10',326,'2016-09-23 10:55:49',NULL),('xKv9cmynyoY','Powiedzcie To Dalej','2016-08-10',207,'2016-08-24 19:29:33',NULL),('xmUZ6nCFNoU','Today','2011-08-03',241,'2017-10-18 08:08:04',NULL),('XNtTEibFvlQ','Shots Ft. Lil Jon','2009-12-05',254,'2016-07-12 14:37:19',NULL),('xPliEy0-2xI','Mi Mi Mi','2013-07-02',204,'2018-06-02 08:04:53',NULL),('xsBu-FXkhEA','Say You Like Me',NULL,236,'2016-03-30 06:33:59',NULL),('XsFneCExrCQ','Cool Girl','2016-08-19',240,'2016-08-22 08:35:23',NULL),('xt0V0_1MS0Q','Bicycle Race',NULL,196,'2016-03-12 13:47:40',NULL),('XWCwc1_sYMY','Party Ft. J. Cole','2011-10-26',221,'2016-07-11 16:41:51',NULL),('XXlZfc1TrD0','Banana Brain','2016-08-31',433,'2016-09-06 05:16:41',NULL),('Y1_VsyLAGuk','Tuesday Ft. Danelle Sandoval','2016-07-16',191,'2017-03-30 07:07:48',NULL),('y6120QOlsfU','Sandstorm','2009-07-05',233,'2018-03-16 10:01:27',NULL),('Ydx3xjeAyjA','Mamy To W Kodach Dna (Prod. Ptk)','2012-05-23',309,'2016-05-11 10:16:36',NULL),('YJ8Z9v4jr_M','Dis Finna Be A Breeze!','2017-11-03',177,'2017-11-09 13:59:05',NULL),('YjUk92LSzSo',' 2 Dzielnice 1 Życie','2012-09-05',384,'2016-05-11 10:35:54',NULL),('YLMJW62HE8A','My (O Mnie, O Tobie, O Nas)','2017-06-08',233,'2017-12-22 20:00:04',NULL),('YlUKcNNmywk','Californication',NULL,322,'2016-03-30 21:07:50',NULL),('ymNFyxvIdaM','Freestyler',NULL,293,'2016-10-02 21:24:24',NULL),('yOV5D5_RZzE','Sportowa Dama','2017-02-20',196,'2018-03-07 18:01:34',NULL),('YQ1LI-NTa2s','Bizness','2011-03-24',266,'2016-08-01 14:55:20',NULL),('YqJAnQTwmJs','I Get Around','2011-07-05',263,'2016-07-13 20:06:06',NULL),('yrfo_KhbgAA','Real One',NULL,287,'2016-10-27 21:24:53',NULL),('yuBbGyWSc-c','St. Brick Intro','2016-12-02',278,'2016-12-16 06:55:14',NULL),('YVkUvmDQ3HY','Without Me',NULL,300,'2016-03-12 15:17:03',NULL),('Yxz5G4foV0E','Obsesja','2013-03-25',217,'2017-07-31 14:41:09',NULL),('YykjpeuMNEk','Hymn For The Weekend (Official Video)','2016-01-29',261,'2016-05-02 13:02:18',NULL),('YZuHSgjT4JM','Nigdy Się Nie Poddaj (Prod. Nest Beatz)','2017-09-12',399,'2017-11-26 18:19:39',NULL),('Z2i7bR-lNaY','Czarna Elka','2011-12-27',182,'2016-05-11 10:25:07',NULL),('z3YMxM1_S48','Natural Blues',NULL,263,'2016-03-29 21:49:37',NULL),('z63cQKWlDgQ','Second Round K.O.','2009-06-16',228,'2016-05-15 20:17:50',NULL),('Z8V5GfFeUDs','Ping Pong','2014-05-02',255,'2016-09-23 10:43:05',NULL),('ZAufONAig6w','#Ctzk / Skrrrt / 2017','2017-06-12',261,'2017-07-16 13:53:21',NULL),('ZB7Xjd34pjo','I’m The Man (Remix) (Explicit) Ft. Chris Brown','2016-05-06',274,'2016-07-24 10:43:37',NULL),('Ze7H_MEQVb8','Co Mam Powiedzieć',NULL,220,'2016-03-29 09:01:29',NULL),('ZkqyIoYAXV8','Purple Lamborghini','2016-08-05',262,'2016-08-09 20:43:11',NULL),('zP50Ewh31E4','Too Close',NULL,261,'2016-04-02 11:46:20',NULL),('zRIbf6JqkNc','Don\'t Cry','2009-10-09',315,'2017-07-11 19:52:55',NULL),('ZSgnDb3BsCw','Dobry Dzien','2016-08-15',166,'2016-08-24 19:34:25',NULL),('ZTEfInwgxVs','Straight To The Bank','2009-12-14',209,'2016-07-29 11:38:43',NULL),('ZTidn2dBYbY','True Survivor (from Kung Fury)',NULL,244,'2016-03-20 11:18:19',NULL),('ZVRxh7mo3iY','Alcatraz','2018-02-22',208,'2018-03-04 09:58:06',NULL),('zwS9DxTn5Hs','Wyjebane (Tak Mocno)','2015-01-16',219,'2016-07-22 13:47:57',NULL),('ZyhrYis509A','Barbie Girl',NULL,202,'2016-03-21 23:50:59',NULL),('ZyuOYHWWr3U','Wstawaj (Prod. Koń)','2016-05-11',170,'2016-07-30 08:05:13',NULL),('_5XfAYZAA7w','Breathe','2009-02-26',201,'2016-07-13 19:53:13',NULL),('_66jPJVS4JE','Waiting For Tonight','2009-11-24',250,'2017-01-01 11:26:25',NULL),('_an3mlqNjjY','Tatuaże z Henny (prod. LOAA)',NULL,274,'2018-11-01 23:50:32',NULL),('_CL6n0FJZpk','Still D.R.E. ft. Snoop Dogg',NULL,292,'2016-03-25 22:40:03',NULL),('_dK2tDK9grQ','Shape Of You','2017-01-06',236,'2017-01-22 19:29:13',NULL),('_i5fBY3a5Q0','New Year\'s Day','2016-12-30',266,'2017-01-01 12:16:07',NULL),('_i_qxQztHRI','Gold Cobra','2011-06-28',285,'2018-06-18 15:29:18',NULL),('_JZom_gVfuw','\"Juicy\" (Official Video)','2011-09-06',251,'2016-07-12 14:41:19',NULL),('_lK4cX5xGiQ','Tribute',NULL,293,'2016-03-20 21:58:49',NULL),('_opF2Dn6Fk4','The Moment','2015-11-07',308,'2017-10-12 20:46:40',NULL),('_ovdm2yX4MA','Levels','2011-11-29',199,'2016-07-12 17:14:20',NULL),('_rbyY0qvJ84','Jedno Miasto Jeden Klub','2011-12-18',283,'2016-05-11 10:27:25',NULL),('_Ri2KEiXlNk','This House Is Not For Sale','2016-08-12',219,'2016-08-23 08:25:33',NULL),('_shxzlTRK44','Basketball',NULL,228,'2016-03-27 20:02:14',NULL),('_U5IhEAFGwQ','You Could Be Mine','2014-01-19',376,'2017-10-23 06:09:39',NULL),('_whGk6HjUAQ','Got U (Ready Or Not)','2017-07-03',196,'2017-12-01 08:56:02',NULL),('_zPlr-o-YEQ','You & Me  Feat. Eliza Doolittle  (Flume Remix)','2014-02-24',286,'2017-08-23 21:10:12',NULL);
/*!40000 ALTER TABLE `video` ENABLE KEYS */;
UNLOCK TABLES;

--
-- Table structure for table `video_tag`
--

DROP TABLE IF EXISTS `video_tag`;
/*!40101 SET @saved_cs_client     = @@character_set_client */;
/*!40101 SET character_set_client = utf8 */;
CREATE TABLE `video_tag` (
  `video_tag_id` int(11) NOT NULL AUTO_INCREMENT,
  `start` smallint(6) DEFAULT NULL,
  `stop` smallint(6) DEFAULT NULL,
  `description` varchar(500) DEFAULT NULL,
  `created_at` timestamp NOT NULL DEFAULT CURRENT_TIMESTAMP,
  `user_id` int(11) DEFAULT NULL,
  `video_youtube_id` varchar(11) DEFAULT NULL,
  `tag_slug_id` varchar(255) DEFAULT NULL,
  PRIMARY KEY (`video_tag_id`),
  KEY `video_tag_video_video_youtube_id_fk` (`video_youtube_id`),
  KEY `video_tag_tag_tag_slug_id_fk` (`tag_slug_id`),
  CONSTRAINT `video_tag_tag_tag_slug_id_fk` FOREIGN KEY (`tag_slug_id`) REFERENCES `tag` (`tag_slug_id`),
  CONSTRAINT `video_tag_video_video_youtube_id_fk` FOREIGN KEY (`video_youtube_id`) REFERENCES `video` (`video_youtube_id`)
) ENGINE=InnoDB AUTO_INCREMENT=1977 DEFAULT CHARSET=utf8;
/*!40101 SET character_set_client = @saved_cs_client */;

--
-- Dumping data for table `video_tag`
--

LOCK TABLES `video_tag` WRITE;
/*!40000 ALTER TABLE `video_tag` DISABLE KEYS */;
INSERT INTO `video_tag` VALUES (737,0,240,'cały teledysk jest o kokainie','2016-03-12 14:00:12',NULL,'6vYnas6q3Sg','drugs'),(763,0,216,'','2016-03-12 13:59:58',NULL,'0hcEiEyylEA','stadium'),(764,0,216,'','2016-03-12 13:59:53',NULL,'0hcEiEyylEA','running'),(765,0,216,'wyświetlają się na telebimie ','2016-03-12 13:59:44',NULL,'0hcEiEyylEA','seven-deadly-sins'),(766,18,120,'','2016-03-12 13:59:38',NULL,'lrwBaJlvxEY','gym'),(767,120,256,'','2016-03-12 13:59:23',NULL,'lrwBaJlvxEY','table-tennis-ping-pong'),(768,0,17,'','2016-03-12 13:58:44',NULL,'lrwBaJlvxEY','table-tennis-ping-pong'),(769,0,196,'utwór o rowerze? sceny nagich dziewcząt jeżdzących na rowerach','2016-03-12 13:58:40',NULL,'xt0V0_1MS0Q','bike'),(770,0,167,'Nadéah jeździ cały teledysk na rowerze','2016-03-12 13:58:35',NULL,'dnItgFWtbIw','bike'),(771,0,247,'cały utwór jest o lowriderze, muzyka i video','2016-03-12 14:13:37',NULL,'mMWBh0B9F0M','lowrider'),(772,0,212,'Britney jest w teledysku stewardesą','2016-03-12 15:11:06',NULL,'LOZuxwVk7TU','stewardes'),(773,0,215,'wykonawca cały teledysk jeżdzi na wrotkach ','2016-03-13 10:15:21',NULL,'qj5zT4t7S6c','roller-skates'),(774,12,39,NULL,'2016-03-13 11:11:31',NULL,'-KPnyf8vwXI','hangover'),(776,0,65,'','2016-03-13 11:13:27',NULL,'MSL6o8sePlg','hangover'),(777,0,172,'','2016-03-13 12:19:39',NULL,'L_fCqg92qks','fitness'),(779,0,244,'','2016-03-13 14:57:47',NULL,'7iH2eYFgDmg','beach'),(780,0,30,'','2016-03-13 19:07:38',NULL,'JkK8g6FMEXE','space'),(781,210,255,'trochę przeplatanych scen w komosie','2016-03-13 19:10:18',NULL,'JkK8g6FMEXE','space'),(782,0,295,'','2016-03-13 19:12:22',NULL,'JkK8g6FMEXE','astronautics'),(783,0,224,'','2016-03-13 19:59:11',NULL,'vWz9VN40nCA','gym'),(784,3,165,'','2016-03-13 20:07:46',NULL,'7Y9UlEof6XI','fitness'),(785,0,315,'jest pare scen','2016-03-13 20:11:54',NULL,'Ua61XY84gGg','gym'),(786,0,315,'jest pare scen','2016-03-13 20:12:17',NULL,'Ua61XY84gGg','fitness'),(787,0,316,'','2016-03-13 20:20:03',NULL,'sVaRHJn_dgM','ice-skate'),(788,28,232,'dziewczyny jeżdzą na wrotkach wkoło Robbiego','2016-03-13 20:26:00',NULL,'BnO3nijfYmU','roller-skates'),(789,6,246,'Robbie Williams robi striptiz i rozbiera się aż do kości ;)','2016-03-13 20:30:18',NULL,'BnO3nijfYmU','striptease'),(790,0,251,'','2016-03-13 20:33:50',NULL,'ULTtWUZhD9c','car-racing'),(791,0,221,'tekst utworu, bo w teledysku na desce nie jeżdżą','2016-03-17 08:43:26',NULL,'TIy3n2b7V9k','skateboarding'),(792,0,253,'jeżdżą na desce ','2016-03-17 08:43:19',NULL,'5NPBIwQyPWE','skateboarding'),(793,81,84,'Avril w sklepie sportowym zakłada rękawicę bokserskie','2016-08-02 06:30:44',NULL,'5NPBIwQyPWE','boxing'),(794,0,199,'','2016-03-17 08:57:16',NULL,'LiaYDPRedWQ','hello-kitty'),(795,0,199,'teledysk nagrany w Japonii','2016-03-17 08:58:07',NULL,'LiaYDPRedWQ','japan'),(796,19,24,'','2016-03-17 10:33:37',NULL,'7RMQksXpQSk','table-tennis-ping-pong'),(797,32,34,'','2016-03-17 10:34:06',NULL,'7RMQksXpQSk','table-tennis-ping-pong'),(798,148,149,'','2016-03-17 10:36:31',NULL,'7RMQksXpQSk','table-tennis-ping-pong'),(799,43,48,'','2016-03-17 11:53:47',NULL,'7RMQksXpQSk','basketball'),(801,0,16,'','2016-03-17 12:10:39',NULL,'nfWlot6h_JM','ballet'),(802,26,41,'','2016-03-17 12:15:45',NULL,'nfWlot6h_JM','ballet'),(803,60,63,'','2016-03-17 12:16:42',NULL,'nfWlot6h_JM','ballet'),(804,98,101,'','2016-03-17 12:17:44',NULL,'nfWlot6h_JM','ballet'),(805,116,120,'','2016-03-17 12:18:35',NULL,'nfWlot6h_JM','ballet'),(806,145,165,'','2016-03-17 12:22:05',NULL,'nfWlot6h_JM','cheerleading'),(807,224,230,'','2016-03-17 12:24:07',NULL,'nfWlot6h_JM','ballet'),(808,0,7,'','2016-03-17 16:40:07',NULL,'e-ORhEE9VVg','shelby-ac-cobra'),(809,191,226,'','2016-03-17 16:43:10',NULL,'e-ORhEE9VVg','shelby-ac-cobra'),(810,0,17,'','2016-03-19 04:48:22',NULL,'9dcVOmEQzKA','michael-jackson'),(811,52,81,'','2016-03-19 04:51:49',NULL,'9dcVOmEQzKA','michael-jackson'),(812,25,41,'','2016-03-19 04:52:59',NULL,'9dcVOmEQzKA','santa-claus'),(819,0,297,NULL,'2016-03-20 20:47:25',NULL,'hR-NXv5Tma0','twerking'),(820,200,215,NULL,'2016-03-20 20:52:56',NULL,'sNPnbI1arSE','marilyn-manson'),(821,203,221,NULL,'2016-03-20 21:18:24',NULL,'sOnqjkJTMaA','werewolf'),(824,396,704,NULL,'2016-03-20 21:24:21',NULL,'sOnqjkJTMaA','zombie'),(825,0,290,NULL,'2016-03-20 21:40:28',NULL,'LDZX4ooRsWs','twerking'),(826,0,176,NULL,'2016-03-20 21:52:29',NULL,'u38TqU5rAyk','midget'),(827,84,293,NULL,'2016-03-20 22:00:59',NULL,'_lK4cX5xGiQ','devil'),(828,0,252,NULL,'2016-03-20 23:12:30',NULL,'CduA0TULnow','space'),(829,0,252,NULL,'2016-03-20 23:12:50',NULL,'CduA0TULnow','astronautics'),(831,25,283,'','2016-03-21 22:33:52',NULL,'EVBsypHzF3U','prison'),(833,0,219,'cover utworu o tym samym tytule + liczne nawiązania do Jackson w teledysku','2016-03-21 23:38:29',NULL,'CDl9ZMfj6aE','michael-jackson'),(834,0,202,'','2016-03-21 23:51:46',NULL,'ZyhrYis509A','barbie'),(840,6,15,'to chyba sauna?','2016-03-22 06:56:57',NULL,'rMqayQ-U74s','sauna'),(841,0,84,NULL,'2016-08-29 05:20:18',NULL,'C-u5WLJ9Yk4','school'),(842,141,231,NULL,'2016-08-29 05:20:22',NULL,'C-u5WLJ9Yk4','school'),(843,141,231,'','2016-03-22 07:07:37',NULL,'C-u5WLJ9Yk4','basketball'),(844,0,301,'','2016-03-22 07:16:12',NULL,'aCHg5r6rFoI','rowing'),(845,95,237,NULL,'2016-08-29 05:20:15',NULL,'8SbUC-UaAxE','wedding'),(846,0,349,'','2016-03-22 07:24:44',NULL,'3rFoGVkZ29w','prison'),(847,0,546,'fabuła opiera się na pojmaniu ludzi o rudych włosach i ich rozstrzelaniu','2016-03-22 07:38:34',NULL,'IeMvUlxXyz8','red-hair'),(850,510,517,'jeden rudzielec','2016-03-22 11:53:21',NULL,'IeMvUlxXyz8','bodycount'),(909,0,234,'','2016-03-24 17:52:56',NULL,'SmM0653YvXU','desert'),(910,0,40,'','2016-03-24 17:54:59',NULL,'SmM0653YvXU','bmw'),(911,74,85,'','2016-03-24 17:56:37',NULL,'SmM0653YvXU','snake'),(912,0,285,'','2016-03-24 18:11:05',NULL,'WE7PJVZyBhU','guru'),(918,0,285,'','2016-03-24 18:13:09',NULL,'WE7PJVZyBhU','harem'),(920,0,292,'','2016-03-25 22:41:03',NULL,'_CL6n0FJZpk','lowrider'),(921,0,258,'','2016-03-26 16:06:54',NULL,'Wa5B22KAkEk','drugs'),(923,26,31,'','2016-03-27 01:39:28',NULL,'7-tNUur2YoU','excitebike'),(941,30,37,'','2016-03-27 02:57:45',NULL,'7-tNUur2YoU','angry-birds'),(942,44,45,'','2016-03-27 02:59:23',NULL,'7-tNUur2YoU','q-bert'),(943,129,130,'','2016-03-27 03:01:43',NULL,'7-tNUur2YoU','duck-hunt'),(944,143,154,'','2016-03-27 03:11:07',NULL,'7-tNUur2YoU','bomberman'),(945,162,216,'','2016-03-27 03:13:23',NULL,'7-tNUur2YoU','sonic-the-hedgehog'),(947,70,220,'','2016-03-27 09:28:35',NULL,'VKOCH8OcwaI','tron'),(952,0,318,'','2016-03-27 11:09:34',NULL,'dKSJN3WWR3E','jesus'),(953,0,226,NULL,'2016-03-27 14:15:55',NULL,'0KSOMA3QBU0','ancient-egypt'),(958,0,216,NULL,'2016-03-27 18:56:15',NULL,'jqYxyd1iSNk','birthday'),(959,0,301,NULL,'2016-03-27 19:03:01',NULL,'UDApZhXTpH8','pimp'),(960,0,228,NULL,'2016-03-27 19:24:52',NULL,'bFLow5StvvU','monako'),(961,0,254,NULL,'2016-03-27 19:32:42',NULL,'i8BGAYXNW74','basketball'),(962,0,228,NULL,'2016-03-27 20:02:25',NULL,'_shxzlTRK44','basketball'),(963,0,178,NULL,'2016-03-27 20:17:17',NULL,'iiiOqybRvsM','golf'),(964,0,49,NULL,'2016-03-27 20:20:47',NULL,'Wa5B22KAkEk','golf'),(967,0,261,NULL,'2016-03-28 19:32:19',NULL,'7-tNUur2YoU','video-game'),(968,61,65,NULL,'2016-03-29 09:04:11',NULL,'Ze7H_MEQVb8','sony-playstation'),(969,61,65,NULL,'2016-03-29 12:02:09',NULL,'Ze7H_MEQVb8','video-game-console'),(973,0,263,NULL,'2016-03-29 21:50:03',NULL,'z3YMxM1_S48','retirement-home'),(974,0,207,NULL,'2016-03-29 21:57:58',NULL,'5wrwcEZ3Btw','alien'),(975,0,304,NULL,'2016-03-29 23:56:59',NULL,'bccKotFwzoY','tennis'),(976,0,236,NULL,'2016-03-30 06:34:13',NULL,'xsBu-FXkhEA','video-game'),(977,143,167,NULL,'2016-03-30 06:37:55',NULL,'xsBu-FXkhEA','tennis'),(978,0,199,NULL,'2016-03-30 06:43:29',NULL,'SPlQpGeTbIE','video-game'),(979,0,252,NULL,'2016-03-30 20:52:23',NULL,'gPefy4xnNpk','video-game'),(980,228,252,NULL,'2016-03-30 20:52:52',NULL,'gPefy4xnNpk','pacman'),(981,0,218,NULL,'2016-03-30 21:02:03',NULL,'Gf3bmQh8_dM','video-game'),(982,5,218,NULL,'2016-03-30 21:02:37',NULL,'Gf3bmQh8_dM','football'),(983,0,254,NULL,'2016-03-30 21:05:53',NULL,'AzyogHbZKX8','video-game'),(984,0,322,NULL,'2016-03-30 21:08:02',NULL,'YlUKcNNmywk','video-game'),(985,5,263,NULL,'2016-03-30 21:10:16',NULL,'LZIc8VSonVY','video-game'),(986,37,40,NULL,'2016-03-30 22:13:03',NULL,'RSdKmX2BH7o','star-trek'),(987,43,45,NULL,'2016-03-30 22:13:43',NULL,'RSdKmX2BH7o','star-trek'),(988,68,72,NULL,'2016-03-30 22:14:46',NULL,'RSdKmX2BH7o','star-trek'),(989,84,87,NULL,'2016-03-30 22:15:38',NULL,'RSdKmX2BH7o','star-trek'),(990,21,28,NULL,'2016-03-31 12:53:20',NULL,'eJO5HU_7_1w','pamela-anderson'),(991,0,268,NULL,'2016-03-31 12:54:13',NULL,'eJO5HU_7_1w','hospital'),(992,114,129,NULL,'2016-03-31 12:59:01',NULL,'eJO5HU_7_1w','britney-spears'),(993,238,243,NULL,'2016-03-31 13:00:24',NULL,'eJO5HU_7_1w','britney-spears'),(994,13,25,NULL,'2016-03-31 23:37:42',NULL,'gPefy4xnNpk','beach'),(995,90,108,NULL,'2016-03-31 23:40:16',NULL,'gPefy4xnNpk','theme-park'),(996,141,214,NULL,'2016-03-31 23:41:45',NULL,'gPefy4xnNpk','beach'),(997,63,188,NULL,'2016-04-01 12:44:56',NULL,'ubEublECnMU','priest'),(998,0,255,NULL,'2016-04-01 18:21:35',NULL,'3qQX1XxjoGY','warsaw-university-of-life-sciences-sggw'),(999,0,222,NULL,'2016-04-01 18:27:06',NULL,'TFXlWfzW9Uo','beach'),(1000,0,200,NULL,'2016-04-01 21:13:20',NULL,'egcXvqiho4w','video-game'),(1001,0,171,NULL,'2016-07-15 08:28:37',NULL,'UbQgXeY_zi4','anthropomorphism'),(1002,0,206,NULL,'2016-04-01 21:36:21',NULL,'QwrbyVaC6EU','kids-play---war'),(1003,33,36,NULL,'2016-04-02 08:38:12',NULL,'RSdKmX2BH7o','video-game'),(1004,170,183,NULL,'2016-04-02 08:51:40',NULL,'RSdKmX2BH7o','elvis-presley'),(1005,0,333,NULL,'2016-08-02 06:30:44',NULL,'0AqnCSdkjQ0','boxing'),(1006,0,245,NULL,'2016-04-02 11:42:03',NULL,'1hvEmhWdaXg','american-football'),(1007,4,261,NULL,'2016-04-02 11:47:01',NULL,'zP50Ewh31E4','kendo'),(1008,0,491,NULL,'2016-04-02 23:46:13',NULL,'KlyXNRrsk4A','braces'),(1010,198,210,NULL,'2016-04-02 23:50:35',NULL,'KlyXNRrsk4A','video-game'),(1012,0,284,NULL,'2016-04-03 09:44:44',NULL,'kTHNpusq654','wedding'),(1013,3,70,NULL,'2016-04-03 09:48:35',NULL,'kTHNpusq654','man-in-women-clothes'),(1014,255,279,NULL,'2016-04-03 09:49:58',NULL,'kTHNpusq654','man-in-women-clothes'),(1019,0,237,NULL,'2016-04-04 21:42:48',NULL,'rgc_LRjlbTU','chess'),(1020,0,261,NULL,'2016-04-04 21:45:55',NULL,'0n7uVDQWrYs','chess'),(1021,0,201,NULL,'2016-04-04 21:50:35',NULL,'NfzwM4pdyxU','chess'),(1022,115,118,NULL,'2016-04-04 22:00:02',NULL,'IxkJHX7ukKE','chess'),(1023,122,125,NULL,'2016-04-04 22:01:01',NULL,'IxkJHX7ukKE','chess'),(1024,176,178,NULL,'2016-04-04 22:15:31',NULL,'IxkJHX7ukKE','chess'),(1025,16,34,NULL,'2016-04-04 23:08:59',NULL,'hqwU7nv3hTM','chess'),(1026,41,71,NULL,'2016-04-04 23:10:19',NULL,'hqwU7nv3hTM','chess'),(1027,96,105,NULL,'2016-04-04 23:10:55',NULL,'hqwU7nv3hTM','chess'),(1028,117,179,NULL,'2016-04-04 23:13:01',NULL,'hqwU7nv3hTM','chess'),(1029,202,215,NULL,'2016-04-04 23:16:59',NULL,'hqwU7nv3hTM','chess'),(1030,238,247,NULL,'2016-04-04 23:19:13',NULL,'hqwU7nv3hTM','chess'),(1031,0,215,NULL,'2016-04-04 23:31:17',NULL,'Jz2gvAApY2A','chess'),(1032,0,221,NULL,'2016-04-04 23:37:14',NULL,'4emYaDbaJ8w','chess'),(1033,0,247,NULL,'2016-04-04 23:43:50',NULL,'CCIuQKDfkdY','chess'),(1034,0,254,NULL,'2016-04-05 10:08:35',NULL,'i8BGAYXNW74','sport'),(1035,0,333,NULL,'2016-04-05 10:10:01',NULL,'0AqnCSdkjQ0','sport'),(1036,0,225,NULL,'2016-04-06 00:06:32',NULL,'qh9WuPzOjlI','sport'),(1041,0,194,NULL,'2016-04-06 21:21:11',NULL,'sS76eS34Y0c','prison'),(1042,0,180,NULL,'2016-04-06 22:21:17',NULL,'M_Am8bSYIms','fishing'),(1043,0,243,NULL,'2016-04-06 22:26:18',NULL,'mpdcKmaHk_s','bowling'),(1044,0,277,NULL,'2016-04-06 23:00:43',NULL,'o4OD3IHs5jU','wrestling'),(1048,20,316,NULL,'2016-07-15 08:28:42',NULL,'mmi60Bd4jSs','anthropomorphism'),(1049,0,301,NULL,'2016-04-08 08:44:33',NULL,'UDApZhXTpH8','pimp'),(1050,182,222,NULL,'2016-04-09 11:06:05',NULL,'TFXlWfzW9Uo','beach'),(1051,0,198,NULL,'2016-04-09 19:00:18',NULL,'T97Ft3J48IU','johnny-bravo'),(1052,6,17,NULL,'2016-04-09 19:01:44',NULL,'T97Ft3J48IU','ufo'),(1055,0,371,NULL,'2016-04-11 19:42:04',NULL,'6oqXVx3sBOk','anthropomorphism'),(1056,21,26,NULL,'2016-08-02 06:30:44',NULL,'98WtmW-lfeE','boxing'),(1057,0,216,NULL,'2016-04-14 15:13:13',NULL,'jqYxyd1iSNk','lyric-video'),(1058,0,224,NULL,'2016-04-18 07:13:42',NULL,'fH41vPVIVP0','drugs'),(1061,0,222,NULL,'2016-04-18 21:49:40',NULL,'xAh6fk0KD1c','astronautics'),(1062,111,114,NULL,'2016-04-18 22:06:45',NULL,'xAh6fk0KD1c','ron-jeremy'),(1088,0,383,NULL,'2016-04-22 23:05:48',NULL,'hRXc_-c_9Xc','man-in-women-clothes'),(1089,0,557,NULL,'2016-04-22 23:38:16',NULL,'LeiFF0gvqcc','ancient-egypt'),(1090,260,308,NULL,'2016-04-22 23:48:39',NULL,'WdgLMslbDuY','back-to-the-future'),(1094,0,223,NULL,'2016-04-24 08:58:46',NULL,'K2Y265KZR4g','drugs'),(1095,0,223,NULL,'2016-04-24 08:59:25',NULL,'K2Y265KZR4g','marihuana'),(1102,0,237,NULL,'2016-04-24 16:50:02',NULL,'foE1mO2yM04','drugs'),(1103,0,237,NULL,'2016-04-24 16:50:21',NULL,'foE1mO2yM04','ibiza'),(1104,0,216,NULL,'2016-04-24 16:54:25',NULL,'5yXQJBU8A28','motorcycle'),(1105,0,216,NULL,'2016-04-24 16:54:35',NULL,'5yXQJBU8A28','desert'),(1106,0,216,NULL,'2016-04-24 16:55:07',NULL,'5yXQJBU8A28','cowboy'),(1173,77,203,NULL,'2016-05-01 20:33:13',NULL,'jp_XgZIaopk','atari'),(1179,64,67,NULL,'2016-05-08 15:14:44',NULL,'VCnPe5bBnAU','erich-fromm'),(1180,107,112,NULL,'2016-05-09 12:15:01',NULL,'FG1c7NeofXU','charlie-sheen'),(1181,63,69,NULL,'2016-05-09 12:16:07',NULL,'FG1c7NeofXU','amsterdam'),(1182,0,309,NULL,'2016-05-11 10:16:52',NULL,'Ydx3xjeAyjA','legia-warsaw'),(1183,0,186,NULL,'2016-05-11 10:20:37',NULL,'PCF-B6deZ7Q','warsaw'),(1184,74,79,NULL,'2016-05-11 10:23:12',NULL,'PCF-B6deZ7Q','legia-warsaw'),(1185,0,182,NULL,'2016-05-11 10:25:18',NULL,'Z2i7bR-lNaY','legia-warsaw'),(1186,0,283,NULL,'2016-05-11 10:27:34',NULL,'_rbyY0qvJ84','legia-warsaw'),(1187,93,94,NULL,'2016-05-11 15:52:01',NULL,'YjUk92LSzSo','legia-warsaw'),(1194,74,75,NULL,'2016-05-11 20:42:17',NULL,'grEterXHNW8','legia-warsaw'),(1195,31,42,NULL,'2016-05-11 20:45:58',NULL,'grEterXHNW8','drugs'),(1197,0,234,NULL,'2016-05-14 17:28:30',NULL,'EwlsmPJeBgw','drugs'),(1198,153,156,NULL,'2016-05-15 10:13:38',NULL,'3hOZaTGnHU4','sylvester-stallone'),(1199,0,304,NULL,'2016-05-15 10:32:08',NULL,'jam_t-gj7HM','mike-tyson'),(1200,0,228,NULL,'2016-05-15 20:18:03',NULL,'z63cQKWlDgQ','mike-tyson'),(1201,0,229,NULL,'2016-05-15 20:43:21',NULL,'kMOeTLLeaDU','pamela-anderson'),(1202,0,211,NULL,'2016-05-15 22:06:59',NULL,'1tInbiCG1cI','james-bond'),(1203,222,239,NULL,'2016-05-15 22:28:56',NULL,'MwOchsxVuY0','ron-jeremy'),(1204,122,133,NULL,'2016-05-15 22:32:14',NULL,'BR_DFMUzX4E','ron-jeremy'),(1205,43,45,NULL,'2016-05-15 22:45:57',NULL,'wyx6JDQCslE','ron-jeremy'),(1206,144,146,NULL,'2016-05-16 23:18:53',NULL,'CeMeDihwyrg','ron-jeremy'),(1207,95,97,NULL,'2016-05-17 07:53:05',NULL,'xAh6fk0KD1c','pacman'),(1208,97,98,NULL,'2016-05-17 07:53:40',NULL,'xAh6fk0KD1c','dig-dug'),(1209,98,100,NULL,'2016-05-17 07:54:57',NULL,'xAh6fk0KD1c','donkey-kong'),(1210,16,22,NULL,'2016-05-17 07:59:04',NULL,'oslBwpjxAJ8','ron-jeremy'),(1245,86,98,NULL,'2016-07-11 16:43:10',NULL,'XWCwc1_sYMY','swimming-pool'),(1246,0,179,NULL,'2016-07-11 16:52:20',NULL,'6QFwo57WKwg','swimming-pool'),(1248,32,122,NULL,'2016-07-12 14:25:04',NULL,'dZLfasMPOU4','swimming-pool'),(1249,100,115,NULL,'2016-07-12 14:29:04',NULL,'oKsxPW6i3pM','swimming-pool'),(1250,0,254,NULL,'2016-07-12 14:38:03',NULL,'XNtTEibFvlQ','swimming-pool'),(1251,79,248,NULL,'2016-07-12 14:42:30',NULL,'_JZom_gVfuw','swimming-pool'),(1252,133,165,NULL,'2016-07-12 14:48:45',NULL,'AbPED9bisSc','swimming-pool'),(1253,96,214,NULL,'2016-07-12 14:56:52',NULL,'bIRmyfKOAfM','swimming-pool'),(1254,80,114,NULL,'2016-07-12 17:31:54',NULL,'_ovdm2yX4MA','sisyphus'),(1255,114,190,NULL,'2016-07-12 17:33:47',NULL,'_ovdm2yX4MA','hospital'),(1256,133,174,NULL,'2016-07-13 13:00:33',NULL,'4aeETEoNfOg','swimming-pool'),(1257,82,167,NULL,'2016-07-13 19:14:36',NULL,'5Ft8yL7VLR4','swimming-pool'),(1258,120,140,NULL,'2016-07-13 19:30:02',NULL,'AgFeZr5ptV8','swimming-pool'),(1259,219,235,NULL,'2016-07-13 19:30:57',NULL,'AgFeZr5ptV8','swimming-pool'),(1260,0,201,NULL,'2016-07-13 19:53:50',NULL,'_5XfAYZAA7w','swimming-pool'),(1261,0,222,NULL,'2016-07-13 20:02:24',NULL,'S85vl1xFx1o','swimming-pool'),(1262,211,215,NULL,'2016-07-13 20:07:11',NULL,'YqJAnQTwmJs','swimming-pool'),(1263,20,125,NULL,'2016-07-13 20:12:41',NULL,'vraoiVCDdaM','swimming-pool'),(1264,13,19,NULL,'2016-07-13 20:15:40',NULL,'vraoiVCDdaM','chess'),(1265,0,103,NULL,'2016-07-13 20:33:05',NULL,'HL_WvOly7mY','hugh-hefner'),(1266,98,101,NULL,'2016-07-13 20:34:11',NULL,'HL_WvOly7mY','swimming-pool'),(1267,0,34,NULL,'2016-07-13 20:52:07',NULL,'nIjVuRTm-dc','swimming-pool'),(1268,0,222,NULL,'2016-07-13 21:29:31',NULL,'emGri7i8Y2Y','swimming-pool'),(1269,44,54,NULL,'2016-07-13 22:03:30',NULL,'K7l5ZeVVoCA','basketball'),(1271,22,319,NULL,'2016-07-15 08:13:59',NULL,'UpsKGvPjAgw','danny-devito'),(1272,102,319,NULL,'2016-07-15 08:22:52',NULL,'UpsKGvPjAgw','sumo'),(1273,133,171,NULL,'2016-07-15 08:38:19',NULL,'vVy9Lgpg1m8','swimming-pool'),(1274,102,124,NULL,'2016-07-15 08:36:36',NULL,'vVy9Lgpg1m8','braces'),(1275,0,240,NULL,'2016-07-15 09:45:25',NULL,'LbARTyio_0Q','school'),(1276,217,235,NULL,'2016-07-15 09:49:38',NULL,'LbARTyio_0Q','drugs'),(1277,0,45,NULL,'2016-07-15 09:54:18',NULL,'bsUWK-fixiA','milkman'),(1278,4,37,NULL,'2016-07-15 11:45:12',NULL,'pXRviuL6vMY','tricycle'),(1279,90,114,NULL,'2016-07-15 11:46:14',NULL,'pXRviuL6vMY','tricycle'),(1280,195,217,NULL,'2016-07-15 11:47:55',NULL,'pXRviuL6vMY','tricycle'),(1281,31,41,NULL,'2016-07-15 12:59:29',NULL,'7bO5h71TlMU','motorcycle'),(1282,52,160,NULL,'2016-07-15 13:02:43',NULL,'7bO5h71TlMU','motorcycle'),(1283,0,278,NULL,'2016-07-15 13:26:22',NULL,'JhY9GOhFwN4','motorcycle'),(1284,0,221,NULL,'2016-07-15 13:34:13',NULL,'0l0nzPpvbFs','motorcycle'),(1285,0,38,NULL,'2016-07-15 13:35:50',NULL,'AOBs8dU4Pb8','motorcycle'),(1286,205,258,NULL,'2016-07-15 13:36:36',NULL,'AOBs8dU4Pb8','motorcycle'),(1287,20,213,NULL,'2016-07-15 14:03:57',NULL,'I6kfin-UeAQ','violet-hair'),(1288,0,246,NULL,'2016-07-15 23:17:01',NULL,'kkx-7fsiWgg','laundry'),(1289,0,280,NULL,'2016-07-17 00:59:58',NULL,'DL7-CKirWZE','shopping-mall'),(1290,8,27,NULL,'2016-07-17 01:04:23',NULL,'5NPBIwQyPWE','shopping-mall'),(1291,104,176,NULL,'2016-07-17 09:17:51',NULL,'xat1GVnl8-k','mime'),(1292,64,66,NULL,'2016-07-17 09:22:12',NULL,'xat1GVnl8-k','eiffel-tower'),(1293,0,272,NULL,'2016-07-17 20:05:53',NULL,'0NhqN0KcWAE','airport'),(1294,0,233,NULL,'2016-07-17 20:32:57',NULL,'v0CYB5V9e64','malibu'),(1295,61,68,NULL,'2016-07-18 08:54:41',NULL,'h4UqMyldS7Q','lowrider'),(1296,77,93,NULL,'2016-07-18 08:55:49',NULL,'h4UqMyldS7Q','basketball'),(1297,144,163,NULL,'2016-07-18 09:00:17',NULL,'h4UqMyldS7Q','graveyard'),(1298,247,312,NULL,'2016-07-18 09:03:03',NULL,'h4UqMyldS7Q','police'),(1299,0,77,NULL,'2016-07-18 18:21:22',NULL,'8qImH-0UCHI','morning-wake-up'),(1300,130,132,NULL,'2016-07-18 18:37:55',NULL,'8qImH-0UCHI','roller-skates'),(1301,137,151,NULL,'2016-07-18 18:44:53',NULL,'8qImH-0UCHI','hairdresser'),(1302,15,21,NULL,'2016-07-19 13:56:05',NULL,'ru0K8uYEZWw','hairdresser'),(1303,20,26,NULL,'2016-07-19 13:56:48',NULL,'ru0K8uYEZWw','laundry'),(1304,26,30,NULL,'2016-07-19 13:57:24',NULL,'ru0K8uYEZWw','car-wash'),(1305,41,49,NULL,'2016-07-19 14:00:11',NULL,'ru0K8uYEZWw','supermarket'),(1306,0,212,NULL,'2016-07-21 09:37:10',NULL,'jsbeemdD2rQ','beach'),(1307,0,9,NULL,'2016-07-21 10:10:15',NULL,'lFIIMEe2Ht0','christ-the-redeemer-statue'),(1308,9,200,NULL,'2016-07-21 10:10:40',NULL,'lFIIMEe2Ht0','sport'),(1312,0,243,NULL,'2016-07-21 18:39:36',NULL,'dqZs-DFtx9g','gothic-metal'),(1317,0,263,NULL,'2016-07-21 19:11:15',NULL,'YqJAnQTwmJs','gangsta'),(1326,0,222,NULL,'2016-07-22 05:41:03',NULL,'o66xQUqKzsc','lyric-video'),(1327,0,234,NULL,'2016-07-22 07:48:12',NULL,'3BLj9PVlLEw','rap'),(1329,0,228,NULL,'2016-07-22 09:29:09',NULL,'jZny4yRbkKU','cover'),(1330,0,557,NULL,'2016-07-22 09:30:27',NULL,'LeiFF0gvqcc','eddie-murphy'),(1344,98,100,NULL,'2016-07-23 22:16:23',NULL,'zwS9DxTn5Hs','radom'),(1345,189,191,NULL,'2016-07-23 22:17:47',NULL,'zwS9DxTn5Hs','radom'),(1349,0,233,NULL,'2016-07-24 10:36:47',NULL,'pIHR7rUeGTc','haiti'),(1350,22,51,NULL,'2016-07-24 10:44:40',NULL,'ZB7Xjd34pjo','swimming-pool'),(1351,0,176,NULL,'2016-07-24 14:48:59',NULL,'u38TqU5rAyk','punk'),(1352,0,199,NULL,'2016-07-24 18:15:00',NULL,'_ovdm2yX4MA','fed-up-with-job'),(1353,0,286,NULL,'2016-07-24 18:15:32',NULL,'bek1y2uiQGA','fed-up-with-job'),(1354,0,186,NULL,'2016-07-24 21:26:49',NULL,'2eng2xORfSs','fed-up-with-job'),(1355,0,246,NULL,'2016-07-24 21:55:43',NULL,'mgQV8BBAkqA','fed-up-with-job'),(1357,0,224,NULL,'2016-07-25 14:58:54',NULL,'Jrd25gjyDhE','two-guys-one-girl'),(1358,0,347,NULL,'2016-07-25 14:59:21',NULL,'7tm_zX8Nj2E','two-guys-one-girl'),(1359,0,222,NULL,'2016-07-25 15:02:45',NULL,'mMfxI3r_LyA','two-guys-one-girl'),(1360,181,189,NULL,'2016-07-25 15:05:05',NULL,'mMfxI3r_LyA','broken-car'),(1361,59,62,NULL,'2016-07-25 15:11:29',NULL,'JgHskTnwnd4','the-flintstones'),(1362,45,62,NULL,'2016-07-25 15:26:08',NULL,'Qc9c12q3mrc','hijack'),(1363,0,189,NULL,'2016-07-26 14:26:11',NULL,'a59gmGkq_pw','lyric-video'),(1364,0,213,NULL,'2016-07-28 15:13:59',NULL,'qRK3u5X-N1s','lyric-video'),(1365,0,209,NULL,'2016-07-29 11:39:05',NULL,'ZTEfInwgxVs','bank'),(1366,37,43,NULL,'2016-07-29 11:45:04',NULL,'ZTEfInwgxVs','lamborghini'),(1367,8,156,NULL,'2016-07-30 08:38:35',NULL,'ZyuOYHWWr3U','boxing'),(1368,26,207,NULL,'2016-07-30 10:57:27',NULL,'uuCJDn1L6Ps','boxing'),(1369,0,259,NULL,'2016-08-01 06:19:55',NULL,'c3t9hM6jcbY','lyric-video'),(1371,0,262,NULL,'2016-08-01 07:48:07',NULL,'PT2_F-1esPk','lyric-video'),(1373,103,107,NULL,'2016-08-01 08:43:06',NULL,'PT2_F-1esPk','blink-182'),(1374,0,80,NULL,'2016-08-01 14:56:18',NULL,'YQ1LI-NTa2s','school'),(1375,0,243,NULL,'2016-08-02 13:58:26',NULL,'OzvasAJIHb4','graveyard'),(1376,30,32,NULL,'2016-08-04 06:42:26',NULL,'OzvasAJIHb4','janis-joplin'),(1377,0,322,NULL,'2016-08-04 07:23:31',NULL,'mDU-5jwPKmQ','golf'),(1378,0,322,NULL,'2016-08-04 07:23:46',NULL,'mDU-5jwPKmQ','swimming-pool'),(1379,20,50,NULL,'2016-08-04 07:36:50',NULL,'PJniSb91tvo','stay-away-from-my-daughter'),(1380,2,5,NULL,'2016-08-04 07:50:48',NULL,'3AtDnEC4zak','dinosaur'),(1381,0,25,NULL,'2016-08-04 08:00:41',NULL,'lkN51aqPOzU','snowmobile'),(1382,20,262,NULL,'2016-08-04 15:33:34',NULL,'nYh-n7EOtMA','lyric-video'),(1383,0,243,NULL,'2016-08-05 07:19:12',NULL,'Q4KZaI_jtKs','lyric-video'),(1384,122,248,NULL,'2016-08-06 20:08:01',NULL,'c3t9hM6jcbY','fast-food'),(1385,0,198,NULL,'2016-08-08 07:32:40',NULL,'hdw1uKiTI5c','parachute'),(1386,0,177,NULL,'2016-08-09 20:08:07',NULL,'QNsPI6V4Iec','swimming-pool'),(1387,0,231,NULL,'2016-08-09 20:16:25',NULL,'hTl0F2cKzLk','bowling'),(1388,14,20,NULL,'2016-08-21 10:12:53',NULL,'rhcc1KQlCS4','ford-mustang'),(1389,0,216,NULL,'2016-08-21 10:55:47',NULL,'82cgNJBu_Jk','football'),(1390,0,216,NULL,'2016-08-21 10:56:11',NULL,'82cgNJBu_Jk','sushi'),(1391,0,235,NULL,'2016-08-21 11:04:17',NULL,'aVgptqVwUcQ','garage'),(1392,0,235,NULL,'2016-08-21 11:08:41',NULL,'aVgptqVwUcQ','audi-80'),(1393,0,240,NULL,'2016-08-22 09:06:07',NULL,'XsFneCExrCQ','desert'),(1394,0,240,NULL,'2016-08-22 09:06:25',NULL,'XsFneCExrCQ','coffin'),(1395,0,254,NULL,'2016-08-22 14:57:06',NULL,'HkVS79y4p4Y','lamborghini'),(1396,0,42,NULL,'2016-08-22 14:57:51',NULL,'HkVS79y4p4Y','helicopter'),(1397,0,184,NULL,'2016-08-22 16:13:33',NULL,'HXeYRs_zR6w','lyric-video'),(1401,0,212,NULL,'2016-08-22 16:27:32',NULL,'mg5Bp_Gzs0s','lyric-video'),(1402,232,249,NULL,'2016-08-22 19:54:40',NULL,'HkVS79y4p4Y','swimming-pool'),(1403,0,269,NULL,'2016-08-22 20:24:57',NULL,'hyeYUDqeadQ','katowice'),(1404,0,243,NULL,'2016-08-23 07:59:20',NULL,'Qt6Lkgs0kiU','summer'),(1405,0,234,NULL,'2016-08-23 08:08:13',NULL,'8BMnz4i2dM8','retirement-home'),(1406,0,219,NULL,'2016-08-23 08:25:58',NULL,'_Ri2KEiXlNk','graveyard'),(1407,0,214,NULL,'2016-08-23 09:33:16',NULL,'hv44srAsAo4','beach'),(1408,0,209,NULL,'2016-08-23 12:28:25',NULL,'tkClJp0jSgA','sauna'),(1409,0,209,NULL,'2016-08-23 12:28:33',NULL,'tkClJp0jSgA','alien'),(1410,0,195,NULL,'2016-08-24 08:10:01',NULL,'wl6k_h2drK8','big-red-button'),(1411,0,195,NULL,'2016-08-24 08:10:24',NULL,'wl6k_h2drK8','white-house'),(1412,0,195,NULL,'2016-08-24 08:12:12',NULL,'wl6k_h2drK8','president'),(1413,0,213,NULL,'2016-08-24 13:18:31',NULL,'bN5sl1r_cyY','cygan'),(1414,0,195,NULL,'2016-08-24 17:12:21',NULL,'wl6k_h2drK8','usa-vs-russia'),(1415,0,221,NULL,'2016-08-24 19:25:51',NULL,'hjusmxc8yAQ','lamborghini'),(1416,0,207,NULL,'2016-08-24 19:29:51',NULL,'xKv9cmynyoY','horse'),(1417,0,166,NULL,'2016-08-24 19:34:44',NULL,'ZSgnDb3BsCw','swimming-pool'),(1418,0,253,NULL,'2016-08-26 08:55:53',NULL,'UDCT6ta_54k','drugs'),(1419,0,253,NULL,'2016-08-26 08:58:06',NULL,'UDCT6ta_54k','chevrolet-corvette'),(1420,0,253,NULL,'2016-08-26 09:01:06',NULL,'UDCT6ta_54k','dig-your-own-grave'),(1421,0,253,NULL,'2016-08-26 09:45:13',NULL,'UDCT6ta_54k','construction-worker'),(1422,0,145,NULL,'2016-08-26 09:47:15',NULL,'aZcSCT34H84','construction-worker'),(1448,26,28,NULL,'2016-08-29 12:20:59',NULL,'hyeYUDqeadQ','spodek'),(1457,43,46,NULL,'2016-08-29 12:55:26',NULL,'hyeYUDqeadQ','hans-christian-andersen'),(1460,64,67,NULL,'2016-08-29 12:57:18',NULL,'hyeYUDqeadQ','j-r-r-tolkien'),(1462,150,153,NULL,'2016-08-29 13:07:18',NULL,'hyeYUDqeadQ','kamasutra'),(1464,138,141,NULL,'2016-08-29 13:35:05',NULL,'hyeYUDqeadQ','hammurabi'),(1465,162,165,NULL,'2016-08-29 13:50:47',NULL,'hyeYUDqeadQ','star-wars'),(1473,0,192,NULL,'2016-08-29 16:09:04',NULL,'ecP-XLv1Rv0','lyric-video'),(1474,0,295,NULL,'2016-08-31 06:58:14',NULL,'a4NYSwNAo08','desert'),(1475,0,295,NULL,'2016-08-31 07:03:53',NULL,'a4NYSwNAo08','dubai'),(1476,0,295,NULL,'2016-08-31 07:04:04',NULL,'a4NYSwNAo08','camel'),(1477,0,295,NULL,'2016-08-31 07:04:14',NULL,'a4NYSwNAo08','tiger'),(1478,0,295,NULL,'2016-08-31 07:09:53',NULL,'a4NYSwNAo08','paragliding'),(1479,0,218,NULL,'2016-09-01 07:13:47',NULL,'jtL3Jsl2ieE','animal-farm'),(1480,0,238,NULL,'2016-09-01 12:30:10',NULL,'SXiSVQZLje8','excersise-bike'),(1484,0,433,NULL,'2016-09-06 05:17:34',NULL,'XXlZfc1TrD0','pikachu'),(1485,0,433,NULL,'2016-09-06 05:31:43',NULL,'XXlZfc1TrD0','looney-tunes'),(1486,0,433,NULL,'2016-09-06 05:31:51',NULL,'XXlZfc1TrD0','drugs'),(1493,0,416,NULL,'2016-09-06 08:09:40',NULL,'HcXNPI-IPPM','pikachu'),(1495,314,357,NULL,'2016-09-06 08:12:57',NULL,'HcXNPI-IPPM','bmw'),(1496,357,371,NULL,'2016-09-06 08:14:17',NULL,'HcXNPI-IPPM','subaru'),(1498,386,408,NULL,'2016-09-06 08:15:38',NULL,'HcXNPI-IPPM','bmw'),(1500,158,187,NULL,'2016-09-06 08:19:36',NULL,'HcXNPI-IPPM','mr-t'),(1501,89,136,NULL,'2016-09-06 08:35:16',NULL,'XXlZfc1TrD0','subaru'),(1502,147,157,NULL,'2016-09-06 08:36:30',NULL,'XXlZfc1TrD0','subaru'),(1503,347,385,NULL,'2016-09-06 08:37:55',NULL,'XXlZfc1TrD0','subaru'),(1504,105,108,NULL,'2016-09-06 09:09:08',NULL,'JvMXVHVr72A','subaru'),(1505,126,129,NULL,'2016-09-06 09:16:09',NULL,'qSMnrAJpEeo','subaru'),(1506,138,155,NULL,'2016-09-06 09:17:03',NULL,'qSMnrAJpEeo','subaru'),(1509,83,90,NULL,'2016-09-06 09:23:36',NULL,'wESgcExetso','subaru'),(1511,0,294,NULL,'2016-09-08 08:18:33',NULL,'wltRoy_rxMQ','home-army-ak'),(1513,0,333,NULL,'2016-09-10 17:03:37',NULL,'KXUuxMYBm8k','boxing'),(1514,0,251,NULL,'2016-09-11 08:52:40',NULL,'3Yuqxl284cg','bmw'),(1515,0,275,NULL,'2016-09-13 07:38:04',NULL,'bfPWRV1tOrY','mercedes'),(1516,123,126,NULL,'2016-09-13 08:27:05',NULL,'qrO4YZeyl0I','nintendo-wii'),(1517,130,133,NULL,'2016-09-13 08:27:43',NULL,'qrO4YZeyl0I','nintendo-wii'),(1518,160,164,NULL,'2016-09-13 08:28:54',NULL,'qrO4YZeyl0I','nintendo-wii'),(1520,0,416,NULL,'2016-09-13 09:00:04',NULL,'bkhLzHuUYmo','basketball'),(1525,0,261,NULL,'2016-09-13 15:32:32',NULL,'EgqUJOudrcM','swimming-pool'),(1526,41,56,NULL,'2016-09-17 12:09:53',NULL,'bxWxXncl53U','flute'),(1528,66,103,NULL,'2016-09-17 13:06:22',NULL,'bxWxXncl53U','basketball'),(1530,79,33,NULL,'2016-09-17 13:08:10',NULL,'bxWxXncl53U','bike'),(1532,79,17,NULL,'2016-09-17 13:08:39',NULL,'bxWxXncl53U','hairdresser'),(1534,0,222,NULL,'2016-09-18 22:45:31',NULL,'sJiRwDgZbjM','boxing'),(1535,0,222,NULL,'2016-09-18 22:46:19',NULL,'sJiRwDgZbjM','dariusz-michalczewski'),(1536,13,16,NULL,'2016-09-19 14:35:39',NULL,'aAVRd5q8Ltg','popeye'),(1538,34,36,NULL,'2016-09-19 14:37:03',NULL,'aAVRd5q8Ltg','spider-man'),(1540,0,197,NULL,'2016-09-19 14:39:17',NULL,'aAVRd5q8Ltg','climbing'),(1541,0,243,NULL,'2016-09-20 14:01:28',NULL,'gbHTaPk8Qmk','popeye'),(1542,0,351,NULL,'2016-09-23 09:40:28',NULL,'cNAdtkSjSps','pong'),(1543,0,172,NULL,'2016-09-23 09:58:50',NULL,'9Riq6IMqXz8','beer-pong'),(1544,0,255,NULL,'2016-09-23 10:44:46',NULL,'Z8V5GfFeUDs','table-tennis-ping-pong'),(1545,0,302,NULL,'2016-09-23 10:48:30',NULL,'UqON44CLaQM','table-tennis-ping-pong'),(1546,0,326,NULL,'2016-09-23 10:56:20',NULL,'XIictPv-5MI','pong'),(1547,0,204,NULL,'2016-09-27 09:29:54',NULL,'CncbXK6vURA','japan'),(1548,0,220,NULL,'2016-09-30 10:58:40',NULL,'MGaEf0CZfbQ','lyric-video'),(1549,0,207,NULL,'2016-10-02 00:41:13',NULL,'SMs0GnYze34','lyric-video'),(1550,0,261,NULL,'2016-10-02 19:41:20',NULL,'QCqAYTMF61I','donald-trump'),(1551,222,247,NULL,'2016-10-02 21:27:31',NULL,'ymNFyxvIdaM','sony-playstation'),(1553,0,230,NULL,'2016-10-03 10:34:17',NULL,'498zUzNGQxY','graveyard'),(1555,0,189,NULL,'2016-10-06 12:40:06',NULL,'iTno21crSsY','desert'),(1557,0,193,NULL,'2016-10-06 20:44:45',NULL,'F82W3tKtr8c','lyric-video'),(1558,0,172,NULL,'2016-10-07 21:55:23',NULL,'L1KworDaCqs','female-bodybuilder'),(1559,0,190,NULL,'2016-10-07 22:00:03',NULL,'0ymI54DuMj8','female-bodybuilder'),(1560,0,287,NULL,'2016-10-07 22:07:13',NULL,'gOb-EjyXRPQ','female-bodybuilder'),(1561,0,241,NULL,'2016-10-07 22:14:09',NULL,'kWbN3-6o3WQ','polar-bear'),(1562,0,299,NULL,'2016-10-07 22:15:30',NULL,'bIIGKV27FaY','polar-bear'),(1564,0,258,NULL,'2016-10-18 22:18:51',NULL,'bw5pi9nUGJ8','elephant'),(1565,0,346,NULL,'2016-10-18 23:07:50',NULL,'CW5oGRx9CLM','first-person-perspective-fpp'),(1566,97,102,NULL,'2016-10-27 07:06:18',NULL,'VASywEuqFd8','pikachu'),(1568,149,173,NULL,'2016-10-27 07:09:28',NULL,'VASywEuqFd8','suicide'),(1570,0,196,NULL,'2016-10-27 07:11:39',NULL,'VASywEuqFd8','mobile-phone-overuse'),(1571,0,287,NULL,'2016-10-27 21:25:10',NULL,'yrfo_KhbgAA','theme-park'),(1572,157,159,NULL,'2016-11-12 12:48:25',NULL,'CeMeDihwyrg','ron-jeremy'),(1573,13,18,NULL,'2016-11-12 14:05:47',NULL,'Oy9V_4im0wg','amsterdam'),(1574,0,190,NULL,'2016-11-12 15:04:59',NULL,'Oy9V_4im0wg','led-shoes'),(1575,68,71,NULL,'2016-11-12 15:07:41',NULL,'Oy9V_4im0wg','basketball'),(1576,120,125,NULL,'2016-11-12 15:09:24',NULL,'Oy9V_4im0wg','basketball'),(1577,0,190,NULL,'2016-11-12 15:23:57',NULL,'Oy9V_4im0wg','skull-face'),(1578,0,172,NULL,'2016-11-12 15:55:29',NULL,'N38hzg4wAho','eagle'),(1579,0,171,NULL,'2016-11-12 15:57:30',NULL,'OyI2q6-B2UE','swimming-pool'),(1580,0,171,NULL,'2016-11-12 15:57:38',NULL,'OyI2q6-B2UE','lyric-video'),(1581,0,294,NULL,'2016-11-14 15:07:27',NULL,'g6DdX51fnxM','wedding'),(1582,0,178,NULL,'2016-11-14 16:55:55',NULL,'eAoqWu6wmfI','lyric-video'),(1583,0,232,NULL,'2016-11-14 16:59:04',NULL,'dMMUH_ZpbB0','lyric-video'),(1584,0,191,NULL,'2016-11-14 17:02:53',NULL,'o10EV4PG40U','lyric-video'),(1585,0,224,NULL,'2016-11-14 17:04:08',NULL,'kf9M5AET4ac','lyric-video'),(1586,225,261,NULL,'2016-11-27 17:10:37',NULL,'PiBX-ESFDF0','food-fight'),(1587,NULL,NULL,NULL,'2018-07-24 22:36:50',NULL,'-nC5TBv3sfU','clay'),(1588,NULL,NULL,NULL,'2018-07-24 22:36:50',NULL,'-nC5TBv3sfU','robocop'),(1589,NULL,NULL,NULL,'2018-07-24 22:36:50',NULL,'-nC5TBv3sfU','friday-the-13th'),(1590,NULL,NULL,NULL,'2018-07-24 22:36:50',NULL,'-nC5TBv3sfU','alien'),(1591,NULL,NULL,NULL,'2018-07-24 22:36:50',NULL,'-nC5TBv3sfU','sylvester-stallone'),(1592,0,275,NULL,'2016-12-15 06:46:59',NULL,'J_8xCOSekog','fiat'),(1593,0,253,NULL,'2016-12-15 06:55:45',NULL,'en2D_5TzXCA','desert'),(1594,0,253,NULL,'2016-12-15 06:57:12',NULL,'en2D_5TzXCA','pink-clothes'),(1595,0,278,NULL,'2016-12-16 06:58:16',NULL,'yuBbGyWSc-c','rolls-royce'),(1596,0,278,NULL,'2016-12-16 07:26:36',NULL,'yuBbGyWSc-c','christmas'),(1597,0,279,NULL,'2016-12-24 14:20:34',NULL,'jfLcPYA3Nlk','man-in-women-clothes'),(1598,138,148,NULL,'2016-12-24 14:27:57',NULL,'jfLcPYA3Nlk','cue-billiard-sports'),(1599,0,250,NULL,'2017-01-01 11:30:29',NULL,'_66jPJVS4JE','new-year'),(1600,0,268,NULL,'2017-01-01 11:33:34',NULL,'3Uo0JAUWijM','new-year'),(1601,0,246,NULL,'2017-01-01 12:05:39',NULL,'aXjhsn59NoI','new-year'),(1602,0,263,NULL,'2017-01-01 12:11:06',NULL,'luUUnuaxIFQ','new-year'),(1603,0,215,NULL,'2017-01-01 12:15:09',NULL,'4T5km19zUG4','new-year'),(1604,0,266,NULL,'2017-01-01 12:16:25',NULL,'_i5fBY3a5Q0','new-year'),(1605,0,241,NULL,'2017-01-01 12:18:11',NULL,'NSgHGFuPNus','new-year'),(1606,0,208,NULL,'2017-01-01 12:20:11',NULL,'IJ-I7S86ASQ','new-year'),(1607,0,277,NULL,'2017-01-01 12:22:54',NULL,'GvXpkH-gl3Q','new-year'),(1608,0,200,NULL,'2017-01-01 12:56:07',NULL,'27R_goWiAAU','new-year'),(1609,0,199,NULL,'2017-01-01 12:59:16',NULL,'jGhZxKDN7P8','new-year'),(1610,0,236,NULL,'2017-01-22 19:29:51',NULL,'_dK2tDK9grQ','lyric-video'),(1611,0,197,NULL,'2017-01-22 19:32:54',NULL,'uEJuoEs1UxY','desert'),(1612,57,197,NULL,'2017-01-22 19:39:48',NULL,'uEJuoEs1UxY','jeep-wrangler'),(1613,0,221,NULL,'2017-02-04 12:19:02',NULL,'qdeWQIM1FgY','skull'),(1614,0,262,NULL,'2017-02-16 07:54:06',NULL,'nYh-n7EOtMA','friday'),(1615,0,247,NULL,'2017-02-16 14:28:11',NULL,'VAWjsVoDpm0','ferrari'),(1616,0,209,NULL,'2017-02-17 21:44:43',NULL,'4zdt32VHO5I','lyric-video'),(1617,0,254,NULL,'2017-02-22 07:28:25',NULL,'papuvlVeZg8','pole-dance'),(1618,0,229,NULL,'2017-02-22 07:30:49',NULL,'RhU9MZ98jxo','lyric-video'),(1619,0,146,NULL,'2017-02-23 10:37:46',NULL,'fC3Cthm0HFU','donut'),(1620,0,209,NULL,'2017-02-23 12:28:09',NULL,'rYuhWd4QI0k','donut'),(1621,0,268,NULL,'2017-02-23 12:32:40',NULL,'ihLdxPLPIKI','donut'),(1623,0,328,NULL,'2017-02-25 09:04:30',NULL,'QetvK6ldl2s','drugs'),(1624,58,140,NULL,'2017-02-25 09:06:52',NULL,'QetvK6ldl2s','karaoke'),(1625,0,8,NULL,'2017-02-28 20:02:13',NULL,'sPLEbAVjiLA','kiss'),(1626,0,248,NULL,'2017-03-13 22:10:25',NULL,'FM7MFYoylVs','lyric-video'),(1627,0,241,NULL,'2017-03-13 22:13:12',NULL,'Um7pMggPnug','theme-park'),(1628,0,241,NULL,'2017-03-13 22:14:26',NULL,'Um7pMggPnug','roller-coaster'),(1629,0,260,NULL,'2017-03-19 13:31:03',NULL,'hi4pzKvuEQM','roller-skates'),(1630,0,213,NULL,'2017-03-23 21:20:44',NULL,'rjr42vJSrcY','bmw'),(1631,0,217,NULL,'2017-03-23 21:55:42',NULL,'7wtfhZwyrcc','boxing'),(1632,146,150,NULL,'2017-03-26 21:38:03',NULL,'JkD0wILd5hE','nintendo-wii'),(1633,0,191,NULL,'2017-03-30 07:13:28',NULL,'Y1_VsyLAGuk','tuesday'),(1634,0,190,NULL,'2017-03-30 09:05:50',NULL,'jGflUbPQfW8','football'),(1635,0,190,NULL,'2017-03-30 09:05:58',NULL,'jGflUbPQfW8','beach'),(1636,0,171,NULL,'2017-04-09 07:44:47',NULL,'sJA3gQ6jmxc','wheelchair'),(1637,135,171,NULL,'2017-04-09 07:50:23',NULL,'sJA3gQ6jmxc','bodycount'),(1638,0,180,NULL,'2017-04-09 19:02:23',NULL,'dwGO-wwKSjg','fitness'),(1639,0,208,NULL,'2017-04-09 19:09:34',NULL,'KDxJlW6cxRk','lyric-video'),(1640,25,239,NULL,'2017-04-09 19:18:55',NULL,'FHCYHldJi_g','first-person-perspective-fpp'),(1641,0,239,NULL,'2018-07-21 03:34:20',NULL,'FHCYHldJi_g','virtual-reality-vr'),(1642,0,191,NULL,'2017-04-09 20:49:11',NULL,'BS46C2z5lVE','thermal-video'),(1643,0,271,NULL,'2017-04-09 20:52:55',NULL,'tZ5Mu2gs-M8','thermal-video'),(1644,0,309,NULL,'2017-04-10 19:44:21',NULL,'t5Sd5c4o9UM','alien'),(1645,0,182,NULL,'2017-04-10 20:23:55',NULL,'lfEVLXu3NXs','laundry'),(1646,338,390,NULL,'2017-04-10 20:28:21',NULL,'SCcVrLcGD7k','go-kart'),(1647,0,213,NULL,'2017-04-11 21:13:46',NULL,'RNuUgbUzM8U','jump-rope'),(1648,0,213,NULL,'2017-04-11 21:16:14',NULL,'RNuUgbUzM8U','basketball'),(1649,0,185,NULL,'2017-04-12 19:42:38',NULL,'Gevj5LNWx6c','hammock'),(1650,0,184,NULL,'2017-04-12 19:52:03',NULL,'tvTRZJ-4EyI','richard-pryor'),(1651,0,184,NULL,'2017-04-12 19:54:29',NULL,'tvTRZJ-4EyI','adobe-photoshop'),(1652,0,215,NULL,'2017-04-13 18:37:09',NULL,'hu9pTGFjA4c','nun'),(1653,0,215,NULL,'2017-04-13 18:37:22',NULL,'hu9pTGFjA4c','jump-rope'),(1654,0,215,NULL,'2017-04-13 18:39:46',NULL,'hu9pTGFjA4c','paperboy'),(1655,0,215,NULL,'2017-04-13 18:40:22',NULL,'hu9pTGFjA4c','basketball'),(1656,0,215,NULL,'2017-04-13 18:42:11',NULL,'hu9pTGFjA4c','beach'),(1657,0,175,NULL,'2017-04-14 06:51:47',NULL,'9GFI6Rf-IkI','american-football'),(1658,0,219,NULL,'2017-04-26 14:22:14',NULL,'jvipPYFebWc','wild-west'),(1659,0,285,NULL,'2017-05-14 07:12:10',NULL,'n6P0SitRwy8','jesus'),(1660,0,238,NULL,'2017-06-25 00:44:56',NULL,'QIc-7BFPwSU','boxing'),(1661,0,216,NULL,'2017-06-26 12:19:24',NULL,'I6kfin-UeAQ','school'),(1662,0,216,NULL,'2017-06-26 12:19:36',NULL,'I6kfin-UeAQ','food-fight'),(1663,0,171,NULL,'2017-06-27 07:16:30',NULL,'sT0g16_LQaQ','cinema'),(1664,0,193,NULL,'2017-07-07 15:19:05',NULL,'06wmI1sto34','video-game'),(1665,212,218,NULL,'2017-07-10 07:45:14',NULL,'Tg-Q-Acv4qs','chess'),(1666,0,283,NULL,'2017-07-10 07:54:50',NULL,'DtVBCG6ThDk','astronautics'),(1667,0,192,NULL,'2017-07-10 14:34:19',NULL,'Jwgf3wmiA04','astronautics'),(1668,0,192,NULL,'2017-07-10 14:34:26',NULL,'Jwgf3wmiA04','nasa'),(1669,0,229,NULL,'2017-07-10 14:43:44',NULL,'dmJefsOErr0','golf'),(1670,0,205,NULL,'2017-07-10 15:01:50',NULL,'ewRjZoRtu0Y','paper-plane'),(1671,176,186,NULL,'2017-07-11 19:59:48',NULL,'zRIbf6JqkNc','car-crash'),(1672,0,284,NULL,'2017-07-13 05:52:40',NULL,'h6KYAVn8ons','army'),(1673,0,195,NULL,'2017-07-16 11:54:19',NULL,'RqcjBLMaWCg','victoria-s-secret'),(1674,0,227,NULL,'2017-07-16 12:03:46',NULL,'X0ZVaFO7cGE','basketball'),(1675,0,227,NULL,'2017-07-16 13:25:36',NULL,'X0ZVaFO7cGE','lyric-video'),(1676,0,261,NULL,'2017-07-16 13:57:36',NULL,'ZAufONAig6w','shoes'),(1677,0,250,NULL,'2017-07-16 14:04:22',NULL,'DPtfsk4ETjM','shoes'),(1678,0,247,NULL,'2017-07-16 14:11:02',NULL,'irxZsKBTXCQ','roller-skates'),(1679,0,222,NULL,'2017-07-16 14:16:19',NULL,'CpaaHXDaRgU','roller-coaster'),(1680,0,222,NULL,'2017-07-16 14:16:27',NULL,'CpaaHXDaRgU','shoes'),(1681,0,202,NULL,'2017-07-16 14:20:45',NULL,'o41A91X5pns','shoes'),(1682,0,224,NULL,'2017-07-16 17:13:58',NULL,'hmbUNF1Q4R8','shoes'),(1683,0,218,NULL,'2017-07-16 17:26:59',NULL,'RM_DON9L5No','shoes'),(1684,76,78,NULL,'2017-07-18 18:34:03',NULL,'ZAufONAig6w','fidget-spinner'),(1686,170,212,NULL,'2017-07-18 18:40:09',NULL,'ZAufONAig6w','mercedes'),(1688,33,36,NULL,'2017-07-18 18:51:16',NULL,'D0LyJqzaT2Q','angry-birds'),(1690,39,42,NULL,'2017-07-18 18:52:38',NULL,'D0LyJqzaT2Q','duke-nukem'),(1695,0,254,NULL,'2017-07-18 19:42:02',NULL,'D0LyJqzaT2Q','nerf'),(1696,192,195,NULL,'2017-07-18 19:44:27',NULL,'D0LyJqzaT2Q','michael-j-fox'),(1698,0,200,NULL,'2017-07-19 14:02:43',NULL,'q76EfgGXvIY','vladimir-putin'),(1699,0,238,NULL,'2017-07-19 14:38:59',NULL,'ayGh05yrZDA','tinder'),(1700,0,238,NULL,'2017-07-19 14:39:08',NULL,'ayGh05yrZDA','ewa-minge'),(1701,0,539,NULL,'2017-11-26 17:12:42',NULL,'p3ELX-nPeVo','boxing'),(1702,0,260,NULL,'2017-11-26 17:12:48',NULL,'N1y27xUPEOE','boxing'),(1703,0,382,NULL,'2017-07-22 14:08:29',NULL,'ifwc5xgI3QM','retirement-home'),(1704,0,235,NULL,'2017-07-23 13:36:22',NULL,'aVK-kiSae2g','xanax'),(1705,0,235,NULL,'2017-07-23 13:36:50',NULL,'aVK-kiSae2g','adderall'),(1706,32,33,NULL,'2017-07-23 16:14:32',NULL,'Wy2w8GtRBKg','leonardo-dicaprio'),(1707,39,44,NULL,'2017-07-23 16:17:56',NULL,'Wy2w8GtRBKg','tinder'),(1708,0,248,NULL,'2017-07-23 16:48:53',NULL,'Wy2w8GtRBKg','breaking-bad'),(1709,0,248,NULL,'2017-07-23 16:49:15',NULL,'Wy2w8GtRBKg','games-of-thrones'),(1710,0,209,NULL,'2017-07-23 19:30:18',NULL,'Wdq_2uBlLTE','xanax'),(1711,0,176,NULL,'2017-07-23 19:44:00',NULL,'MILQ4kOzw3k','lamborghini'),(1712,185,186,NULL,'2017-07-24 14:49:39',NULL,'MLjjMgmWl4A','instagram'),(1714,41,42,NULL,'2017-07-25 07:42:29',NULL,'MLjjMgmWl4A','gucci'),(1715,41,42,NULL,'2017-07-25 07:44:34',NULL,'MLjjMgmWl4A','louis-vuitton'),(1716,42,43,NULL,'2017-07-25 07:48:02',NULL,'MLjjMgmWl4A','yves-saint-laurent'),(1717,0,257,NULL,'2017-07-25 07:53:18',NULL,'MLjjMgmWl4A','szampanskoje-igristoje'),(1718,0,285,NULL,'2017-07-25 23:03:12',NULL,'aJBu5tc_HcA','pablo-escobar'),(1719,0,285,NULL,'2017-07-25 23:03:30',NULL,'aJBu5tc_HcA','men-in-black'),(1720,47,48,NULL,'2017-07-29 19:21:05',NULL,'B0dM1JxSJ5g','reservoir-dogs'),(1721,61,63,NULL,'2017-07-29 19:28:31',NULL,'B0dM1JxSJ5g','asterix'),(1722,0,166,NULL,'2017-07-29 19:32:27',NULL,'B0dM1JxSJ5g','catwoman'),(1723,0,166,NULL,'2017-07-29 19:32:37',NULL,'B0dM1JxSJ5g','batman'),(1724,0,211,NULL,'2017-07-29 19:41:41',NULL,'1lfFF0joUqI','catwoman'),(1725,0,211,NULL,'2017-07-29 19:41:53',NULL,'1lfFF0joUqI','breaking-bad'),(1726,0,287,NULL,'2017-07-29 19:52:46',NULL,'Kk4MqCg7F3s','catwoman'),(1727,120,123,NULL,'2017-07-29 19:55:14',NULL,'Kk4MqCg7F3s','the-sopranos'),(1728,0,262,NULL,'2017-07-31 13:04:07',NULL,'e-ASfL31Dv4','amsterdam'),(1729,133,135,NULL,'2017-07-31 14:42:55',NULL,'Yxz5G4foV0E','the-sopranos'),(1730,0,252,NULL,'2017-08-07 23:15:46',NULL,'p2EFLevSBCI','video-game'),(1731,0,219,NULL,'2017-08-20 10:54:47',NULL,'3tUh-x-fp8Q','sex-cam'),(1732,0,289,NULL,'2017-08-20 11:05:01',NULL,'6366dxFf-Os','drunk'),(1733,22,31,NULL,'2017-08-20 11:18:56',NULL,'ttWQK5VXskA','solarium'),(1734,0,286,NULL,'2017-08-23 21:10:35',NULL,'_zPlr-o-YEQ','kissing'),(1735,0,215,NULL,'2017-08-27 15:55:06',NULL,'3K0RzZGpyds','lyric-video'),(1736,0,209,NULL,'2017-08-30 12:57:23',NULL,'oh2LWWORoiM','being-high'),(1737,0,268,NULL,'2017-08-30 13:33:03',NULL,'eJO5HU_7_1w','midget'),(1738,0,248,NULL,'2017-08-30 13:38:11',NULL,'sNPnbI1arSE','spice-girls'),(1739,80,87,NULL,'2017-08-30 18:17:34',NULL,'oh2LWWORoiM','cue-billiard-sports'),(1740,NULL,NULL,NULL,'2018-07-22 22:41:06',NULL,'FHCYHldJi_g','elephant'),(1741,41,58,NULL,'2017-08-31 21:22:28',NULL,'FHCYHldJi_g','swimming-pool'),(1742,171,173,NULL,'2017-08-31 21:27:35',NULL,'FHCYHldJi_g','personal-water-craft-water-scooter'),(1743,173,175,NULL,'2017-08-31 21:34:38',NULL,'FHCYHldJi_g','bungee-jumping'),(1744,175,179,NULL,'2017-08-31 21:35:46',NULL,'FHCYHldJi_g','kayak'),(1745,179,184,NULL,'2017-08-31 21:37:23',NULL,'FHCYHldJi_g','volleyball'),(1746,0,252,NULL,'2017-09-02 19:43:54',NULL,'NHydngA5C4E','chess'),(1747,0,200,NULL,'2017-09-10 20:33:15',NULL,'fIQVVGJeIzA','roller-skates'),(1748,0,206,NULL,'2017-09-10 20:43:08',NULL,'qh7QJ_jLam0','lyric-video'),(1749,0,317,NULL,'2017-09-20 20:13:12',NULL,'WDaNJW_jEBo','lamborghini'),(1750,0,216,NULL,'2017-09-23 10:08:05',NULL,'RrU2DThhsZI','superhero'),(1751,0,304,NULL,'2017-09-25 12:59:00',NULL,'Q0oIoR9mLwc','skateboarding'),(1752,0,301,NULL,'2017-09-25 13:39:09',NULL,'oDNcL1VP3rY','casting'),(1753,0,199,NULL,'2017-10-03 22:42:02',NULL,'cvChjHcABPA','sos'),(1754,0,239,NULL,'2017-10-04 16:30:25',NULL,'r8BsuT0PWdI','volvo'),(1755,0,263,NULL,'2017-10-09 19:23:53',NULL,'4TV_128Fz2g','cigaret'),(1756,78,92,NULL,'2017-10-10 05:58:43',NULL,'9PnOG67flRA','swimming-pool'),(1757,105,115,NULL,'2017-10-10 05:59:45',NULL,'9PnOG67flRA','ice-cream'),(1758,64,83,NULL,'2017-10-10 06:10:03',NULL,'MsduHmjQlgI','video-arcade'),(1759,0,183,NULL,'2017-10-10 12:03:03',NULL,'9P2w_hq8YTk','deer'),(1760,0,252,NULL,'2017-10-12 14:53:17',NULL,'iQS4oa-dgLY','space'),(1761,0,220,NULL,'2017-10-12 15:03:26',NULL,'Azf0BVBrJ0c','animation'),(1762,0,294,NULL,'2017-10-12 15:06:14',NULL,'Qok9Ialei4c','animation'),(1763,0,294,NULL,'2017-10-12 15:06:43',NULL,'Qok9Ialei4c','motorcycle'),(1764,130,132,NULL,'2017-10-12 15:08:51',NULL,'Qok9Ialei4c','falling-star'),(1765,0,294,NULL,'2017-10-12 15:12:03',NULL,'Qok9Ialei4c','camper-trailer'),(1766,0,201,NULL,'2017-10-12 15:16:22',NULL,'wycjnCCgUes','animation'),(1767,0,201,NULL,'2017-10-12 15:18:06',NULL,'wycjnCCgUes','psychodelic'),(1768,0,308,NULL,'2017-10-12 20:47:03',NULL,'_opF2Dn6Fk4','skateboarding'),(1769,0,308,NULL,'2017-10-12 20:47:42',NULL,'_opF2Dn6Fk4','surfing'),(1770,0,200,NULL,'2017-10-13 11:48:48',NULL,'wzI8XmXvjkY','animation'),(1771,0,257,NULL,'2017-10-17 13:12:21',NULL,'pFptt7Cargc','airport'),(1772,0,210,NULL,'2017-10-18 07:35:59',NULL,'b0eFx5a-FMg','skateboarding'),(1773,0,241,NULL,'2017-10-18 08:08:25',NULL,'xmUZ6nCFNoU','ice-cream'),(1774,0,241,NULL,'2017-10-18 08:09:13',NULL,'xmUZ6nCFNoU','ice-cream-truck'),(1775,0,209,NULL,'2017-10-22 19:09:53',NULL,'hZSrzL-kb38','sea'),(1776,0,276,NULL,'2017-10-24 06:18:46',NULL,'1VQ_3sBZEm0','airplane'),(1777,0,272,NULL,'2017-10-25 07:28:35',NULL,'f4Mc-NYPHaQ','man-in-women-clothes'),(1778,0,257,NULL,'2017-10-26 23:58:52',NULL,'31mlEEs9_Vk','nun'),(1779,158,167,NULL,'2017-10-27 01:01:55',NULL,'P5mtclwloEQ','catwoman'),(1781,15,20,NULL,'2017-10-27 01:09:50',NULL,'3K0RzZGpyds','chess'),(1783,0,318,NULL,'2017-10-29 10:03:00',NULL,'roRcksH2_HQ','swimming-pool'),(1784,0,318,NULL,'2017-10-29 10:03:08',NULL,'roRcksH2_HQ','drugs'),(1785,0,318,NULL,'2017-10-29 10:03:26',NULL,'roRcksH2_HQ','tits'),(1786,161,165,NULL,'2017-10-29 10:05:05',NULL,'roRcksH2_HQ','ron-jeremy'),(1787,0,318,NULL,'2017-10-29 10:08:38',NULL,'roRcksH2_HQ','devil'),(1788,0,186,NULL,'2017-10-29 11:06:29',NULL,'wQRV5omnBBU','snake'),(1789,0,186,NULL,'2017-10-29 11:06:56',NULL,'wQRV5omnBBU','bmw'),(1790,0,211,NULL,'2017-10-29 11:15:10',NULL,'8wRW57nBLMI','wheelchair'),(1791,0,272,NULL,'2017-10-29 12:21:19',NULL,'KDPW_g2AhAU','hiking'),(1792,0,283,NULL,'2017-10-29 22:14:50',NULL,'CJinWua98NA','human-as-animal'),(1793,93,104,NULL,'2017-10-30 07:12:23',NULL,'CJinWua98NA','mini'),(1795,0,213,NULL,'2017-10-31 07:37:22',NULL,'qRK3u5X-N1s','table-tennis-ping-pong'),(1796,0,227,NULL,'2017-11-04 19:21:22',NULL,'I2XfVml6o24','animation'),(1797,0,188,NULL,'2017-11-09 10:33:26',NULL,'VrDfSZ_6f4U','animation'),(1798,0,548,NULL,'2017-11-09 11:49:01',NULL,'8SbUC-UaAxE','church'),(1799,0,177,NULL,'2017-11-09 14:00:15',NULL,'YJ8Z9v4jr_M','basketball'),(1800,0,177,NULL,'2017-11-09 14:00:30',NULL,'YJ8Z9v4jr_M','american-football'),(1801,0,177,NULL,'2017-11-09 14:00:40',NULL,'YJ8Z9v4jr_M','drugs'),(1802,0,255,NULL,'2017-11-09 14:01:19',NULL,'h_kNovMUJ6o','animation'),(1803,0,167,NULL,'2017-11-23 12:40:54',NULL,'nO37LQq_qPM','gym'),(1804,0,167,NULL,'2017-11-23 12:41:23',NULL,'nO37LQq_qPM','arnold-schwarzenegger'),(1805,0,240,NULL,'2017-11-26 15:38:41',NULL,'4Y0OjXN095Q','boxing'),(1806,0,202,NULL,'2017-11-26 18:18:08',NULL,'WWkdUU8Ayfk','boxing'),(1807,0,399,NULL,'2017-11-26 18:19:50',NULL,'YZuHSgjT4JM','boxing'),(1808,0,210,NULL,'2017-12-01 09:37:44',NULL,'lgxOvmzpCts','masturbation'),(1809,0,221,NULL,'2017-11-28 19:47:20',NULL,'pOHQdIDds6s','lamborghini'),(1810,0,196,NULL,'2017-12-01 08:56:16',NULL,'_whGk6HjUAQ','lyric-video'),(1811,0,233,NULL,'2017-12-01 09:02:17',NULL,'0n5kgP-O83k','mixed-martial-arts-mma'),(1812,0,172,NULL,'2017-12-03 12:49:23',NULL,'wtMyRroOS-o','boxing'),(1813,0,130,NULL,'2017-12-05 13:05:23',NULL,'pFoja4b0ZFo','pole-dance'),(1814,0,281,NULL,'2017-12-07 15:25:04',NULL,'OGGwv3Zjq88','chess'),(1815,0,266,NULL,'2017-12-08 15:00:41',NULL,'dGZmNRMjIRk','boxing'),(1816,0,266,NULL,'2017-12-08 15:01:11',NULL,'dGZmNRMjIRk','karate'),(1817,0,302,NULL,'2017-12-08 16:45:56',NULL,'NZmmZobqWG4','lyric-video'),(1818,0,302,NULL,'2017-12-08 16:46:05',NULL,'NZmmZobqWG4','forest'),(1819,0,266,NULL,'2017-12-11 07:11:11',NULL,'bpOSxM0rNPM','animation'),(1820,0,248,NULL,'2017-12-13 01:13:16',NULL,'cVv2ZOXVYkQ','tekken'),(1821,0,248,NULL,'2017-12-13 01:13:23',NULL,'cVv2ZOXVYkQ','chess'),(1822,0,248,NULL,'2017-12-13 01:13:51',NULL,'cVv2ZOXVYkQ','video-game-console'),(1823,0,248,NULL,'2017-12-13 01:17:33',NULL,'cVv2ZOXVYkQ','midas'),(1824,0,233,NULL,'2017-12-22 20:00:26',NULL,'YLMJW62HE8A','lyric-video'),(1825,0,285,NULL,'2017-12-28 07:39:46',NULL,'n6P0SitRwy8','cross'),(1826,0,316,NULL,'2017-12-28 07:41:12',NULL,'6Ejga4kJUts','cross'),(1827,0,316,NULL,'2017-12-28 07:42:16',NULL,'6Ejga4kJUts','military'),(1829,0,6,NULL,'2017-12-29 10:33:28',NULL,'HAWSBEhPiY8','sonic-the-hedgehog'),(1830,211,230,NULL,'2017-12-29 10:34:08',NULL,'HAWSBEhPiY8','sonic-the-hedgehog'),(1831,110,148,NULL,'2017-12-29 15:35:37',NULL,'78yMTyUz_Wk','video-arcade'),(1832,0,285,NULL,'2018-01-01 22:25:12',NULL,'Pjg3AOIbKO4','twerking'),(1833,0,265,NULL,'2018-01-03 12:27:10',NULL,'Od6Y--1jrKY','basketball'),(1834,0,265,NULL,'2018-01-03 12:27:16',NULL,'Od6Y--1jrKY','ford-mustang'),(1835,0,258,NULL,'2018-01-03 12:51:53',NULL,'cgUjuGI4XJM','football'),(1836,0,322,NULL,'2018-01-03 14:24:52',NULL,'ryr75N0nki0','typewriter'),(1837,0,183,NULL,'2018-01-03 14:42:40',NULL,'EbfK7dei7ec','xanax'),(1838,0,242,NULL,'2018-01-09 15:32:29',NULL,'2CXD8PK6Djc','ballet'),(1839,0,227,NULL,'2018-01-11 14:44:05',NULL,'mHWr4WY9o24','sport'),(1840,0,175,NULL,'2018-01-11 17:36:03',NULL,'E2Qe3_gSG8Y','mixed-martial-arts-mma'),(1841,0,200,NULL,'2018-01-11 18:06:39',NULL,'bNEOwb9YA54','ski-jumping'),(1842,50,53,NULL,'2018-01-14 12:37:48',NULL,'Q7JiG2z7pio','patrick-swayze'),(1843,246,248,NULL,'2018-01-14 12:43:43',NULL,'Q7JiG2z7pio','perla-beer'),(1844,251,292,NULL,'2018-01-14 12:45:20',NULL,'Q7JiG2z7pio','rocky-balboa'),(1845,0,311,NULL,'2018-01-14 12:50:09',NULL,'W4ZVTUePMmc','perla-beer'),(1846,0,340,NULL,'2018-01-25 19:03:38',NULL,'-fGoW73hLLg','lyric-video'),(1847,0,340,NULL,'2018-01-28 10:41:21',NULL,'-fGoW73hLLg','adderall'),(1848,0,192,NULL,'2018-01-29 21:37:58',NULL,'352IcwNtYTQ','boxing'),(1849,0,219,NULL,'2018-02-10 21:44:11',NULL,'G005RC4tlVc','lyric-video'),(1850,0,200,NULL,'2018-02-12 09:26:54',NULL,'fQHEBL9Izn0','amiga'),(1851,0,200,NULL,'2018-02-12 09:27:50',NULL,'fQHEBL9Izn0','http-404'),(1852,26,28,NULL,'2018-02-12 09:30:13',NULL,'Bij1mFZv98M','wikipedia'),(1853,0,255,NULL,'2018-02-18 04:07:18',NULL,'r1NSg1_ObSE','rubber-duck'),(1854,0,255,NULL,'2018-02-18 04:07:23',NULL,'r1NSg1_ObSE','pikachu'),(1855,0,415,NULL,'2018-02-18 19:45:38',NULL,'wfWIs2gFTAM','boxing'),(1856,0,189,NULL,'2018-02-19 12:07:29',NULL,'4SxYxzndyGY','playground'),(1857,0,276,NULL,'2018-02-19 12:31:41',NULL,'nLEGbZI3Grc','basketball'),(1858,0,257,NULL,'2018-02-23 16:37:03',NULL,'oZbo4l0BvwQ','golf'),(1859,0,257,NULL,'2018-02-23 16:38:02',NULL,'oZbo4l0BvwQ','table-tennis-ping-pong'),(1860,0,207,NULL,'2018-02-24 08:58:38',NULL,'ftOsgV5s78o','gym'),(1861,0,297,NULL,'2018-02-24 09:04:05',NULL,'42RpIcaGMgM','gym'),(1862,0,166,NULL,'2018-03-02 21:00:54',NULL,'Px6pBgYmd7w','mercedes'),(1863,0,223,NULL,'2018-03-02 21:22:42',NULL,'GjkqNwYEzN0','gucci'),(1864,0,208,NULL,'2018-03-04 09:58:54',NULL,'ZVRxh7mo3iY','alcatraz'),(1865,0,208,NULL,'2018-03-04 10:00:11',NULL,'ZVRxh7mo3iY','taj-mahal'),(1866,0,203,NULL,'2018-03-04 10:05:04',NULL,'WfPu9Jrcpuk','lyric-video'),(1867,0,241,NULL,'2018-03-04 18:50:28',NULL,'kREQJCEfGIY','tic-tac-toe'),(1868,0,196,NULL,'2018-03-07 18:02:16',NULL,'yOV5D5_RZzE','brad-pitt'),(1869,0,196,NULL,'2018-03-07 18:02:24',NULL,'yOV5D5_RZzE','gym'),(1870,0,184,NULL,'2018-03-08 01:51:16',NULL,'RwEZXEU0wRg','swimming-pool'),(1871,0,184,NULL,'2018-03-08 01:51:23',NULL,'RwEZXEU0wRg','boxing'),(1872,0,183,NULL,'2018-03-08 03:20:05',NULL,'AzAtim0o7Sw','muay-thai'),(1873,0,287,NULL,'2018-03-10 09:34:36',NULL,'ikh2r7b8CAI','school'),(1874,0,182,NULL,'2018-03-10 09:38:52',NULL,'p90H575__bY','fiat-126'),(1875,0,217,NULL,'2018-03-10 09:49:30',NULL,'7p7vmwAMYgM','ferrari'),(1876,0,220,NULL,'2018-03-11 12:14:47',NULL,'cl28Dk0I62E','tequila'),(1877,0,220,NULL,'2018-03-11 12:14:56',NULL,'cl28Dk0I62E','bridge'),(1878,0,220,NULL,'2018-03-11 12:15:05',NULL,'cl28Dk0I62E','warsaw'),(1879,0,220,NULL,'2018-03-11 12:16:02',NULL,'cl28Dk0I62E','bmx'),(1880,0,258,NULL,'2018-03-11 21:38:15',NULL,'xc7PZyOaB1s','bmw'),(1881,0,232,NULL,'2018-03-12 17:03:06',NULL,'x9BILEBcx5c','microsoft-windows'),(1882,0,232,NULL,'2018-03-12 17:03:17',NULL,'x9BILEBcx5c','superhero'),(1883,0,232,NULL,'2018-03-12 17:03:31',NULL,'x9BILEBcx5c','hijack'),(1884,0,226,NULL,'2018-03-13 07:50:06',NULL,'HDTl9grOBdw','audi'),(1885,0,230,NULL,'2018-03-13 07:52:33',NULL,'qdmoBy3ud7U','mercedes'),(1886,0,206,NULL,'2018-03-13 07:59:18',NULL,'qalEMMQooNk','mutang'),(1887,0,206,NULL,'2018-03-13 08:04:27',NULL,'qalEMMQooNk','garage'),(1888,0,221,NULL,'2018-03-13 13:40:11',NULL,'wGs4YcVyKtQ','krav-maga'),(1889,0,207,NULL,'2018-03-13 13:43:40',NULL,'0JSt7RCgHic','boxing'),(1890,0,179,NULL,'2018-03-13 21:07:40',NULL,'mkgqJn-Hj98','boxing'),(1891,0,200,NULL,'2018-03-13 21:11:51',NULL,'q76EfgGXvIY','big-red-button'),(1892,0,213,NULL,'2018-03-14 09:07:48',NULL,'BmqfygwiHqg','gym'),(1893,0,274,NULL,'2018-03-15 10:29:52',NULL,'NqULoKkyhnU','dodgeball'),(1894,0,233,NULL,'2018-03-16 10:02:24',NULL,'y6120QOlsfU','pursuit'),(1895,0,176,NULL,'2018-03-16 10:10:41',NULL,'LLyvBHeeono','football'),(1896,118,120,NULL,'2018-03-16 10:31:05',NULL,'oIWV3WKpC2U','chess'),(1898,18,24,NULL,'2018-03-16 10:44:39',NULL,'Evug3WXIdak','chess'),(1900,0,189,NULL,'2018-03-17 08:12:57',NULL,'HPP0yB-_blA','ron-jeremy'),(1901,0,266,NULL,'2018-03-23 07:59:39',NULL,'IUOBnU57f9c','motocross'),(1902,0,222,NULL,'2018-05-05 08:36:04',NULL,'My2FRPA3Gf8','wrecking-ball'),(1903,0,238,NULL,'2018-05-05 08:36:49',NULL,'k1BFHYtZlAU','wrecking-ball'),(1904,0,245,NULL,'2018-05-13 07:29:24',NULL,'TjB-JpeF18s','czech-republic'),(1905,0,206,NULL,'2018-05-20 21:33:28',NULL,'CY8E6N5Nzec','lyric-video'),(1906,0,249,NULL,'2018-05-30 21:33:55',NULL,'5JqY-6q-RNA','lyric-video'),(1907,0,239,NULL,'2018-06-01 23:46:19',NULL,'r8BsuT0PWdI','horse'),(1908,0,239,NULL,'2018-06-01 23:46:30',NULL,'r8BsuT0PWdI','motorcycle'),(1909,0,416,NULL,'2018-06-01 23:54:47',NULL,'HcXNPI-IPPM','motorcycle'),(1910,0,416,NULL,'2018-06-01 23:57:56',NULL,'HcXNPI-IPPM','red-bull'),(1911,0,204,NULL,'2018-06-02 08:05:08',NULL,'xPliEy0-2xI','swimming-pool'),(1912,0,298,NULL,'2018-06-02 08:07:09',NULL,'n_I72uiqwa0','cameron-diaz'),(1913,0,298,NULL,'2018-06-02 08:07:15',NULL,'n_I72uiqwa0','prozac'),(1914,0,432,NULL,'2018-06-02 09:03:46',NULL,'-sNWKbnaFkg','swimming-pool'),(1915,0,432,NULL,'2018-06-02 09:03:52',NULL,'-sNWKbnaFkg','sushi'),(1916,0,177,NULL,'2018-06-02 11:23:28',NULL,'8bdeizHM9OU','arson'),(1917,0,350,NULL,'2018-06-03 08:20:22',NULL,'JeGP5uGMn-g','gym'),(1918,0,350,NULL,'2018-06-03 08:20:27',NULL,'JeGP5uGMn-g','boxing'),(1919,0,350,NULL,'2018-06-03 08:22:23',NULL,'JeGP5uGMn-g','woman-beat-man'),(1920,0,287,NULL,'2018-06-03 08:23:11',NULL,'gOb-EjyXRPQ','woman-beat-man'),(1921,0,202,NULL,'2018-06-03 08:30:09',NULL,'wqi7YGePjZU','beach'),(1922,0,220,NULL,'2018-06-04 09:33:21',NULL,'5GL9JoH4Sws','construction-worker'),(1923,0,220,NULL,'2018-06-04 09:33:29',NULL,'5GL9JoH4Sws','construction-site'),(1924,0,218,NULL,'2018-06-04 09:55:54',NULL,'UprcpdwuwCg','prison'),(1925,0,217,NULL,'2018-06-04 10:03:12',NULL,'7wtfhZwyrcc','dolph-lundgren'),(1926,0,211,NULL,'2018-06-05 20:40:49',NULL,'lVb_t_ao9gw','shop'),(1927,0,211,NULL,'2018-06-05 20:40:56',NULL,'lVb_t_ao9gw','police'),(1928,0,211,NULL,'2018-06-05 20:41:05',NULL,'lVb_t_ao9gw','drug'),(1929,0,211,NULL,'2018-06-05 20:42:49',NULL,'lVb_t_ao9gw','roller-skates'),(1930,0,185,NULL,'2018-06-15 15:43:10',NULL,'dTAAsCNK7RA','electric-treadmill'),(1931,0,251,NULL,'2018-06-16 16:59:31',NULL,'3Yuqxl284cg','car-surfing'),(1932,0,285,NULL,'2018-06-18 15:29:30',NULL,'_i_qxQztHRI','lamborghini'),(1933,0,285,NULL,'2018-06-18 15:37:58',NULL,'_i_qxQztHRI','boxing'),(1934,0,285,NULL,'2018-06-18 15:42:38',NULL,'_i_qxQztHRI','skateboarding'),(1942,NULL,NULL,NULL,'2018-10-29 22:35:20',NULL,'wQRV5omnBBU','swimming-pool'),(1945,0,234,NULL,'2018-10-30 21:38:33',NULL,'SAWzXkV3hHo','japan'),(1946,NULL,NULL,NULL,'2018-10-30 21:38:57',NULL,'SAWzXkV3hHo','karaoke'),(1947,0,244,NULL,'2018-10-31 07:30:01',NULL,'6ZktNItwexo','wedding'),(1948,NULL,NULL,NULL,'2018-10-31 08:41:25',NULL,'qeMFqkcPYcg','cow'),(1949,0,215,NULL,'2018-10-31 08:41:48',NULL,'qeMFqkcPYcg','red-hair'),(1950,0,278,NULL,'2018-10-31 08:43:40',NULL,'iArXv64tCJA','animation'),(1951,NULL,NULL,NULL,'2018-11-01 23:52:36',NULL,'_an3mlqNjjY','virtual-reality-vr'),(1952,NULL,NULL,NULL,'2018-11-01 23:52:49',NULL,'_an3mlqNjjY','shower'),(1953,0,239,NULL,'2018-11-01 23:56:42',NULL,'d7qNZ_QAz0Y','lyric-video'),(1954,0,199,NULL,'2018-11-02 10:32:37',NULL,'BxFvI-zpaRs','lyric-video'),(1955,0,242,NULL,'2018-11-02 15:27:55',NULL,'HL_WvOly7mY','playboy-mansion'),(1956,0,340,NULL,'2018-11-02 18:28:43',NULL,'-fGoW73hLLg','alien'),(1957,90,169,NULL,'2018-11-02 18:54:43',NULL,'FHCYHldJi_g','adobe-photoshop'),(1962,0,340,NULL,'2018-11-02 19:21:05',NULL,'-fGoW73hLLg','american-football'),(1963,NULL,NULL,NULL,'2018-11-02 19:21:31',NULL,'q76EfgGXvIY','airplane'),(1964,NULL,NULL,NULL,'2018-11-03 15:30:34',NULL,'q76EfgGXvIY','marihuana'),(1965,0,340,NULL,'2018-11-03 15:34:49',NULL,'-fGoW73hLLg','animation'),(1966,NULL,NULL,NULL,'2018-11-03 15:44:07',NULL,'ubvV498pyIM','court'),(1967,NULL,NULL,NULL,'2018-11-03 15:44:29',NULL,'ubvV498pyIM','murder'),(1968,17,258,NULL,'2018-11-03 15:56:16',NULL,'bw5pi9nUGJ8','alcatraz'),(1976,42,252,NULL,'2018-11-03 17:49:16',NULL,'bw5pi9nUGJ8','dentist');
/*!40000 ALTER TABLE `video_tag` ENABLE KEYS */;
UNLOCK TABLES;

--
-- Table structure for table `video_tag_complete`
--

DROP TABLE IF EXISTS `video_tag_complete`;
/*!40101 SET @saved_cs_client     = @@character_set_client */;
/*!40101 SET character_set_client = utf8 */;
CREATE TABLE `video_tag_complete` (
  `video_youtube_id` varchar(11) NOT NULL DEFAULT '',
  `tag_slug_id` varchar(255) NOT NULL,
  PRIMARY KEY (`video_youtube_id`,`tag_slug_id`),
  KEY `video_tag_complete_tag_tag_slug_id_fk` (`tag_slug_id`),
  CONSTRAINT `video_tag_complete_tag_tag_slug_id_fk` FOREIGN KEY (`tag_slug_id`) REFERENCES `tag` (`tag_slug_id`),
  CONSTRAINT `video_tag_complete_video_video_youtube_id_fk` FOREIGN KEY (`video_youtube_id`) REFERENCES `video` (`video_youtube_id`)
) ENGINE=InnoDB DEFAULT CHARSET=utf8;
/*!40101 SET character_set_client = @saved_cs_client */;

--
-- Dumping data for table `video_tag_complete`
--

LOCK TABLES `video_tag_complete` WRITE;
/*!40000 ALTER TABLE `video_tag_complete` DISABLE KEYS */;
INSERT INTO `video_tag_complete` VALUES ('3K0RzZGpyds','chess'),('7-tNUur2YoU','excitebike'),('7-tNUur2YoU','q-bert'),('7-tNUur2YoU','sonic-the-hedgehog'),('aAVRd5q8Ltg','popeye'),('aAVRd5q8Ltg','spider-man'),('bxWxXncl53U','basketball'),('bxWxXncl53U','bike'),('bxWxXncl53U','flute'),('bxWxXncl53U','hairdresser'),('CduA0TULnow','space'),('CJinWua98NA','mini'),('D0LyJqzaT2Q','angry-birds'),('D0LyJqzaT2Q','duke-nukem'),('D0LyJqzaT2Q','michael-j-fox'),('Evug3WXIdak','chess'),('HcXNPI-IPPM','bmw'),('HcXNPI-IPPM','subaru'),('hyeYUDqeadQ','hammurabi'),('hyeYUDqeadQ','hans-christian-andersen'),('hyeYUDqeadQ','j-r-r-tolkien'),('hyeYUDqeadQ','kamasutra'),('hyeYUDqeadQ','star-wars'),('IeMvUlxXyz8','bodycount'),('oIWV3WKpC2U','chess'),('P5mtclwloEQ','catwoman'),('Qc9c12q3mrc','hijack'),('qrO4YZeyl0I','nintendo-wii'),('qSMnrAJpEeo','subaru'),('RSdKmX2BH7o','star-trek'),('VASywEuqFd8','pikachu'),('VASywEuqFd8','suicide'),('xAh6fk0KD1c','dig-dug'),('xAh6fk0KD1c','donkey-kong'),('ymNFyxvIdaM','sony-playstation'),('ZAufONAig6w','fidget-spinner'),('ZAufONAig6w','mercedes'),('ZTEfInwgxVs','lamborghini');
/*!40000 ALTER TABLE `video_tag_complete` ENABLE KEYS */;
UNLOCK TABLES;

--
-- Dumping routines for database 'test'
--
/*!50003 DROP FUNCTION IF EXISTS `clean_time` */;
ALTER DATABASE `test` CHARACTER SET latin1 COLLATE latin1_swedish_ci ;
/*!50003 SET @saved_cs_client      = @@character_set_client */ ;
/*!50003 SET @saved_cs_results     = @@character_set_results */ ;
/*!50003 SET @saved_col_connection = @@collation_connection */ ;
/*!50003 SET character_set_client  = utf8mb4 */ ;
/*!50003 SET character_set_results = utf8mb4 */ ;
/*!50003 SET collation_connection  = utf8mb4_general_ci */ ;
/*!50003 SET @saved_sql_mode       = @@sql_mode */ ;
/*!50003 SET sql_mode              = 'NO_AUTO_VALUE_ON_ZERO' */ ;
DELIMITER ;;
CREATE DEFINER=`slk_admin`@`localhost` FUNCTION `clean_time`(`s` INT(5)) RETURNS varchar(11) CHARSET utf8
BEGIN
DECLARE hours, minutes, seconds INT;
SET hours = s DIV 3600;
SET minutes = (s MOD 3600) DIV 60;
SET seconds = s MOD 60;
IF hours > 0 THEN
	RETURN CONCAT_WS(':',hours, LPAD(minutes,2,'0'), LPAD(seconds, 2, '0'));
ELSE
	RETURN CONCAT_WS(':', minutes, LPAD(seconds,2,'0'));
END IF;
END ;;
DELIMITER ;
/*!50003 SET sql_mode              = @saved_sql_mode */ ;
/*!50003 SET character_set_client  = @saved_cs_client */ ;
/*!50003 SET character_set_results = @saved_cs_results */ ;
/*!50003 SET collation_connection  = @saved_col_connection */ ;
ALTER DATABASE `test` CHARACTER SET utf8 COLLATE utf8_general_ci ;
/*!40103 SET TIME_ZONE=@OLD_TIME_ZONE */;

/*!40101 SET SQL_MODE=@OLD_SQL_MODE */;
/*!40014 SET FOREIGN_KEY_CHECKS=@OLD_FOREIGN_KEY_CHECKS */;
/*!40014 SET UNIQUE_CHECKS=@OLD_UNIQUE_CHECKS */;
/*!40101 SET CHARACTER_SET_CLIENT=@OLD_CHARACTER_SET_CLIENT */;
/*!40101 SET CHARACTER_SET_RESULTS=@OLD_CHARACTER_SET_RESULTS */;
/*!40101 SET COLLATION_CONNECTION=@OLD_COLLATION_CONNECTION */;
/*!40111 SET SQL_NOTES=@OLD_SQL_NOTES */;

-- Dump completed on 2018-11-06 21:47:49
